Tipo Agregacao;Gestao;Cod UG;Unidade Gestora;Conta Contabil;Conta Corrente;Saldo Calculado
;000001 - TESOURO                                           ;="130101";130101 - SECR. DE ESTADO DE ECONOMIA DO DF                 ;621910100 - ARRECADAÇÃO REALIZADA LÍQUIDA POR NATUREZA DA RECEITA                 ;16110106100100000                       ;-96,28
;000001 - TESOURO                                           ;="130103";130103 - SEÇÃO DE ORÇAMENTO DA SEEC                        ;622110000 - CRÉDITO DISPONÍVEL                                                    ;11910128846000190336963100000000339047  ;-830000
;000001 - TESOURO                                           ;="130103";130103 - SEÇÃO DE ORÇAMENTO DA SEEC                        ;622510000 - CRÉDITO DISPONÍVEL                                                    ;119101288460001903369630100099999339047 ;-830000
;000001 - TESOURO                                           ;="130103";130103 - SEÇÃO DE ORÇAMENTO DA SEEC                        ;812310201 - A EXECUTAR                                                            ;051972                                  ;-234146,03
;000001 - TESOURO                                           ;="130103";130103 - SEÇÃO DE ORÇAMENTO DA SEEC                        ;812310201 - A EXECUTAR                                                            ;052220                                  ;-79806,03
;000001 - TESOURO                                           ;="130103";130103 - SEÇÃO DE ORÇAMENTO DA SEEC                        ;812310201 - A EXECUTAR                                                            ;052325                                  ;-771,15
;000001 - TESOURO                                           ;="130103";130103 - SEÇÃO DE ORÇAMENTO DA SEEC                        ;812310201 - A EXECUTAR                                                            ;052374                                  ;-9416,22
;000001 - TESOURO                                           ;="130103";130103 - SEÇÃO DE ORÇAMENTO DA SEEC                        ;812310201 - A EXECUTAR                                                            ;052602                                  ;-34013,08
;000001 - TESOURO                                           ;="130103";130103 - SEÇÃO DE ORÇAMENTO DA SEEC                        ;812310201 - A EXECUTAR                                                            ;052603                                  ;-15369,06
;000001 - TESOURO                                           ;="130103";130103 - SEÇÃO DE ORÇAMENTO DA SEEC                        ;812310201 - A EXECUTAR                                                            ;052634                                  ;-84765,57
;000001 - TESOURO                                           ;="150106";150106 - JARDIM BOTÂNICO DE BRASÍLIA                       ;812310401 - A EXECUTAR                                                            ;056600                                  ;-593100
;015201 - FUNDACAO DE APOIO A PESQUISA DO DF                ;="150201";150201 - FUNDAÇÃO DE APOIO A PESQUISA DO DF - FAP          ;721191001 - TRANSFERÊNCIA DISPONIBILIDADE CONTRA PARTIDA                          ;300000000005038                         ;-429569,79
;015201 - FUNDACAO DE APOIO A PESQUISA DO DF                ;="150201";150201 - FUNDAÇÃO DE APOIO A PESQUISA DO DF - FAP          ;721191001 - TRANSFERÊNCIA DISPONIBILIDADE CONTRA PARTIDA                          ;300000000005896                         ;-504149,23
;015201 - FUNDACAO DE APOIO A PESQUISA DO DF                ;="150201";150201 - FUNDAÇÃO DE APOIO A PESQUISA DO DF - FAP          ;721191001 - TRANSFERÊNCIA DISPONIBILIDADE CONTRA PARTIDA                          ;300000000005938                         ;-100000
;015201 - FUNDACAO DE APOIO A PESQUISA DO DF                ;="150201";150201 - FUNDAÇÃO DE APOIO A PESQUISA DO DF - FAP          ;721191001 - TRANSFERÊNCIA DISPONIBILIDADE CONTRA PARTIDA                          ;432005239005239                         ;-10500
;015201 - FUNDACAO DE APOIO A PESQUISA DO DF                ;="150201";150201 - FUNDAÇÃO DE APOIO A PESQUISA DO DF - FAP          ;764910200 - TRANSFERÊNCIAS VOLUNTÁRIAS - ENCAMINHADO PARA ANÁLISE DA ÁREA TÉCNICA ;011695                                  ;-2550
;015201 - FUNDACAO DE APOIO A PESQUISA DO DF                ;="150201";150201 - FUNDAÇÃO DE APOIO A PESQUISA DO DF - FAP          ;764910300 - TRANSFERÊNCIAS VOLU - ENCAMINHADO PARA DECISÃO DO ORDENADOR DE DESPESA;003381                                  ;-26000
;015201 - FUNDACAO DE APOIO A PESQUISA DO DF                ;="150201";150201 - FUNDAÇÃO DE APOIO A PESQUISA DO DF - FAP          ;764910300 - TRANSFERÊNCIAS VOLU - ENCAMINHADO PARA DECISÃO DO ORDENADOR DE DESPESA;003392                                  ;-26000
;015201 - FUNDACAO DE APOIO A PESQUISA DO DF                ;="150201";150201 - FUNDAÇÃO DE APOIO A PESQUISA DO DF - FAP          ;764910300 - TRANSFERÊNCIAS VOLU - ENCAMINHADO PARA DECISÃO DO ORDENADOR DE DESPESA;003408                                  ;-25786,5
;015201 - FUNDACAO DE APOIO A PESQUISA DO DF                ;="150201";150201 - FUNDAÇÃO DE APOIO A PESQUISA DO DF - FAP          ;764910300 - TRANSFERÊNCIAS VOLU - ENCAMINHADO PARA DECISÃO DO ORDENADOR DE DESPESA;003410                                  ;-12456,72
;015201 - FUNDACAO DE APOIO A PESQUISA DO DF                ;="150201";150201 - FUNDAÇÃO DE APOIO A PESQUISA DO DF - FAP          ;764910300 - TRANSFERÊNCIAS VOLU - ENCAMINHADO PARA DECISÃO DO ORDENADOR DE DESPESA;003422                                  ;-96500
;015201 - FUNDACAO DE APOIO A PESQUISA DO DF                ;="150201";150201 - FUNDAÇÃO DE APOIO A PESQUISA DO DF - FAP          ;764910300 - TRANSFERÊNCIAS VOLU - ENCAMINHADO PARA DECISÃO DO ORDENADOR DE DESPESA;003439                                  ;-252000
;015201 - FUNDACAO DE APOIO A PESQUISA DO DF                ;="150201";150201 - FUNDAÇÃO DE APOIO A PESQUISA DO DF - FAP          ;764910300 - TRANSFERÊNCIAS VOLU - ENCAMINHADO PARA DECISÃO DO ORDENADOR DE DESPESA;003521                                  ;-18000
;015201 - FUNDACAO DE APOIO A PESQUISA DO DF                ;="150201";150201 - FUNDAÇÃO DE APOIO A PESQUISA DO DF - FAP          ;764910300 - TRANSFERÊNCIAS VOLU - ENCAMINHADO PARA DECISÃO DO ORDENADOR DE DESPESA;004226                                  ;-49967,52
;015201 - FUNDACAO DE APOIO A PESQUISA DO DF                ;="150201";150201 - FUNDAÇÃO DE APOIO A PESQUISA DO DF - FAP          ;764910300 - TRANSFERÊNCIAS VOLU - ENCAMINHADO PARA DECISÃO DO ORDENADOR DE DESPESA;004269                                  ;-34987,58
;015201 - FUNDACAO DE APOIO A PESQUISA DO DF                ;="150201";150201 - FUNDAÇÃO DE APOIO A PESQUISA DO DF - FAP          ;764910300 - TRANSFERÊNCIAS VOLU - ENCAMINHADO PARA DECISÃO DO ORDENADOR DE DESPESA;004272                                  ;-41000
;015201 - FUNDACAO DE APOIO A PESQUISA DO DF                ;="150201";150201 - FUNDAÇÃO DE APOIO A PESQUISA DO DF - FAP          ;764910300 - TRANSFERÊNCIAS VOLU - ENCAMINHADO PARA DECISÃO DO ORDENADOR DE DESPESA;004302                                  ;-31000
;015201 - FUNDACAO DE APOIO A PESQUISA DO DF                ;="150201";150201 - FUNDAÇÃO DE APOIO A PESQUISA DO DF - FAP          ;764910300 - TRANSFERÊNCIAS VOLU - ENCAMINHADO PARA DECISÃO DO ORDENADOR DE DESPESA;004453                                  ;-90760
;015201 - FUNDACAO DE APOIO A PESQUISA DO DF                ;="150201";150201 - FUNDAÇÃO DE APOIO A PESQUISA DO DF - FAP          ;764910300 - TRANSFERÊNCIAS VOLU - ENCAMINHADO PARA DECISÃO DO ORDENADOR DE DESPESA;004472                                  ;-49800
;015201 - FUNDACAO DE APOIO A PESQUISA DO DF                ;="150201";150201 - FUNDAÇÃO DE APOIO A PESQUISA DO DF - FAP          ;764910300 - TRANSFERÊNCIAS VOLU - ENCAMINHADO PARA DECISÃO DO ORDENADOR DE DESPESA;004479                                  ;-35490
;015201 - FUNDACAO DE APOIO A PESQUISA DO DF                ;="150201";150201 - FUNDAÇÃO DE APOIO A PESQUISA DO DF - FAP          ;764910300 - TRANSFERÊNCIAS VOLU - ENCAMINHADO PARA DECISÃO DO ORDENADOR DE DESPESA;004518                                  ;-1713,24
;015201 - FUNDACAO DE APOIO A PESQUISA DO DF                ;="150201";150201 - FUNDAÇÃO DE APOIO A PESQUISA DO DF - FAP          ;764910300 - TRANSFERÊNCIAS VOLU - ENCAMINHADO PARA DECISÃO DO ORDENADOR DE DESPESA;004705                                  ;-50000
;015201 - FUNDACAO DE APOIO A PESQUISA DO DF                ;="150201";150201 - FUNDAÇÃO DE APOIO A PESQUISA DO DF - FAP          ;764910300 - TRANSFERÊNCIAS VOLU - ENCAMINHADO PARA DECISÃO DO ORDENADOR DE DESPESA;004720                                  ;-47975
;015201 - FUNDACAO DE APOIO A PESQUISA DO DF                ;="150201";150201 - FUNDAÇÃO DE APOIO A PESQUISA DO DF - FAP          ;764910300 - TRANSFERÊNCIAS VOLU - ENCAMINHADO PARA DECISÃO DO ORDENADOR DE DESPESA;004726                                  ;-48550
;015201 - FUNDACAO DE APOIO A PESQUISA DO DF                ;="150201";150201 - FUNDAÇÃO DE APOIO A PESQUISA DO DF - FAP          ;764910300 - TRANSFERÊNCIAS VOLU - ENCAMINHADO PARA DECISÃO DO ORDENADOR DE DESPESA;004830                                  ;-91260
;015201 - FUNDACAO DE APOIO A PESQUISA DO DF                ;="150201";150201 - FUNDAÇÃO DE APOIO A PESQUISA DO DF - FAP          ;764910300 - TRANSFERÊNCIAS VOLU - ENCAMINHADO PARA DECISÃO DO ORDENADOR DE DESPESA;004835                                  ;-150000
;015201 - FUNDACAO DE APOIO A PESQUISA DO DF                ;="150201";150201 - FUNDAÇÃO DE APOIO A PESQUISA DO DF - FAP          ;764910300 - TRANSFERÊNCIAS VOLU - ENCAMINHADO PARA DECISÃO DO ORDENADOR DE DESPESA;004848                                  ;-29880
;015201 - FUNDACAO DE APOIO A PESQUISA DO DF                ;="150201";150201 - FUNDAÇÃO DE APOIO A PESQUISA DO DF - FAP          ;764910300 - TRANSFERÊNCIAS VOLU - ENCAMINHADO PARA DECISÃO DO ORDENADOR DE DESPESA;005451                                  ;-0,03
;015201 - FUNDACAO DE APOIO A PESQUISA DO DF                ;="150201";150201 - FUNDAÇÃO DE APOIO A PESQUISA DO DF - FAP          ;764910300 - TRANSFERÊNCIAS VOLU - ENCAMINHADO PARA DECISÃO DO ORDENADOR DE DESPESA;005476                                  ;-5179,95
;015201 - FUNDACAO DE APOIO A PESQUISA DO DF                ;="150201";150201 - FUNDAÇÃO DE APOIO A PESQUISA DO DF - FAP          ;764910300 - TRANSFERÊNCIAS VOLU - ENCAMINHADO PARA DECISÃO DO ORDENADOR DE DESPESA;005535                                  ;-17404,14
;015201 - FUNDACAO DE APOIO A PESQUISA DO DF                ;="150201";150201 - FUNDAÇÃO DE APOIO A PESQUISA DO DF - FAP          ;764910300 - TRANSFERÊNCIAS VOLU - ENCAMINHADO PARA DECISÃO DO ORDENADOR DE DESPESA;005549                                  ;-297534
;015201 - FUNDACAO DE APOIO A PESQUISA DO DF                ;="150201";150201 - FUNDAÇÃO DE APOIO A PESQUISA DO DF - FAP          ;764910300 - TRANSFERÊNCIAS VOLU - ENCAMINHADO PARA DECISÃO DO ORDENADOR DE DESPESA;005554                                  ;-30180
;015201 - FUNDACAO DE APOIO A PESQUISA DO DF                ;="150201";150201 - FUNDAÇÃO DE APOIO A PESQUISA DO DF - FAP          ;764910300 - TRANSFERÊNCIAS VOLU - ENCAMINHADO PARA DECISÃO DO ORDENADOR DE DESPESA;005653                                  ;-232620,56
;015201 - FUNDACAO DE APOIO A PESQUISA DO DF                ;="150201";150201 - FUNDAÇÃO DE APOIO A PESQUISA DO DF - FAP          ;764910300 - TRANSFERÊNCIAS VOLU - ENCAMINHADO PARA DECISÃO DO ORDENADOR DE DESPESA;005806                                  ;-4876,05
;015201 - FUNDACAO DE APOIO A PESQUISA DO DF                ;="150201";150201 - FUNDAÇÃO DE APOIO A PESQUISA DO DF - FAP          ;764910300 - TRANSFERÊNCIAS VOLU - ENCAMINHADO PARA DECISÃO DO ORDENADOR DE DESPESA;005860                                  ;-4997,48
;015201 - FUNDACAO DE APOIO A PESQUISA DO DF                ;="150201";150201 - FUNDAÇÃO DE APOIO A PESQUISA DO DF - FAP          ;764910300 - TRANSFERÊNCIAS VOLU - ENCAMINHADO PARA DECISÃO DO ORDENADOR DE DESPESA;005917                                  ;-29959
;015201 - FUNDACAO DE APOIO A PESQUISA DO DF                ;="150201";150201 - FUNDAÇÃO DE APOIO A PESQUISA DO DF - FAP          ;764910300 - TRANSFERÊNCIAS VOLU - ENCAMINHADO PARA DECISÃO DO ORDENADOR DE DESPESA;005922                                  ;-35200
;015201 - FUNDACAO DE APOIO A PESQUISA DO DF                ;="150201";150201 - FUNDAÇÃO DE APOIO A PESQUISA DO DF - FAP          ;764910300 - TRANSFERÊNCIAS VOLU - ENCAMINHADO PARA DECISÃO DO ORDENADOR DE DESPESA;005932                                  ;-45000
;015201 - FUNDACAO DE APOIO A PESQUISA DO DF                ;="150201";150201 - FUNDAÇÃO DE APOIO A PESQUISA DO DF - FAP          ;764910300 - TRANSFERÊNCIAS VOLU - ENCAMINHADO PARA DECISÃO DO ORDENADOR DE DESPESA;005971                                  ;-43790
;015201 - FUNDACAO DE APOIO A PESQUISA DO DF                ;="150201";150201 - FUNDAÇÃO DE APOIO A PESQUISA DO DF - FAP          ;764910300 - TRANSFERÊNCIAS VOLU - ENCAMINHADO PARA DECISÃO DO ORDENADOR DE DESPESA;005986                                  ;-29574
;015201 - FUNDACAO DE APOIO A PESQUISA DO DF                ;="150201";150201 - FUNDAÇÃO DE APOIO A PESQUISA DO DF - FAP          ;764910300 - TRANSFERÊNCIAS VOLU - ENCAMINHADO PARA DECISÃO DO ORDENADOR DE DESPESA;005987                                  ;-36004,07
;015201 - FUNDACAO DE APOIO A PESQUISA DO DF                ;="150201";150201 - FUNDAÇÃO DE APOIO A PESQUISA DO DF - FAP          ;764910300 - TRANSFERÊNCIAS VOLU - ENCAMINHADO PARA DECISÃO DO ORDENADOR DE DESPESA;005988                                  ;-14749,4
;015201 - FUNDACAO DE APOIO A PESQUISA DO DF                ;="150201";150201 - FUNDAÇÃO DE APOIO A PESQUISA DO DF - FAP          ;764910300 - TRANSFERÊNCIAS VOLU - ENCAMINHADO PARA DECISÃO DO ORDENADOR DE DESPESA;005997                                  ;-26061
;015201 - FUNDACAO DE APOIO A PESQUISA DO DF                ;="150201";150201 - FUNDAÇÃO DE APOIO A PESQUISA DO DF - FAP          ;764910300 - TRANSFERÊNCIAS VOLU - ENCAMINHADO PARA DECISÃO DO ORDENADOR DE DESPESA;006054                                  ;-6638,58
;015201 - FUNDACAO DE APOIO A PESQUISA DO DF                ;="150201";150201 - FUNDAÇÃO DE APOIO A PESQUISA DO DF - FAP          ;764910300 - TRANSFERÊNCIAS VOLU - ENCAMINHADO PARA DECISÃO DO ORDENADOR DE DESPESA;006107                                  ;-43703,1
;015201 - FUNDACAO DE APOIO A PESQUISA DO DF                ;="150201";150201 - FUNDAÇÃO DE APOIO A PESQUISA DO DF - FAP          ;764910300 - TRANSFERÊNCIAS VOLU - ENCAMINHADO PARA DECISÃO DO ORDENADOR DE DESPESA;006110                                  ;-13231,3
;015201 - FUNDACAO DE APOIO A PESQUISA DO DF                ;="150201";150201 - FUNDAÇÃO DE APOIO A PESQUISA DO DF - FAP          ;764910300 - TRANSFERÊNCIAS VOLU - ENCAMINHADO PARA DECISÃO DO ORDENADOR DE DESPESA;006136                                  ;-1972,24
;015201 - FUNDACAO DE APOIO A PESQUISA DO DF                ;="150201";150201 - FUNDAÇÃO DE APOIO A PESQUISA DO DF - FAP          ;764910300 - TRANSFERÊNCIAS VOLU - ENCAMINHADO PARA DECISÃO DO ORDENADOR DE DESPESA;006152                                  ;-12883,65
;015201 - FUNDACAO DE APOIO A PESQUISA DO DF                ;="150201";150201 - FUNDAÇÃO DE APOIO A PESQUISA DO DF - FAP          ;764910300 - TRANSFERÊNCIAS VOLU - ENCAMINHADO PARA DECISÃO DO ORDENADOR DE DESPESA;006154                                  ;-38000
;015201 - FUNDACAO DE APOIO A PESQUISA DO DF                ;="150201";150201 - FUNDAÇÃO DE APOIO A PESQUISA DO DF - FAP          ;764910300 - TRANSFERÊNCIAS VOLU - ENCAMINHADO PARA DECISÃO DO ORDENADOR DE DESPESA;006194                                  ;-1080,3
;015201 - FUNDACAO DE APOIO A PESQUISA DO DF                ;="150201";150201 - FUNDAÇÃO DE APOIO A PESQUISA DO DF - FAP          ;764910300 - TRANSFERÊNCIAS VOLU - ENCAMINHADO PARA DECISÃO DO ORDENADOR DE DESPESA;006204                                  ;-653,72
;015201 - FUNDACAO DE APOIO A PESQUISA DO DF                ;="150201";150201 - FUNDAÇÃO DE APOIO A PESQUISA DO DF - FAP          ;764910300 - TRANSFERÊNCIAS VOLU - ENCAMINHADO PARA DECISÃO DO ORDENADOR DE DESPESA;006218                                  ;-44850
;015201 - FUNDACAO DE APOIO A PESQUISA DO DF                ;="150201";150201 - FUNDAÇÃO DE APOIO A PESQUISA DO DF - FAP          ;764910300 - TRANSFERÊNCIAS VOLU - ENCAMINHADO PARA DECISÃO DO ORDENADOR DE DESPESA;006239                                  ;-23300,51
;015201 - FUNDACAO DE APOIO A PESQUISA DO DF                ;="150201";150201 - FUNDAÇÃO DE APOIO A PESQUISA DO DF - FAP          ;764910300 - TRANSFERÊNCIAS VOLU - ENCAMINHADO PARA DECISÃO DO ORDENADOR DE DESPESA;006250                                  ;-832,12
;015201 - FUNDACAO DE APOIO A PESQUISA DO DF                ;="150201";150201 - FUNDAÇÃO DE APOIO A PESQUISA DO DF - FAP          ;764910300 - TRANSFERÊNCIAS VOLU - ENCAMINHADO PARA DECISÃO DO ORDENADOR DE DESPESA;006272                                  ;-1978,24
;015201 - FUNDACAO DE APOIO A PESQUISA DO DF                ;="150201";150201 - FUNDAÇÃO DE APOIO A PESQUISA DO DF - FAP          ;764910300 - TRANSFERÊNCIAS VOLU - ENCAMINHADO PARA DECISÃO DO ORDENADOR DE DESPESA;006290                                  ;-48500
;015201 - FUNDACAO DE APOIO A PESQUISA DO DF                ;="150201";150201 - FUNDAÇÃO DE APOIO A PESQUISA DO DF - FAP          ;764910300 - TRANSFERÊNCIAS VOLU - ENCAMINHADO PARA DECISÃO DO ORDENADOR DE DESPESA;006294                                  ;-5561,44
;015201 - FUNDACAO DE APOIO A PESQUISA DO DF                ;="150201";150201 - FUNDAÇÃO DE APOIO A PESQUISA DO DF - FAP          ;764910300 - TRANSFERÊNCIAS VOLU - ENCAMINHADO PARA DECISÃO DO ORDENADOR DE DESPESA;006298                                  ;-30451,3
;015201 - FUNDACAO DE APOIO A PESQUISA DO DF                ;="150201";150201 - FUNDAÇÃO DE APOIO A PESQUISA DO DF - FAP          ;764910300 - TRANSFERÊNCIAS VOLU - ENCAMINHADO PARA DECISÃO DO ORDENADOR DE DESPESA;006309                                  ;-20000
;015201 - FUNDACAO DE APOIO A PESQUISA DO DF                ;="150201";150201 - FUNDAÇÃO DE APOIO A PESQUISA DO DF - FAP          ;764910300 - TRANSFERÊNCIAS VOLU - ENCAMINHADO PARA DECISÃO DO ORDENADOR DE DESPESA;006311                                  ;-2000
;015201 - FUNDACAO DE APOIO A PESQUISA DO DF                ;="150201";150201 - FUNDAÇÃO DE APOIO A PESQUISA DO DF - FAP          ;764910300 - TRANSFERÊNCIAS VOLU - ENCAMINHADO PARA DECISÃO DO ORDENADOR DE DESPESA;006312                                  ;-47640
;015201 - FUNDACAO DE APOIO A PESQUISA DO DF                ;="150201";150201 - FUNDAÇÃO DE APOIO A PESQUISA DO DF - FAP          ;764910300 - TRANSFERÊNCIAS VOLU - ENCAMINHADO PARA DECISÃO DO ORDENADOR DE DESPESA;006331                                  ;-21822,21
;015201 - FUNDACAO DE APOIO A PESQUISA DO DF                ;="150201";150201 - FUNDAÇÃO DE APOIO A PESQUISA DO DF - FAP          ;764910300 - TRANSFERÊNCIAS VOLU - ENCAMINHADO PARA DECISÃO DO ORDENADOR DE DESPESA;006332                                  ;-46177,45
;015201 - FUNDACAO DE APOIO A PESQUISA DO DF                ;="150201";150201 - FUNDAÇÃO DE APOIO A PESQUISA DO DF - FAP          ;764910300 - TRANSFERÊNCIAS VOLU - ENCAMINHADO PARA DECISÃO DO ORDENADOR DE DESPESA;006350                                  ;-41170
;015201 - FUNDACAO DE APOIO A PESQUISA DO DF                ;="150201";150201 - FUNDAÇÃO DE APOIO A PESQUISA DO DF - FAP          ;764910300 - TRANSFERÊNCIAS VOLU - ENCAMINHADO PARA DECISÃO DO ORDENADOR DE DESPESA;006358                                  ;-3500
;015201 - FUNDACAO DE APOIO A PESQUISA DO DF                ;="150201";150201 - FUNDAÇÃO DE APOIO A PESQUISA DO DF - FAP          ;764910300 - TRANSFERÊNCIAS VOLU - ENCAMINHADO PARA DECISÃO DO ORDENADOR DE DESPESA;006373                                  ;-1967,7
;015201 - FUNDACAO DE APOIO A PESQUISA DO DF                ;="150201";150201 - FUNDAÇÃO DE APOIO A PESQUISA DO DF - FAP          ;764910300 - TRANSFERÊNCIAS VOLU - ENCAMINHADO PARA DECISÃO DO ORDENADOR DE DESPESA;006374                                  ;-2710
;015201 - FUNDACAO DE APOIO A PESQUISA DO DF                ;="150201";150201 - FUNDAÇÃO DE APOIO A PESQUISA DO DF - FAP          ;764910300 - TRANSFERÊNCIAS VOLU - ENCAMINHADO PARA DECISÃO DO ORDENADOR DE DESPESA;006376                                  ;-6226,95
;015201 - FUNDACAO DE APOIO A PESQUISA DO DF                ;="150201";150201 - FUNDAÇÃO DE APOIO A PESQUISA DO DF - FAP          ;764910300 - TRANSFERÊNCIAS VOLU - ENCAMINHADO PARA DECISÃO DO ORDENADOR DE DESPESA;006378                                  ;-1969,1
;015201 - FUNDACAO DE APOIO A PESQUISA DO DF                ;="150201";150201 - FUNDAÇÃO DE APOIO A PESQUISA DO DF - FAP          ;764910300 - TRANSFERÊNCIAS VOLU - ENCAMINHADO PARA DECISÃO DO ORDENADOR DE DESPESA;006381                                  ;-2270
;015201 - FUNDACAO DE APOIO A PESQUISA DO DF                ;="150201";150201 - FUNDAÇÃO DE APOIO A PESQUISA DO DF - FAP          ;764910300 - TRANSFERÊNCIAS VOLU - ENCAMINHADO PARA DECISÃO DO ORDENADOR DE DESPESA;006383                                  ;-4850
;015201 - FUNDACAO DE APOIO A PESQUISA DO DF                ;="150201";150201 - FUNDAÇÃO DE APOIO A PESQUISA DO DF - FAP          ;764910300 - TRANSFERÊNCIAS VOLU - ENCAMINHADO PARA DECISÃO DO ORDENADOR DE DESPESA;006411                                  ;-11030
;015201 - FUNDACAO DE APOIO A PESQUISA DO DF                ;="150201";150201 - FUNDAÇÃO DE APOIO A PESQUISA DO DF - FAP          ;764910300 - TRANSFERÊNCIAS VOLU - ENCAMINHADO PARA DECISÃO DO ORDENADOR DE DESPESA;006680                                  ;-6500
;015201 - FUNDACAO DE APOIO A PESQUISA DO DF                ;="150201";150201 - FUNDAÇÃO DE APOIO A PESQUISA DO DF - FAP          ;764910300 - TRANSFERÊNCIAS VOLU - ENCAMINHADO PARA DECISÃO DO ORDENADOR DE DESPESA;006692                                  ;-2680
;015201 - FUNDACAO DE APOIO A PESQUISA DO DF                ;="150201";150201 - FUNDAÇÃO DE APOIO A PESQUISA DO DF - FAP          ;764910300 - TRANSFERÊNCIAS VOLU - ENCAMINHADO PARA DECISÃO DO ORDENADOR DE DESPESA;006707                                  ;-7580
;015201 - FUNDACAO DE APOIO A PESQUISA DO DF                ;="150201";150201 - FUNDAÇÃO DE APOIO A PESQUISA DO DF - FAP          ;764910300 - TRANSFERÊNCIAS VOLU - ENCAMINHADO PARA DECISÃO DO ORDENADOR DE DESPESA;006712                                  ;-7300
;015201 - FUNDACAO DE APOIO A PESQUISA DO DF                ;="150201";150201 - FUNDAÇÃO DE APOIO A PESQUISA DO DF - FAP          ;764910300 - TRANSFERÊNCIAS VOLU - ENCAMINHADO PARA DECISÃO DO ORDENADOR DE DESPESA;006713                                  ;-3600
;015201 - FUNDACAO DE APOIO A PESQUISA DO DF                ;="150201";150201 - FUNDAÇÃO DE APOIO A PESQUISA DO DF - FAP          ;764910300 - TRANSFERÊNCIAS VOLU - ENCAMINHADO PARA DECISÃO DO ORDENADOR DE DESPESA;006714                                  ;-6535,48
;015201 - FUNDACAO DE APOIO A PESQUISA DO DF                ;="150201";150201 - FUNDAÇÃO DE APOIO A PESQUISA DO DF - FAP          ;764910300 - TRANSFERÊNCIAS VOLU - ENCAMINHADO PARA DECISÃO DO ORDENADOR DE DESPESA;006716                                  ;-5780
;015201 - FUNDACAO DE APOIO A PESQUISA DO DF                ;="150201";150201 - FUNDAÇÃO DE APOIO A PESQUISA DO DF - FAP          ;764910300 - TRANSFERÊNCIAS VOLU - ENCAMINHADO PARA DECISÃO DO ORDENADOR DE DESPESA;006725                                  ;-6690
;015201 - FUNDACAO DE APOIO A PESQUISA DO DF                ;="150201";150201 - FUNDAÇÃO DE APOIO A PESQUISA DO DF - FAP          ;764910300 - TRANSFERÊNCIAS VOLU - ENCAMINHADO PARA DECISÃO DO ORDENADOR DE DESPESA;006729                                  ;-1635,9
;015201 - FUNDACAO DE APOIO A PESQUISA DO DF                ;="150201";150201 - FUNDAÇÃO DE APOIO A PESQUISA DO DF - FAP          ;764910300 - TRANSFERÊNCIAS VOLU - ENCAMINHADO PARA DECISÃO DO ORDENADOR DE DESPESA;006734                                  ;-6700
;015201 - FUNDACAO DE APOIO A PESQUISA DO DF                ;="150201";150201 - FUNDAÇÃO DE APOIO A PESQUISA DO DF - FAP          ;764910300 - TRANSFERÊNCIAS VOLU - ENCAMINHADO PARA DECISÃO DO ORDENADOR DE DESPESA;006735                                  ;-1290,05
;015201 - FUNDACAO DE APOIO A PESQUISA DO DF                ;="150201";150201 - FUNDAÇÃO DE APOIO A PESQUISA DO DF - FAP          ;764910300 - TRANSFERÊNCIAS VOLU - ENCAMINHADO PARA DECISÃO DO ORDENADOR DE DESPESA;006748                                  ;-7180
;015201 - FUNDACAO DE APOIO A PESQUISA DO DF                ;="150201";150201 - FUNDAÇÃO DE APOIO A PESQUISA DO DF - FAP          ;764910300 - TRANSFERÊNCIAS VOLU - ENCAMINHADO PARA DECISÃO DO ORDENADOR DE DESPESA;006750                                  ;-1782,19
;015201 - FUNDACAO DE APOIO A PESQUISA DO DF                ;="150201";150201 - FUNDAÇÃO DE APOIO A PESQUISA DO DF - FAP          ;764910300 - TRANSFERÊNCIAS VOLU - ENCAMINHADO PARA DECISÃO DO ORDENADOR DE DESPESA;006753                                  ;-1183,85
;015201 - FUNDACAO DE APOIO A PESQUISA DO DF                ;="150201";150201 - FUNDAÇÃO DE APOIO A PESQUISA DO DF - FAP          ;764910300 - TRANSFERÊNCIAS VOLU - ENCAMINHADO PARA DECISÃO DO ORDENADOR DE DESPESA;006754                                  ;-7150
;015201 - FUNDACAO DE APOIO A PESQUISA DO DF                ;="150201";150201 - FUNDAÇÃO DE APOIO A PESQUISA DO DF - FAP          ;764910300 - TRANSFERÊNCIAS VOLU - ENCAMINHADO PARA DECISÃO DO ORDENADOR DE DESPESA;006755                                  ;-1235
;015201 - FUNDACAO DE APOIO A PESQUISA DO DF                ;="150201";150201 - FUNDAÇÃO DE APOIO A PESQUISA DO DF - FAP          ;764910300 - TRANSFERÊNCIAS VOLU - ENCAMINHADO PARA DECISÃO DO ORDENADOR DE DESPESA;006758                                  ;-4200
;015201 - FUNDACAO DE APOIO A PESQUISA DO DF                ;="150201";150201 - FUNDAÇÃO DE APOIO A PESQUISA DO DF - FAP          ;764910300 - TRANSFERÊNCIAS VOLU - ENCAMINHADO PARA DECISÃO DO ORDENADOR DE DESPESA;006759                                  ;-2239,15
;015201 - FUNDACAO DE APOIO A PESQUISA DO DF                ;="150201";150201 - FUNDAÇÃO DE APOIO A PESQUISA DO DF - FAP          ;764910300 - TRANSFERÊNCIAS VOLU - ENCAMINHADO PARA DECISÃO DO ORDENADOR DE DESPESA;006763                                  ;-7100
;015201 - FUNDACAO DE APOIO A PESQUISA DO DF                ;="150201";150201 - FUNDAÇÃO DE APOIO A PESQUISA DO DF - FAP          ;764910300 - TRANSFERÊNCIAS VOLU - ENCAMINHADO PARA DECISÃO DO ORDENADOR DE DESPESA;006764                                  ;-2803,61
;015201 - FUNDACAO DE APOIO A PESQUISA DO DF                ;="150201";150201 - FUNDAÇÃO DE APOIO A PESQUISA DO DF - FAP          ;764910300 - TRANSFERÊNCIAS VOLU - ENCAMINHADO PARA DECISÃO DO ORDENADOR DE DESPESA;006767                                  ;-5100
;015201 - FUNDACAO DE APOIO A PESQUISA DO DF                ;="150201";150201 - FUNDAÇÃO DE APOIO A PESQUISA DO DF - FAP          ;764910300 - TRANSFERÊNCIAS VOLU - ENCAMINHADO PARA DECISÃO DO ORDENADOR DE DESPESA;006768                                  ;-50138
;015201 - FUNDACAO DE APOIO A PESQUISA DO DF                ;="150201";150201 - FUNDAÇÃO DE APOIO A PESQUISA DO DF - FAP          ;764910300 - TRANSFERÊNCIAS VOLU - ENCAMINHADO PARA DECISÃO DO ORDENADOR DE DESPESA;006769                                  ;-6000
;015201 - FUNDACAO DE APOIO A PESQUISA DO DF                ;="150201";150201 - FUNDAÇÃO DE APOIO A PESQUISA DO DF - FAP          ;764910300 - TRANSFERÊNCIAS VOLU - ENCAMINHADO PARA DECISÃO DO ORDENADOR DE DESPESA;006774                                  ;-4915
;015201 - FUNDACAO DE APOIO A PESQUISA DO DF                ;="150201";150201 - FUNDAÇÃO DE APOIO A PESQUISA DO DF - FAP          ;764910300 - TRANSFERÊNCIAS VOLU - ENCAMINHADO PARA DECISÃO DO ORDENADOR DE DESPESA;006776                                  ;-6507,32
;015201 - FUNDACAO DE APOIO A PESQUISA DO DF                ;="150201";150201 - FUNDAÇÃO DE APOIO A PESQUISA DO DF - FAP          ;764910300 - TRANSFERÊNCIAS VOLU - ENCAMINHADO PARA DECISÃO DO ORDENADOR DE DESPESA;006778                                  ;-4350
;015201 - FUNDACAO DE APOIO A PESQUISA DO DF                ;="150201";150201 - FUNDAÇÃO DE APOIO A PESQUISA DO DF - FAP          ;764910300 - TRANSFERÊNCIAS VOLU - ENCAMINHADO PARA DECISÃO DO ORDENADOR DE DESPESA;006780                                  ;-9100
;015201 - FUNDACAO DE APOIO A PESQUISA DO DF                ;="150201";150201 - FUNDAÇÃO DE APOIO A PESQUISA DO DF - FAP          ;764910300 - TRANSFERÊNCIAS VOLU - ENCAMINHADO PARA DECISÃO DO ORDENADOR DE DESPESA;006781                                  ;-1539,15
;015201 - FUNDACAO DE APOIO A PESQUISA DO DF                ;="150201";150201 - FUNDAÇÃO DE APOIO A PESQUISA DO DF - FAP          ;764910300 - TRANSFERÊNCIAS VOLU - ENCAMINHADO PARA DECISÃO DO ORDENADOR DE DESPESA;006783                                  ;-8156
;015201 - FUNDACAO DE APOIO A PESQUISA DO DF                ;="150201";150201 - FUNDAÇÃO DE APOIO A PESQUISA DO DF - FAP          ;764910300 - TRANSFERÊNCIAS VOLU - ENCAMINHADO PARA DECISÃO DO ORDENADOR DE DESPESA;006784                                  ;-1585,09
;015201 - FUNDACAO DE APOIO A PESQUISA DO DF                ;="150201";150201 - FUNDAÇÃO DE APOIO A PESQUISA DO DF - FAP          ;764910300 - TRANSFERÊNCIAS VOLU - ENCAMINHADO PARA DECISÃO DO ORDENADOR DE DESPESA;006785                                  ;-1899,15
;015201 - FUNDACAO DE APOIO A PESQUISA DO DF                ;="150201";150201 - FUNDAÇÃO DE APOIO A PESQUISA DO DF - FAP          ;764910300 - TRANSFERÊNCIAS VOLU - ENCAMINHADO PARA DECISÃO DO ORDENADOR DE DESPESA;006786                                  ;-2139,15
;015201 - FUNDACAO DE APOIO A PESQUISA DO DF                ;="150201";150201 - FUNDAÇÃO DE APOIO A PESQUISA DO DF - FAP          ;764910300 - TRANSFERÊNCIAS VOLU - ENCAMINHADO PARA DECISÃO DO ORDENADOR DE DESPESA;006787                                  ;-1580,25
;015201 - FUNDACAO DE APOIO A PESQUISA DO DF                ;="150201";150201 - FUNDAÇÃO DE APOIO A PESQUISA DO DF - FAP          ;764910300 - TRANSFERÊNCIAS VOLU - ENCAMINHADO PARA DECISÃO DO ORDENADOR DE DESPESA;006788                                  ;-4395
;015201 - FUNDACAO DE APOIO A PESQUISA DO DF                ;="150201";150201 - FUNDAÇÃO DE APOIO A PESQUISA DO DF - FAP          ;764910300 - TRANSFERÊNCIAS VOLU - ENCAMINHADO PARA DECISÃO DO ORDENADOR DE DESPESA;006790                                  ;-7700
;015201 - FUNDACAO DE APOIO A PESQUISA DO DF                ;="150201";150201 - FUNDAÇÃO DE APOIO A PESQUISA DO DF - FAP          ;764910300 - TRANSFERÊNCIAS VOLU - ENCAMINHADO PARA DECISÃO DO ORDENADOR DE DESPESA;006791                                  ;-4100
;015201 - FUNDACAO DE APOIO A PESQUISA DO DF                ;="150201";150201 - FUNDAÇÃO DE APOIO A PESQUISA DO DF - FAP          ;764910300 - TRANSFERÊNCIAS VOLU - ENCAMINHADO PARA DECISÃO DO ORDENADOR DE DESPESA;006792                                  ;-4843,55
;015201 - FUNDACAO DE APOIO A PESQUISA DO DF                ;="150201";150201 - FUNDAÇÃO DE APOIO A PESQUISA DO DF - FAP          ;764910300 - TRANSFERÊNCIAS VOLU - ENCAMINHADO PARA DECISÃO DO ORDENADOR DE DESPESA;006793                                  ;-5190,86
;015201 - FUNDACAO DE APOIO A PESQUISA DO DF                ;="150201";150201 - FUNDAÇÃO DE APOIO A PESQUISA DO DF - FAP          ;764910300 - TRANSFERÊNCIAS VOLU - ENCAMINHADO PARA DECISÃO DO ORDENADOR DE DESPESA;006795                                  ;-5646,96
;015201 - FUNDACAO DE APOIO A PESQUISA DO DF                ;="150201";150201 - FUNDAÇÃO DE APOIO A PESQUISA DO DF - FAP          ;764910300 - TRANSFERÊNCIAS VOLU - ENCAMINHADO PARA DECISÃO DO ORDENADOR DE DESPESA;006796                                  ;-9000
;015201 - FUNDACAO DE APOIO A PESQUISA DO DF                ;="150201";150201 - FUNDAÇÃO DE APOIO A PESQUISA DO DF - FAP          ;764910300 - TRANSFERÊNCIAS VOLU - ENCAMINHADO PARA DECISÃO DO ORDENADOR DE DESPESA;006797                                  ;-6806,1
;015201 - FUNDACAO DE APOIO A PESQUISA DO DF                ;="150201";150201 - FUNDAÇÃO DE APOIO A PESQUISA DO DF - FAP          ;764910300 - TRANSFERÊNCIAS VOLU - ENCAMINHADO PARA DECISÃO DO ORDENADOR DE DESPESA;006798                                  ;-8900
;015201 - FUNDACAO DE APOIO A PESQUISA DO DF                ;="150201";150201 - FUNDAÇÃO DE APOIO A PESQUISA DO DF - FAP          ;764910300 - TRANSFERÊNCIAS VOLU - ENCAMINHADO PARA DECISÃO DO ORDENADOR DE DESPESA;006808                                  ;-1969,19
;015201 - FUNDACAO DE APOIO A PESQUISA DO DF                ;="150201";150201 - FUNDAÇÃO DE APOIO A PESQUISA DO DF - FAP          ;764910300 - TRANSFERÊNCIAS VOLU - ENCAMINHADO PARA DECISÃO DO ORDENADOR DE DESPESA;006809                                  ;-4658,02
;015201 - FUNDACAO DE APOIO A PESQUISA DO DF                ;="150201";150201 - FUNDAÇÃO DE APOIO A PESQUISA DO DF - FAP          ;764910300 - TRANSFERÊNCIAS VOLU - ENCAMINHADO PARA DECISÃO DO ORDENADOR DE DESPESA;006810                                  ;-4332
;015201 - FUNDACAO DE APOIO A PESQUISA DO DF                ;="150201";150201 - FUNDAÇÃO DE APOIO A PESQUISA DO DF - FAP          ;764910300 - TRANSFERÊNCIAS VOLU - ENCAMINHADO PARA DECISÃO DO ORDENADOR DE DESPESA;006814                                  ;-4450
;015201 - FUNDACAO DE APOIO A PESQUISA DO DF                ;="150201";150201 - FUNDAÇÃO DE APOIO A PESQUISA DO DF - FAP          ;764910300 - TRANSFERÊNCIAS VOLU - ENCAMINHADO PARA DECISÃO DO ORDENADOR DE DESPESA;006816                                  ;-4923,4
;015201 - FUNDACAO DE APOIO A PESQUISA DO DF                ;="150201";150201 - FUNDAÇÃO DE APOIO A PESQUISA DO DF - FAP          ;764910300 - TRANSFERÊNCIAS VOLU - ENCAMINHADO PARA DECISÃO DO ORDENADOR DE DESPESA;006817                                  ;-33762
;015201 - FUNDACAO DE APOIO A PESQUISA DO DF                ;="150201";150201 - FUNDAÇÃO DE APOIO A PESQUISA DO DF - FAP          ;764910300 - TRANSFERÊNCIAS VOLU - ENCAMINHADO PARA DECISÃO DO ORDENADOR DE DESPESA;006818                                  ;-10000
;015201 - FUNDACAO DE APOIO A PESQUISA DO DF                ;="150201";150201 - FUNDAÇÃO DE APOIO A PESQUISA DO DF - FAP          ;764910300 - TRANSFERÊNCIAS VOLU - ENCAMINHADO PARA DECISÃO DO ORDENADOR DE DESPESA;006819                                  ;-3400
;015201 - FUNDACAO DE APOIO A PESQUISA DO DF                ;="150201";150201 - FUNDAÇÃO DE APOIO A PESQUISA DO DF - FAP          ;764910300 - TRANSFERÊNCIAS VOLU - ENCAMINHADO PARA DECISÃO DO ORDENADOR DE DESPESA;006822                                  ;-92800
;015201 - FUNDACAO DE APOIO A PESQUISA DO DF                ;="150201";150201 - FUNDAÇÃO DE APOIO A PESQUISA DO DF - FAP          ;764910300 - TRANSFERÊNCIAS VOLU - ENCAMINHADO PARA DECISÃO DO ORDENADOR DE DESPESA;006823                                  ;-8945
;015201 - FUNDACAO DE APOIO A PESQUISA DO DF                ;="150201";150201 - FUNDAÇÃO DE APOIO A PESQUISA DO DF - FAP          ;764910300 - TRANSFERÊNCIAS VOLU - ENCAMINHADO PARA DECISÃO DO ORDENADOR DE DESPESA;006827                                  ;-21500
;015201 - FUNDACAO DE APOIO A PESQUISA DO DF                ;="150201";150201 - FUNDAÇÃO DE APOIO A PESQUISA DO DF - FAP          ;764910300 - TRANSFERÊNCIAS VOLU - ENCAMINHADO PARA DECISÃO DO ORDENADOR DE DESPESA;006832                                  ;-8270
;015201 - FUNDACAO DE APOIO A PESQUISA DO DF                ;="150201";150201 - FUNDAÇÃO DE APOIO A PESQUISA DO DF - FAP          ;764910300 - TRANSFERÊNCIAS VOLU - ENCAMINHADO PARA DECISÃO DO ORDENADOR DE DESPESA;006833                                  ;-2338,94
;015201 - FUNDACAO DE APOIO A PESQUISA DO DF                ;="150201";150201 - FUNDAÇÃO DE APOIO A PESQUISA DO DF - FAP          ;764910300 - TRANSFERÊNCIAS VOLU - ENCAMINHADO PARA DECISÃO DO ORDENADOR DE DESPESA;006835                                  ;-8400
;015201 - FUNDACAO DE APOIO A PESQUISA DO DF                ;="150201";150201 - FUNDAÇÃO DE APOIO A PESQUISA DO DF - FAP          ;764910300 - TRANSFERÊNCIAS VOLU - ENCAMINHADO PARA DECISÃO DO ORDENADOR DE DESPESA;006837                                  ;-6451
;015201 - FUNDACAO DE APOIO A PESQUISA DO DF                ;="150201";150201 - FUNDAÇÃO DE APOIO A PESQUISA DO DF - FAP          ;764910300 - TRANSFERÊNCIAS VOLU - ENCAMINHADO PARA DECISÃO DO ORDENADOR DE DESPESA;006839                                  ;-6260
;015201 - FUNDACAO DE APOIO A PESQUISA DO DF                ;="150201";150201 - FUNDAÇÃO DE APOIO A PESQUISA DO DF - FAP          ;764910300 - TRANSFERÊNCIAS VOLU - ENCAMINHADO PARA DECISÃO DO ORDENADOR DE DESPESA;006840                                  ;-8605,12
;015201 - FUNDACAO DE APOIO A PESQUISA DO DF                ;="150201";150201 - FUNDAÇÃO DE APOIO A PESQUISA DO DF - FAP          ;764910300 - TRANSFERÊNCIAS VOLU - ENCAMINHADO PARA DECISÃO DO ORDENADOR DE DESPESA;006841                                  ;-52236
;015201 - FUNDACAO DE APOIO A PESQUISA DO DF                ;="150201";150201 - FUNDAÇÃO DE APOIO A PESQUISA DO DF - FAP          ;764910300 - TRANSFERÊNCIAS VOLU - ENCAMINHADO PARA DECISÃO DO ORDENADOR DE DESPESA;006842                                  ;-6168,31
;015201 - FUNDACAO DE APOIO A PESQUISA DO DF                ;="150201";150201 - FUNDAÇÃO DE APOIO A PESQUISA DO DF - FAP          ;764910300 - TRANSFERÊNCIAS VOLU - ENCAMINHADO PARA DECISÃO DO ORDENADOR DE DESPESA;006843                                  ;-8705
;015201 - FUNDACAO DE APOIO A PESQUISA DO DF                ;="150201";150201 - FUNDAÇÃO DE APOIO A PESQUISA DO DF - FAP          ;764910300 - TRANSFERÊNCIAS VOLU - ENCAMINHADO PARA DECISÃO DO ORDENADOR DE DESPESA;006845                                  ;-9980
;015201 - FUNDACAO DE APOIO A PESQUISA DO DF                ;="150201";150201 - FUNDAÇÃO DE APOIO A PESQUISA DO DF - FAP          ;764910300 - TRANSFERÊNCIAS VOLU - ENCAMINHADO PARA DECISÃO DO ORDENADOR DE DESPESA;006846                                  ;-3541,45
;015201 - FUNDACAO DE APOIO A PESQUISA DO DF                ;="150201";150201 - FUNDAÇÃO DE APOIO A PESQUISA DO DF - FAP          ;764910300 - TRANSFERÊNCIAS VOLU - ENCAMINHADO PARA DECISÃO DO ORDENADOR DE DESPESA;006848                                  ;-2575,44
;015201 - FUNDACAO DE APOIO A PESQUISA DO DF                ;="150201";150201 - FUNDAÇÃO DE APOIO A PESQUISA DO DF - FAP          ;764910300 - TRANSFERÊNCIAS VOLU - ENCAMINHADO PARA DECISÃO DO ORDENADOR DE DESPESA;006849                                  ;-8541,25
;015201 - FUNDACAO DE APOIO A PESQUISA DO DF                ;="150201";150201 - FUNDAÇÃO DE APOIO A PESQUISA DO DF - FAP          ;764910300 - TRANSFERÊNCIAS VOLU - ENCAMINHADO PARA DECISÃO DO ORDENADOR DE DESPESA;006850                                  ;-6900
;015201 - FUNDACAO DE APOIO A PESQUISA DO DF                ;="150201";150201 - FUNDAÇÃO DE APOIO A PESQUISA DO DF - FAP          ;764910300 - TRANSFERÊNCIAS VOLU - ENCAMINHADO PARA DECISÃO DO ORDENADOR DE DESPESA;006852                                  ;-5697,36
;015201 - FUNDACAO DE APOIO A PESQUISA DO DF                ;="150201";150201 - FUNDAÇÃO DE APOIO A PESQUISA DO DF - FAP          ;764910300 - TRANSFERÊNCIAS VOLU - ENCAMINHADO PARA DECISÃO DO ORDENADOR DE DESPESA;006853                                  ;-8731,5
;015201 - FUNDACAO DE APOIO A PESQUISA DO DF                ;="150201";150201 - FUNDAÇÃO DE APOIO A PESQUISA DO DF - FAP          ;764910300 - TRANSFERÊNCIAS VOLU - ENCAMINHADO PARA DECISÃO DO ORDENADOR DE DESPESA;006854                                  ;-42409
;015201 - FUNDACAO DE APOIO A PESQUISA DO DF                ;="150201";150201 - FUNDAÇÃO DE APOIO A PESQUISA DO DF - FAP          ;764910300 - TRANSFERÊNCIAS VOLU - ENCAMINHADO PARA DECISÃO DO ORDENADOR DE DESPESA;006856                                  ;-5790,66
;015201 - FUNDACAO DE APOIO A PESQUISA DO DF                ;="150201";150201 - FUNDAÇÃO DE APOIO A PESQUISA DO DF - FAP          ;764910300 - TRANSFERÊNCIAS VOLU - ENCAMINHADO PARA DECISÃO DO ORDENADOR DE DESPESA;006858                                  ;-35884,58
;015201 - FUNDACAO DE APOIO A PESQUISA DO DF                ;="150201";150201 - FUNDAÇÃO DE APOIO A PESQUISA DO DF - FAP          ;764910300 - TRANSFERÊNCIAS VOLU - ENCAMINHADO PARA DECISÃO DO ORDENADOR DE DESPESA;006859                                  ;-6795
;015201 - FUNDACAO DE APOIO A PESQUISA DO DF                ;="150201";150201 - FUNDAÇÃO DE APOIO A PESQUISA DO DF - FAP          ;764910300 - TRANSFERÊNCIAS VOLU - ENCAMINHADO PARA DECISÃO DO ORDENADOR DE DESPESA;006860                                  ;-2233,85
;015201 - FUNDACAO DE APOIO A PESQUISA DO DF                ;="150201";150201 - FUNDAÇÃO DE APOIO A PESQUISA DO DF - FAP          ;764910300 - TRANSFERÊNCIAS VOLU - ENCAMINHADO PARA DECISÃO DO ORDENADOR DE DESPESA;006861                                  ;-4000
;015201 - FUNDACAO DE APOIO A PESQUISA DO DF                ;="150201";150201 - FUNDAÇÃO DE APOIO A PESQUISA DO DF - FAP          ;764910300 - TRANSFERÊNCIAS VOLU - ENCAMINHADO PARA DECISÃO DO ORDENADOR DE DESPESA;006863                                  ;-5400
;015201 - FUNDACAO DE APOIO A PESQUISA DO DF                ;="150201";150201 - FUNDAÇÃO DE APOIO A PESQUISA DO DF - FAP          ;764910300 - TRANSFERÊNCIAS VOLU - ENCAMINHADO PARA DECISÃO DO ORDENADOR DE DESPESA;006864                                  ;-2915,75
;015201 - FUNDACAO DE APOIO A PESQUISA DO DF                ;="150201";150201 - FUNDAÇÃO DE APOIO A PESQUISA DO DF - FAP          ;764910300 - TRANSFERÊNCIAS VOLU - ENCAMINHADO PARA DECISÃO DO ORDENADOR DE DESPESA;006866                                  ;-5300
;015201 - FUNDACAO DE APOIO A PESQUISA DO DF                ;="150201";150201 - FUNDAÇÃO DE APOIO A PESQUISA DO DF - FAP          ;764910300 - TRANSFERÊNCIAS VOLU - ENCAMINHADO PARA DECISÃO DO ORDENADOR DE DESPESA;006870                                  ;-5950,69
;015201 - FUNDACAO DE APOIO A PESQUISA DO DF                ;="150201";150201 - FUNDAÇÃO DE APOIO A PESQUISA DO DF - FAP          ;764910300 - TRANSFERÊNCIAS VOLU - ENCAMINHADO PARA DECISÃO DO ORDENADOR DE DESPESA;006871                                  ;-5700
;015201 - FUNDACAO DE APOIO A PESQUISA DO DF                ;="150201";150201 - FUNDAÇÃO DE APOIO A PESQUISA DO DF - FAP          ;764910300 - TRANSFERÊNCIAS VOLU - ENCAMINHADO PARA DECISÃO DO ORDENADOR DE DESPESA;006873                                  ;-1690,3
;015201 - FUNDACAO DE APOIO A PESQUISA DO DF                ;="150201";150201 - FUNDAÇÃO DE APOIO A PESQUISA DO DF - FAP          ;764910300 - TRANSFERÊNCIAS VOLU - ENCAMINHADO PARA DECISÃO DO ORDENADOR DE DESPESA;006875                                  ;-7010
;015201 - FUNDACAO DE APOIO A PESQUISA DO DF                ;="150201";150201 - FUNDAÇÃO DE APOIO A PESQUISA DO DF - FAP          ;764910300 - TRANSFERÊNCIAS VOLU - ENCAMINHADO PARA DECISÃO DO ORDENADOR DE DESPESA;006876                                  ;-3600
;015201 - FUNDACAO DE APOIO A PESQUISA DO DF                ;="150201";150201 - FUNDAÇÃO DE APOIO A PESQUISA DO DF - FAP          ;764910300 - TRANSFERÊNCIAS VOLU - ENCAMINHADO PARA DECISÃO DO ORDENADOR DE DESPESA;006877                                  ;-1640,3
;015201 - FUNDACAO DE APOIO A PESQUISA DO DF                ;="150201";150201 - FUNDAÇÃO DE APOIO A PESQUISA DO DF - FAP          ;764910300 - TRANSFERÊNCIAS VOLU - ENCAMINHADO PARA DECISÃO DO ORDENADOR DE DESPESA;006878                                  ;-28037,24
;015201 - FUNDACAO DE APOIO A PESQUISA DO DF                ;="150201";150201 - FUNDAÇÃO DE APOIO A PESQUISA DO DF - FAP          ;764910300 - TRANSFERÊNCIAS VOLU - ENCAMINHADO PARA DECISÃO DO ORDENADOR DE DESPESA;006880                                  ;-1972,24
;015201 - FUNDACAO DE APOIO A PESQUISA DO DF                ;="150201";150201 - FUNDAÇÃO DE APOIO A PESQUISA DO DF - FAP          ;764910300 - TRANSFERÊNCIAS VOLU - ENCAMINHADO PARA DECISÃO DO ORDENADOR DE DESPESA;006881                                  ;-4480,27
;015201 - FUNDACAO DE APOIO A PESQUISA DO DF                ;="150201";150201 - FUNDAÇÃO DE APOIO A PESQUISA DO DF - FAP          ;764910300 - TRANSFERÊNCIAS VOLU - ENCAMINHADO PARA DECISÃO DO ORDENADOR DE DESPESA;006884                                  ;-45235
;015201 - FUNDACAO DE APOIO A PESQUISA DO DF                ;="150201";150201 - FUNDAÇÃO DE APOIO A PESQUISA DO DF - FAP          ;764910300 - TRANSFERÊNCIAS VOLU - ENCAMINHADO PARA DECISÃO DO ORDENADOR DE DESPESA;006886                                  ;-6830
;015201 - FUNDACAO DE APOIO A PESQUISA DO DF                ;="150201";150201 - FUNDAÇÃO DE APOIO A PESQUISA DO DF - FAP          ;764910300 - TRANSFERÊNCIAS VOLU - ENCAMINHADO PARA DECISÃO DO ORDENADOR DE DESPESA;006893                                  ;-1960,3
;015201 - FUNDACAO DE APOIO A PESQUISA DO DF                ;="150201";150201 - FUNDAÇÃO DE APOIO A PESQUISA DO DF - FAP          ;764910300 - TRANSFERÊNCIAS VOLU - ENCAMINHADO PARA DECISÃO DO ORDENADOR DE DESPESA;006894                                  ;-6700
;015201 - FUNDACAO DE APOIO A PESQUISA DO DF                ;="150201";150201 - FUNDAÇÃO DE APOIO A PESQUISA DO DF - FAP          ;764910300 - TRANSFERÊNCIAS VOLU - ENCAMINHADO PARA DECISÃO DO ORDENADOR DE DESPESA;006896                                  ;-8605,12
;015201 - FUNDACAO DE APOIO A PESQUISA DO DF                ;="150201";150201 - FUNDAÇÃO DE APOIO A PESQUISA DO DF - FAP          ;764910300 - TRANSFERÊNCIAS VOLU - ENCAMINHADO PARA DECISÃO DO ORDENADOR DE DESPESA;006901                                  ;-5100
;015201 - FUNDACAO DE APOIO A PESQUISA DO DF                ;="150201";150201 - FUNDAÇÃO DE APOIO A PESQUISA DO DF - FAP          ;764910300 - TRANSFERÊNCIAS VOLU - ENCAMINHADO PARA DECISÃO DO ORDENADOR DE DESPESA;006911                                  ;-44500
;015201 - FUNDACAO DE APOIO A PESQUISA DO DF                ;="150201";150201 - FUNDAÇÃO DE APOIO A PESQUISA DO DF - FAP          ;764910300 - TRANSFERÊNCIAS VOLU - ENCAMINHADO PARA DECISÃO DO ORDENADOR DE DESPESA;006912                                  ;-5873,4
;015201 - FUNDACAO DE APOIO A PESQUISA DO DF                ;="150201";150201 - FUNDAÇÃO DE APOIO A PESQUISA DO DF - FAP          ;764910300 - TRANSFERÊNCIAS VOLU - ENCAMINHADO PARA DECISÃO DO ORDENADOR DE DESPESA;006915                                  ;-9020
;015201 - FUNDACAO DE APOIO A PESQUISA DO DF                ;="150201";150201 - FUNDAÇÃO DE APOIO A PESQUISA DO DF - FAP          ;764910300 - TRANSFERÊNCIAS VOLU - ENCAMINHADO PARA DECISÃO DO ORDENADOR DE DESPESA;006921                                  ;-6128,44
;015201 - FUNDACAO DE APOIO A PESQUISA DO DF                ;="150201";150201 - FUNDAÇÃO DE APOIO A PESQUISA DO DF - FAP          ;764910300 - TRANSFERÊNCIAS VOLU - ENCAMINHADO PARA DECISÃO DO ORDENADOR DE DESPESA;006923                                  ;-4880
;015201 - FUNDACAO DE APOIO A PESQUISA DO DF                ;="150201";150201 - FUNDAÇÃO DE APOIO A PESQUISA DO DF - FAP          ;764910300 - TRANSFERÊNCIAS VOLU - ENCAMINHADO PARA DECISÃO DO ORDENADOR DE DESPESA;006925                                  ;-1519,74
;015201 - FUNDACAO DE APOIO A PESQUISA DO DF                ;="150201";150201 - FUNDAÇÃO DE APOIO A PESQUISA DO DF - FAP          ;764910300 - TRANSFERÊNCIAS VOLU - ENCAMINHADO PARA DECISÃO DO ORDENADOR DE DESPESA;006928                                  ;-9155,28
;015201 - FUNDACAO DE APOIO A PESQUISA DO DF                ;="150201";150201 - FUNDAÇÃO DE APOIO A PESQUISA DO DF - FAP          ;764910300 - TRANSFERÊNCIAS VOLU - ENCAMINHADO PARA DECISÃO DO ORDENADOR DE DESPESA;006929                                  ;-5650
;015201 - FUNDACAO DE APOIO A PESQUISA DO DF                ;="150201";150201 - FUNDAÇÃO DE APOIO A PESQUISA DO DF - FAP          ;764910300 - TRANSFERÊNCIAS VOLU - ENCAMINHADO PARA DECISÃO DO ORDENADOR DE DESPESA;006931                                  ;-6490,46
;015201 - FUNDACAO DE APOIO A PESQUISA DO DF                ;="150201";150201 - FUNDAÇÃO DE APOIO A PESQUISA DO DF - FAP          ;764910300 - TRANSFERÊNCIAS VOLU - ENCAMINHADO PARA DECISÃO DO ORDENADOR DE DESPESA;006933                                  ;-3600
;015201 - FUNDACAO DE APOIO A PESQUISA DO DF                ;="150201";150201 - FUNDAÇÃO DE APOIO A PESQUISA DO DF - FAP          ;764910300 - TRANSFERÊNCIAS VOLU - ENCAMINHADO PARA DECISÃO DO ORDENADOR DE DESPESA;006935                                  ;-5105,33
;015201 - FUNDACAO DE APOIO A PESQUISA DO DF                ;="150201";150201 - FUNDAÇÃO DE APOIO A PESQUISA DO DF - FAP          ;764910300 - TRANSFERÊNCIAS VOLU - ENCAMINHADO PARA DECISÃO DO ORDENADOR DE DESPESA;006937                                  ;-6000
;015201 - FUNDACAO DE APOIO A PESQUISA DO DF                ;="150201";150201 - FUNDAÇÃO DE APOIO A PESQUISA DO DF - FAP          ;764910300 - TRANSFERÊNCIAS VOLU - ENCAMINHADO PARA DECISÃO DO ORDENADOR DE DESPESA;006938                                  ;-9645
;015201 - FUNDACAO DE APOIO A PESQUISA DO DF                ;="150201";150201 - FUNDAÇÃO DE APOIO A PESQUISA DO DF - FAP          ;764910300 - TRANSFERÊNCIAS VOLU - ENCAMINHADO PARA DECISÃO DO ORDENADOR DE DESPESA;006942                                  ;-6478,59
;015201 - FUNDACAO DE APOIO A PESQUISA DO DF                ;="150201";150201 - FUNDAÇÃO DE APOIO A PESQUISA DO DF - FAP          ;764910300 - TRANSFERÊNCIAS VOLU - ENCAMINHADO PARA DECISÃO DO ORDENADOR DE DESPESA;006944                                  ;-6600
;015201 - FUNDACAO DE APOIO A PESQUISA DO DF                ;="150201";150201 - FUNDAÇÃO DE APOIO A PESQUISA DO DF - FAP          ;764910300 - TRANSFERÊNCIAS VOLU - ENCAMINHADO PARA DECISÃO DO ORDENADOR DE DESPESA;006947                                  ;-71072,35
;015201 - FUNDACAO DE APOIO A PESQUISA DO DF                ;="150201";150201 - FUNDAÇÃO DE APOIO A PESQUISA DO DF - FAP          ;764910300 - TRANSFERÊNCIAS VOLU - ENCAMINHADO PARA DECISÃO DO ORDENADOR DE DESPESA;006948                                  ;-3272,24
;015201 - FUNDACAO DE APOIO A PESQUISA DO DF                ;="150201";150201 - FUNDAÇÃO DE APOIO A PESQUISA DO DF - FAP          ;764910300 - TRANSFERÊNCIAS VOLU - ENCAMINHADO PARA DECISÃO DO ORDENADOR DE DESPESA;006950                                  ;-1534,87
;015201 - FUNDACAO DE APOIO A PESQUISA DO DF                ;="150201";150201 - FUNDAÇÃO DE APOIO A PESQUISA DO DF - FAP          ;764910300 - TRANSFERÊNCIAS VOLU - ENCAMINHADO PARA DECISÃO DO ORDENADOR DE DESPESA;006952                                  ;-8392
;015201 - FUNDACAO DE APOIO A PESQUISA DO DF                ;="150201";150201 - FUNDAÇÃO DE APOIO A PESQUISA DO DF - FAP          ;764910300 - TRANSFERÊNCIAS VOLU - ENCAMINHADO PARA DECISÃO DO ORDENADOR DE DESPESA;006954                                  ;-45000
;015201 - FUNDACAO DE APOIO A PESQUISA DO DF                ;="150201";150201 - FUNDAÇÃO DE APOIO A PESQUISA DO DF - FAP          ;764910300 - TRANSFERÊNCIAS VOLU - ENCAMINHADO PARA DECISÃO DO ORDENADOR DE DESPESA;006955                                  ;-10700
;015201 - FUNDACAO DE APOIO A PESQUISA DO DF                ;="150201";150201 - FUNDAÇÃO DE APOIO A PESQUISA DO DF - FAP          ;764910300 - TRANSFERÊNCIAS VOLU - ENCAMINHADO PARA DECISÃO DO ORDENADOR DE DESPESA;006957                                  ;-4414
;015201 - FUNDACAO DE APOIO A PESQUISA DO DF                ;="150201";150201 - FUNDAÇÃO DE APOIO A PESQUISA DO DF - FAP          ;764910300 - TRANSFERÊNCIAS VOLU - ENCAMINHADO PARA DECISÃO DO ORDENADOR DE DESPESA;006962                                  ;-4888,36
;015201 - FUNDACAO DE APOIO A PESQUISA DO DF                ;="150201";150201 - FUNDAÇÃO DE APOIO A PESQUISA DO DF - FAP          ;764910300 - TRANSFERÊNCIAS VOLU - ENCAMINHADO PARA DECISÃO DO ORDENADOR DE DESPESA;006963                                  ;-1316,87
;015201 - FUNDACAO DE APOIO A PESQUISA DO DF                ;="150201";150201 - FUNDAÇÃO DE APOIO A PESQUISA DO DF - FAP          ;764910300 - TRANSFERÊNCIAS VOLU - ENCAMINHADO PARA DECISÃO DO ORDENADOR DE DESPESA;006964                                  ;-1787,45
;015201 - FUNDACAO DE APOIO A PESQUISA DO DF                ;="150201";150201 - FUNDAÇÃO DE APOIO A PESQUISA DO DF - FAP          ;764910300 - TRANSFERÊNCIAS VOLU - ENCAMINHADO PARA DECISÃO DO ORDENADOR DE DESPESA;006969                                  ;-26300
;015201 - FUNDACAO DE APOIO A PESQUISA DO DF                ;="150201";150201 - FUNDAÇÃO DE APOIO A PESQUISA DO DF - FAP          ;764910300 - TRANSFERÊNCIAS VOLU - ENCAMINHADO PARA DECISÃO DO ORDENADOR DE DESPESA;006971                                  ;-30414
;015201 - FUNDACAO DE APOIO A PESQUISA DO DF                ;="150201";150201 - FUNDAÇÃO DE APOIO A PESQUISA DO DF - FAP          ;764910300 - TRANSFERÊNCIAS VOLU - ENCAMINHADO PARA DECISÃO DO ORDENADOR DE DESPESA;006990                                  ;-7600
;015201 - FUNDACAO DE APOIO A PESQUISA DO DF                ;="150201";150201 - FUNDAÇÃO DE APOIO A PESQUISA DO DF - FAP          ;764910300 - TRANSFERÊNCIAS VOLU - ENCAMINHADO PARA DECISÃO DO ORDENADOR DE DESPESA;006993                                  ;-7650
;015201 - FUNDACAO DE APOIO A PESQUISA DO DF                ;="150201";150201 - FUNDAÇÃO DE APOIO A PESQUISA DO DF - FAP          ;764910300 - TRANSFERÊNCIAS VOLU - ENCAMINHADO PARA DECISÃO DO ORDENADOR DE DESPESA;006995                                  ;-100000
;015201 - FUNDACAO DE APOIO A PESQUISA DO DF                ;="150201";150201 - FUNDAÇÃO DE APOIO A PESQUISA DO DF - FAP          ;764910300 - TRANSFERÊNCIAS VOLU - ENCAMINHADO PARA DECISÃO DO ORDENADOR DE DESPESA;007174                                  ;-63109,38
;015201 - FUNDACAO DE APOIO A PESQUISA DO DF                ;="150201";150201 - FUNDAÇÃO DE APOIO A PESQUISA DO DF - FAP          ;764910300 - TRANSFERÊNCIAS VOLU - ENCAMINHADO PARA DECISÃO DO ORDENADOR DE DESPESA;007218                                  ;-5600
;015201 - FUNDACAO DE APOIO A PESQUISA DO DF                ;="150201";150201 - FUNDAÇÃO DE APOIO A PESQUISA DO DF - FAP          ;764910300 - TRANSFERÊNCIAS VOLU - ENCAMINHADO PARA DECISÃO DO ORDENADOR DE DESPESA;007224                                  ;-8400
;015201 - FUNDACAO DE APOIO A PESQUISA DO DF                ;="150201";150201 - FUNDAÇÃO DE APOIO A PESQUISA DO DF - FAP          ;764910300 - TRANSFERÊNCIAS VOLU - ENCAMINHADO PARA DECISÃO DO ORDENADOR DE DESPESA;007251                                  ;-10000
;015201 - FUNDACAO DE APOIO A PESQUISA DO DF                ;="150201";150201 - FUNDAÇÃO DE APOIO A PESQUISA DO DF - FAP          ;764910300 - TRANSFERÊNCIAS VOLU - ENCAMINHADO PARA DECISÃO DO ORDENADOR DE DESPESA;007258                                  ;-6965,33
;015201 - FUNDACAO DE APOIO A PESQUISA DO DF                ;="150201";150201 - FUNDAÇÃO DE APOIO A PESQUISA DO DF - FAP          ;764910300 - TRANSFERÊNCIAS VOLU - ENCAMINHADO PARA DECISÃO DO ORDENADOR DE DESPESA;007260                                  ;-1710,3
;015201 - FUNDACAO DE APOIO A PESQUISA DO DF                ;="150201";150201 - FUNDAÇÃO DE APOIO A PESQUISA DO DF - FAP          ;764910300 - TRANSFERÊNCIAS VOLU - ENCAMINHADO PARA DECISÃO DO ORDENADOR DE DESPESA;007270                                  ;-8100
;015201 - FUNDACAO DE APOIO A PESQUISA DO DF                ;="150201";150201 - FUNDAÇÃO DE APOIO A PESQUISA DO DF - FAP          ;764910300 - TRANSFERÊNCIAS VOLU - ENCAMINHADO PARA DECISÃO DO ORDENADOR DE DESPESA;007280                                  ;-60000
;015201 - FUNDACAO DE APOIO A PESQUISA DO DF                ;="150201";150201 - FUNDAÇÃO DE APOIO A PESQUISA DO DF - FAP          ;764910300 - TRANSFERÊNCIAS VOLU - ENCAMINHADO PARA DECISÃO DO ORDENADOR DE DESPESA;007290                                  ;-60000
;015201 - FUNDACAO DE APOIO A PESQUISA DO DF                ;="150201";150201 - FUNDAÇÃO DE APOIO A PESQUISA DO DF - FAP          ;764910300 - TRANSFERÊNCIAS VOLU - ENCAMINHADO PARA DECISÃO DO ORDENADOR DE DESPESA;007291                                  ;-10000
;015201 - FUNDACAO DE APOIO A PESQUISA DO DF                ;="150201";150201 - FUNDAÇÃO DE APOIO A PESQUISA DO DF - FAP          ;764910300 - TRANSFERÊNCIAS VOLU - ENCAMINHADO PARA DECISÃO DO ORDENADOR DE DESPESA;007293                                  ;-2276,58
;015201 - FUNDACAO DE APOIO A PESQUISA DO DF                ;="150201";150201 - FUNDAÇÃO DE APOIO A PESQUISA DO DF - FAP          ;764910300 - TRANSFERÊNCIAS VOLU - ENCAMINHADO PARA DECISÃO DO ORDENADOR DE DESPESA;007301                                  ;-7000
;015201 - FUNDACAO DE APOIO A PESQUISA DO DF                ;="150201";150201 - FUNDAÇÃO DE APOIO A PESQUISA DO DF - FAP          ;764910300 - TRANSFERÊNCIAS VOLU - ENCAMINHADO PARA DECISÃO DO ORDENADOR DE DESPESA;007304                                  ;-4196
;015201 - FUNDACAO DE APOIO A PESQUISA DO DF                ;="150201";150201 - FUNDAÇÃO DE APOIO A PESQUISA DO DF - FAP          ;764910300 - TRANSFERÊNCIAS VOLU - ENCAMINHADO PARA DECISÃO DO ORDENADOR DE DESPESA;007306                                  ;-2173
;015201 - FUNDACAO DE APOIO A PESQUISA DO DF                ;="150201";150201 - FUNDAÇÃO DE APOIO A PESQUISA DO DF - FAP          ;764910300 - TRANSFERÊNCIAS VOLU - ENCAMINHADO PARA DECISÃO DO ORDENADOR DE DESPESA;007312                                  ;-2271,8
;015201 - FUNDACAO DE APOIO A PESQUISA DO DF                ;="150201";150201 - FUNDAÇÃO DE APOIO A PESQUISA DO DF - FAP          ;764910300 - TRANSFERÊNCIAS VOLU - ENCAMINHADO PARA DECISÃO DO ORDENADOR DE DESPESA;007321                                  ;-8700
;015201 - FUNDACAO DE APOIO A PESQUISA DO DF                ;="150201";150201 - FUNDAÇÃO DE APOIO A PESQUISA DO DF - FAP          ;764910300 - TRANSFERÊNCIAS VOLU - ENCAMINHADO PARA DECISÃO DO ORDENADOR DE DESPESA;007322                                  ;-8855
;015201 - FUNDACAO DE APOIO A PESQUISA DO DF                ;="150201";150201 - FUNDAÇÃO DE APOIO A PESQUISA DO DF - FAP          ;764910300 - TRANSFERÊNCIAS VOLU - ENCAMINHADO PARA DECISÃO DO ORDENADOR DE DESPESA;007328                                  ;-2100
;015201 - FUNDACAO DE APOIO A PESQUISA DO DF                ;="150201";150201 - FUNDAÇÃO DE APOIO A PESQUISA DO DF - FAP          ;764910300 - TRANSFERÊNCIAS VOLU - ENCAMINHADO PARA DECISÃO DO ORDENADOR DE DESPESA;007332                                  ;-6126,29
;015201 - FUNDACAO DE APOIO A PESQUISA DO DF                ;="150201";150201 - FUNDAÇÃO DE APOIO A PESQUISA DO DF - FAP          ;764910300 - TRANSFERÊNCIAS VOLU - ENCAMINHADO PARA DECISÃO DO ORDENADOR DE DESPESA;007335                                  ;-6475
;015201 - FUNDACAO DE APOIO A PESQUISA DO DF                ;="150201";150201 - FUNDAÇÃO DE APOIO A PESQUISA DO DF - FAP          ;764910300 - TRANSFERÊNCIAS VOLU - ENCAMINHADO PARA DECISÃO DO ORDENADOR DE DESPESA;007338                                  ;-5500
;015201 - FUNDACAO DE APOIO A PESQUISA DO DF                ;="150201";150201 - FUNDAÇÃO DE APOIO A PESQUISA DO DF - FAP          ;764910300 - TRANSFERÊNCIAS VOLU - ENCAMINHADO PARA DECISÃO DO ORDENADOR DE DESPESA;007341                                  ;-9100
;015201 - FUNDACAO DE APOIO A PESQUISA DO DF                ;="150201";150201 - FUNDAÇÃO DE APOIO A PESQUISA DO DF - FAP          ;764910300 - TRANSFERÊNCIAS VOLU - ENCAMINHADO PARA DECISÃO DO ORDENADOR DE DESPESA;007347                                  ;-1970,44
;015201 - FUNDACAO DE APOIO A PESQUISA DO DF                ;="150201";150201 - FUNDAÇÃO DE APOIO A PESQUISA DO DF - FAP          ;764910300 - TRANSFERÊNCIAS VOLU - ENCAMINHADO PARA DECISÃO DO ORDENADOR DE DESPESA;007348                                  ;-1917
;015201 - FUNDACAO DE APOIO A PESQUISA DO DF                ;="150201";150201 - FUNDAÇÃO DE APOIO A PESQUISA DO DF - FAP          ;764910300 - TRANSFERÊNCIAS VOLU - ENCAMINHADO PARA DECISÃO DO ORDENADOR DE DESPESA;007354                                  ;-7750
;015201 - FUNDACAO DE APOIO A PESQUISA DO DF                ;="150201";150201 - FUNDAÇÃO DE APOIO A PESQUISA DO DF - FAP          ;764910300 - TRANSFERÊNCIAS VOLU - ENCAMINHADO PARA DECISÃO DO ORDENADOR DE DESPESA;007360                                  ;-2235
;015201 - FUNDACAO DE APOIO A PESQUISA DO DF                ;="150201";150201 - FUNDAÇÃO DE APOIO A PESQUISA DO DF - FAP          ;764910300 - TRANSFERÊNCIAS VOLU - ENCAMINHADO PARA DECISÃO DO ORDENADOR DE DESPESA;007367                                  ;-2194
;015201 - FUNDACAO DE APOIO A PESQUISA DO DF                ;="150201";150201 - FUNDAÇÃO DE APOIO A PESQUISA DO DF - FAP          ;764910300 - TRANSFERÊNCIAS VOLU - ENCAMINHADO PARA DECISÃO DO ORDENADOR DE DESPESA;007369                                  ;-57584,4
;015201 - FUNDACAO DE APOIO A PESQUISA DO DF                ;="150201";150201 - FUNDAÇÃO DE APOIO A PESQUISA DO DF - FAP          ;764910300 - TRANSFERÊNCIAS VOLU - ENCAMINHADO PARA DECISÃO DO ORDENADOR DE DESPESA;007373                                  ;-1794,3
;015201 - FUNDACAO DE APOIO A PESQUISA DO DF                ;="150201";150201 - FUNDAÇÃO DE APOIO A PESQUISA DO DF - FAP          ;764910300 - TRANSFERÊNCIAS VOLU - ENCAMINHADO PARA DECISÃO DO ORDENADOR DE DESPESA;007375                                  ;-2732,24
;015201 - FUNDACAO DE APOIO A PESQUISA DO DF                ;="150201";150201 - FUNDAÇÃO DE APOIO A PESQUISA DO DF - FAP          ;764910300 - TRANSFERÊNCIAS VOLU - ENCAMINHADO PARA DECISÃO DO ORDENADOR DE DESPESA;007377                                  ;-8507
;015201 - FUNDACAO DE APOIO A PESQUISA DO DF                ;="150201";150201 - FUNDAÇÃO DE APOIO A PESQUISA DO DF - FAP          ;764910300 - TRANSFERÊNCIAS VOLU - ENCAMINHADO PARA DECISÃO DO ORDENADOR DE DESPESA;007378                                  ;-8507
;015201 - FUNDACAO DE APOIO A PESQUISA DO DF                ;="150201";150201 - FUNDAÇÃO DE APOIO A PESQUISA DO DF - FAP          ;764910300 - TRANSFERÊNCIAS VOLU - ENCAMINHADO PARA DECISÃO DO ORDENADOR DE DESPESA;007391                                  ;-2517,24
;015201 - FUNDACAO DE APOIO A PESQUISA DO DF                ;="150201";150201 - FUNDAÇÃO DE APOIO A PESQUISA DO DF - FAP          ;764910300 - TRANSFERÊNCIAS VOLU - ENCAMINHADO PARA DECISÃO DO ORDENADOR DE DESPESA;007402                                  ;-6595,3
;015201 - FUNDACAO DE APOIO A PESQUISA DO DF                ;="150201";150201 - FUNDAÇÃO DE APOIO A PESQUISA DO DF - FAP          ;764910300 - TRANSFERÊNCIAS VOLU - ENCAMINHADO PARA DECISÃO DO ORDENADOR DE DESPESA;007409                                  ;-9898,5
;015201 - FUNDACAO DE APOIO A PESQUISA DO DF                ;="150201";150201 - FUNDAÇÃO DE APOIO A PESQUISA DO DF - FAP          ;764910300 - TRANSFERÊNCIAS VOLU - ENCAMINHADO PARA DECISÃO DO ORDENADOR DE DESPESA;007410                                  ;-4048
;015201 - FUNDACAO DE APOIO A PESQUISA DO DF                ;="150201";150201 - FUNDAÇÃO DE APOIO A PESQUISA DO DF - FAP          ;764910300 - TRANSFERÊNCIAS VOLU - ENCAMINHADO PARA DECISÃO DO ORDENADOR DE DESPESA;007413                                  ;-1470,44
;015201 - FUNDACAO DE APOIO A PESQUISA DO DF                ;="150201";150201 - FUNDAÇÃO DE APOIO A PESQUISA DO DF - FAP          ;764910300 - TRANSFERÊNCIAS VOLU - ENCAMINHADO PARA DECISÃO DO ORDENADOR DE DESPESA;007414                                  ;-1470,44
;015201 - FUNDACAO DE APOIO A PESQUISA DO DF                ;="150201";150201 - FUNDAÇÃO DE APOIO A PESQUISA DO DF - FAP          ;764910300 - TRANSFERÊNCIAS VOLU - ENCAMINHADO PARA DECISÃO DO ORDENADOR DE DESPESA;007415                                  ;-1470,44
;015201 - FUNDACAO DE APOIO A PESQUISA DO DF                ;="150201";150201 - FUNDAÇÃO DE APOIO A PESQUISA DO DF - FAP          ;764910300 - TRANSFERÊNCIAS VOLU - ENCAMINHADO PARA DECISÃO DO ORDENADOR DE DESPESA;007416                                  ;-1814,3
;015201 - FUNDACAO DE APOIO A PESQUISA DO DF                ;="150201";150201 - FUNDAÇÃO DE APOIO A PESQUISA DO DF - FAP          ;764910300 - TRANSFERÊNCIAS VOLU - ENCAMINHADO PARA DECISÃO DO ORDENADOR DE DESPESA;007420                                  ;-3913,14
;015201 - FUNDACAO DE APOIO A PESQUISA DO DF                ;="150201";150201 - FUNDAÇÃO DE APOIO A PESQUISA DO DF - FAP          ;764910300 - TRANSFERÊNCIAS VOLU - ENCAMINHADO PARA DECISÃO DO ORDENADOR DE DESPESA;007422                                  ;-2700
;015201 - FUNDACAO DE APOIO A PESQUISA DO DF                ;="150201";150201 - FUNDAÇÃO DE APOIO A PESQUISA DO DF - FAP          ;764910300 - TRANSFERÊNCIAS VOLU - ENCAMINHADO PARA DECISÃO DO ORDENADOR DE DESPESA;007424                                  ;-2642,8
;015201 - FUNDACAO DE APOIO A PESQUISA DO DF                ;="150201";150201 - FUNDAÇÃO DE APOIO A PESQUISA DO DF - FAP          ;764910300 - TRANSFERÊNCIAS VOLU - ENCAMINHADO PARA DECISÃO DO ORDENADOR DE DESPESA;007428                                  ;-2955,8
;015201 - FUNDACAO DE APOIO A PESQUISA DO DF                ;="150201";150201 - FUNDAÇÃO DE APOIO A PESQUISA DO DF - FAP          ;764910300 - TRANSFERÊNCIAS VOLU - ENCAMINHADO PARA DECISÃO DO ORDENADOR DE DESPESA;007429                                  ;-8654,28
;015201 - FUNDACAO DE APOIO A PESQUISA DO DF                ;="150201";150201 - FUNDAÇÃO DE APOIO A PESQUISA DO DF - FAP          ;764910300 - TRANSFERÊNCIAS VOLU - ENCAMINHADO PARA DECISÃO DO ORDENADOR DE DESPESA;007430                                  ;-1874,3
;015201 - FUNDACAO DE APOIO A PESQUISA DO DF                ;="150201";150201 - FUNDAÇÃO DE APOIO A PESQUISA DO DF - FAP          ;764910300 - TRANSFERÊNCIAS VOLU - ENCAMINHADO PARA DECISÃO DO ORDENADOR DE DESPESA;007431                                  ;-1936,8
;015201 - FUNDACAO DE APOIO A PESQUISA DO DF                ;="150201";150201 - FUNDAÇÃO DE APOIO A PESQUISA DO DF - FAP          ;764910300 - TRANSFERÊNCIAS VOLU - ENCAMINHADO PARA DECISÃO DO ORDENADOR DE DESPESA;007436                                  ;-4791,25
;015201 - FUNDACAO DE APOIO A PESQUISA DO DF                ;="150201";150201 - FUNDAÇÃO DE APOIO A PESQUISA DO DF - FAP          ;764910300 - TRANSFERÊNCIAS VOLU - ENCAMINHADO PARA DECISÃO DO ORDENADOR DE DESPESA;007439                                  ;-1814,3
;015201 - FUNDACAO DE APOIO A PESQUISA DO DF                ;="150201";150201 - FUNDAÇÃO DE APOIO A PESQUISA DO DF - FAP          ;764910300 - TRANSFERÊNCIAS VOLU - ENCAMINHADO PARA DECISÃO DO ORDENADOR DE DESPESA;007440                                  ;-4096
;015201 - FUNDACAO DE APOIO A PESQUISA DO DF                ;="150201";150201 - FUNDAÇÃO DE APOIO A PESQUISA DO DF - FAP          ;764910300 - TRANSFERÊNCIAS VOLU - ENCAMINHADO PARA DECISÃO DO ORDENADOR DE DESPESA;007443                                  ;-2117,7
;015201 - FUNDACAO DE APOIO A PESQUISA DO DF                ;="150201";150201 - FUNDAÇÃO DE APOIO A PESQUISA DO DF - FAP          ;764910300 - TRANSFERÊNCIAS VOLU - ENCAMINHADO PARA DECISÃO DO ORDENADOR DE DESPESA;007448                                  ;-5807,37
;015201 - FUNDACAO DE APOIO A PESQUISA DO DF                ;="150201";150201 - FUNDAÇÃO DE APOIO A PESQUISA DO DF - FAP          ;764910300 - TRANSFERÊNCIAS VOLU - ENCAMINHADO PARA DECISÃO DO ORDENADOR DE DESPESA;007449                                  ;-1059,4
;015201 - FUNDACAO DE APOIO A PESQUISA DO DF                ;="150201";150201 - FUNDAÇÃO DE APOIO A PESQUISA DO DF - FAP          ;764910300 - TRANSFERÊNCIAS VOLU - ENCAMINHADO PARA DECISÃO DO ORDENADOR DE DESPESA;007452                                  ;-1572,24
;015201 - FUNDACAO DE APOIO A PESQUISA DO DF                ;="150201";150201 - FUNDAÇÃO DE APOIO A PESQUISA DO DF - FAP          ;764910300 - TRANSFERÊNCIAS VOLU - ENCAMINHADO PARA DECISÃO DO ORDENADOR DE DESPESA;007455                                  ;-1544,3
;015201 - FUNDACAO DE APOIO A PESQUISA DO DF                ;="150201";150201 - FUNDAÇÃO DE APOIO A PESQUISA DO DF - FAP          ;764910300 - TRANSFERÊNCIAS VOLU - ENCAMINHADO PARA DECISÃO DO ORDENADOR DE DESPESA;007456                                  ;-2301,87
;015201 - FUNDACAO DE APOIO A PESQUISA DO DF                ;="150201";150201 - FUNDAÇÃO DE APOIO A PESQUISA DO DF - FAP          ;764910300 - TRANSFERÊNCIAS VOLU - ENCAMINHADO PARA DECISÃO DO ORDENADOR DE DESPESA;007458                                  ;-27447,55
;015201 - FUNDACAO DE APOIO A PESQUISA DO DF                ;="150201";150201 - FUNDAÇÃO DE APOIO A PESQUISA DO DF - FAP          ;764910300 - TRANSFERÊNCIAS VOLU - ENCAMINHADO PARA DECISÃO DO ORDENADOR DE DESPESA;007465                                  ;-1387,3
;015201 - FUNDACAO DE APOIO A PESQUISA DO DF                ;="150201";150201 - FUNDAÇÃO DE APOIO A PESQUISA DO DF - FAP          ;764910300 - TRANSFERÊNCIAS VOLU - ENCAMINHADO PARA DECISÃO DO ORDENADOR DE DESPESA;007469                                  ;-2721,42
;015201 - FUNDACAO DE APOIO A PESQUISA DO DF                ;="150201";150201 - FUNDAÇÃO DE APOIO A PESQUISA DO DF - FAP          ;764910300 - TRANSFERÊNCIAS VOLU - ENCAMINHADO PARA DECISÃO DO ORDENADOR DE DESPESA;007470                                  ;-1624,67
;015201 - FUNDACAO DE APOIO A PESQUISA DO DF                ;="150201";150201 - FUNDAÇÃO DE APOIO A PESQUISA DO DF - FAP          ;764910300 - TRANSFERÊNCIAS VOLU - ENCAMINHADO PARA DECISÃO DO ORDENADOR DE DESPESA;007471                                  ;-7250
;015201 - FUNDACAO DE APOIO A PESQUISA DO DF                ;="150201";150201 - FUNDAÇÃO DE APOIO A PESQUISA DO DF - FAP          ;764910300 - TRANSFERÊNCIAS VOLU - ENCAMINHADO PARA DECISÃO DO ORDENADOR DE DESPESA;007474                                  ;-9700
;015201 - FUNDACAO DE APOIO A PESQUISA DO DF                ;="150201";150201 - FUNDAÇÃO DE APOIO A PESQUISA DO DF - FAP          ;764910300 - TRANSFERÊNCIAS VOLU - ENCAMINHADO PARA DECISÃO DO ORDENADOR DE DESPESA;007488                                  ;-5757,62
;015201 - FUNDACAO DE APOIO A PESQUISA DO DF                ;="150201";150201 - FUNDAÇÃO DE APOIO A PESQUISA DO DF - FAP          ;764910300 - TRANSFERÊNCIAS VOLU - ENCAMINHADO PARA DECISÃO DO ORDENADOR DE DESPESA;007490                                  ;-600
;015201 - FUNDACAO DE APOIO A PESQUISA DO DF                ;="150201";150201 - FUNDAÇÃO DE APOIO A PESQUISA DO DF - FAP          ;764910300 - TRANSFERÊNCIAS VOLU - ENCAMINHADO PARA DECISÃO DO ORDENADOR DE DESPESA;007501                                  ;-55129
;015201 - FUNDACAO DE APOIO A PESQUISA DO DF                ;="150201";150201 - FUNDAÇÃO DE APOIO A PESQUISA DO DF - FAP          ;764910300 - TRANSFERÊNCIAS VOLU - ENCAMINHADO PARA DECISÃO DO ORDENADOR DE DESPESA;007502                                  ;-3478,4
;015201 - FUNDACAO DE APOIO A PESQUISA DO DF                ;="150201";150201 - FUNDAÇÃO DE APOIO A PESQUISA DO DF - FAP          ;764910300 - TRANSFERÊNCIAS VOLU - ENCAMINHADO PARA DECISÃO DO ORDENADOR DE DESPESA;007506                                  ;-1994,3
;015201 - FUNDACAO DE APOIO A PESQUISA DO DF                ;="150201";150201 - FUNDAÇÃO DE APOIO A PESQUISA DO DF - FAP          ;764910300 - TRANSFERÊNCIAS VOLU - ENCAMINHADO PARA DECISÃO DO ORDENADOR DE DESPESA;007511                                  ;-1474,3
;015201 - FUNDACAO DE APOIO A PESQUISA DO DF                ;="150201";150201 - FUNDAÇÃO DE APOIO A PESQUISA DO DF - FAP          ;764910300 - TRANSFERÊNCIAS VOLU - ENCAMINHADO PARA DECISÃO DO ORDENADOR DE DESPESA;007512                                  ;-2224,3
;015201 - FUNDACAO DE APOIO A PESQUISA DO DF                ;="150201";150201 - FUNDAÇÃO DE APOIO A PESQUISA DO DF - FAP          ;764910300 - TRANSFERÊNCIAS VOLU - ENCAMINHADO PARA DECISÃO DO ORDENADOR DE DESPESA;007528                                  ;-2875,32
;015201 - FUNDACAO DE APOIO A PESQUISA DO DF                ;="150201";150201 - FUNDAÇÃO DE APOIO A PESQUISA DO DF - FAP          ;764910300 - TRANSFERÊNCIAS VOLU - ENCAMINHADO PARA DECISÃO DO ORDENADOR DE DESPESA;007531                                  ;-1970,44
;015201 - FUNDACAO DE APOIO A PESQUISA DO DF                ;="150201";150201 - FUNDAÇÃO DE APOIO A PESQUISA DO DF - FAP          ;764910300 - TRANSFERÊNCIAS VOLU - ENCAMINHADO PARA DECISÃO DO ORDENADOR DE DESPESA;007537                                  ;-1563,44
;015201 - FUNDACAO DE APOIO A PESQUISA DO DF                ;="150201";150201 - FUNDAÇÃO DE APOIO A PESQUISA DO DF - FAP          ;764910300 - TRANSFERÊNCIAS VOLU - ENCAMINHADO PARA DECISÃO DO ORDENADOR DE DESPESA;007538                                  ;-5808
;015201 - FUNDACAO DE APOIO A PESQUISA DO DF                ;="150201";150201 - FUNDAÇÃO DE APOIO A PESQUISA DO DF - FAP          ;764910300 - TRANSFERÊNCIAS VOLU - ENCAMINHADO PARA DECISÃO DO ORDENADOR DE DESPESA;007554                                  ;-2583,6
;015201 - FUNDACAO DE APOIO A PESQUISA DO DF                ;="150201";150201 - FUNDAÇÃO DE APOIO A PESQUISA DO DF - FAP          ;764910300 - TRANSFERÊNCIAS VOLU - ENCAMINHADO PARA DECISÃO DO ORDENADOR DE DESPESA;007556                                  ;-1394,3
;015201 - FUNDACAO DE APOIO A PESQUISA DO DF                ;="150201";150201 - FUNDAÇÃO DE APOIO A PESQUISA DO DF - FAP          ;764910300 - TRANSFERÊNCIAS VOLU - ENCAMINHADO PARA DECISÃO DO ORDENADOR DE DESPESA;007558                                  ;-1794,3
;015201 - FUNDACAO DE APOIO A PESQUISA DO DF                ;="150201";150201 - FUNDAÇÃO DE APOIO A PESQUISA DO DF - FAP          ;764910300 - TRANSFERÊNCIAS VOLU - ENCAMINHADO PARA DECISÃO DO ORDENADOR DE DESPESA;007559                                  ;-1594,3
;015201 - FUNDACAO DE APOIO A PESQUISA DO DF                ;="150201";150201 - FUNDAÇÃO DE APOIO A PESQUISA DO DF - FAP          ;764910300 - TRANSFERÊNCIAS VOLU - ENCAMINHADO PARA DECISÃO DO ORDENADOR DE DESPESA;007561                                  ;-1594,3
;015201 - FUNDACAO DE APOIO A PESQUISA DO DF                ;="150201";150201 - FUNDAÇÃO DE APOIO A PESQUISA DO DF - FAP          ;764910300 - TRANSFERÊNCIAS VOLU - ENCAMINHADO PARA DECISÃO DO ORDENADOR DE DESPESA;007562                                  ;-2450
;015201 - FUNDACAO DE APOIO A PESQUISA DO DF                ;="150201";150201 - FUNDAÇÃO DE APOIO A PESQUISA DO DF - FAP          ;764910300 - TRANSFERÊNCIAS VOLU - ENCAMINHADO PARA DECISÃO DO ORDENADOR DE DESPESA;007563                                  ;-2489,8
;015201 - FUNDACAO DE APOIO A PESQUISA DO DF                ;="150201";150201 - FUNDAÇÃO DE APOIO A PESQUISA DO DF - FAP          ;764910300 - TRANSFERÊNCIAS VOLU - ENCAMINHADO PARA DECISÃO DO ORDENADOR DE DESPESA;007564                                  ;-1926,3
;015201 - FUNDACAO DE APOIO A PESQUISA DO DF                ;="150201";150201 - FUNDAÇÃO DE APOIO A PESQUISA DO DF - FAP          ;764910300 - TRANSFERÊNCIAS VOLU - ENCAMINHADO PARA DECISÃO DO ORDENADOR DE DESPESA;007565                                  ;-1594,3
;015201 - FUNDACAO DE APOIO A PESQUISA DO DF                ;="150201";150201 - FUNDAÇÃO DE APOIO A PESQUISA DO DF - FAP          ;764910300 - TRANSFERÊNCIAS VOLU - ENCAMINHADO PARA DECISÃO DO ORDENADOR DE DESPESA;007569                                  ;-4774
;015201 - FUNDACAO DE APOIO A PESQUISA DO DF                ;="150201";150201 - FUNDAÇÃO DE APOIO A PESQUISA DO DF - FAP          ;764910300 - TRANSFERÊNCIAS VOLU - ENCAMINHADO PARA DECISÃO DO ORDENADOR DE DESPESA;007575                                  ;-46027,46
;015201 - FUNDACAO DE APOIO A PESQUISA DO DF                ;="150201";150201 - FUNDAÇÃO DE APOIO A PESQUISA DO DF - FAP          ;764910300 - TRANSFERÊNCIAS VOLU - ENCAMINHADO PARA DECISÃO DO ORDENADOR DE DESPESA;007576                                  ;-6600
;015201 - FUNDACAO DE APOIO A PESQUISA DO DF                ;="150201";150201 - FUNDAÇÃO DE APOIO A PESQUISA DO DF - FAP          ;764910300 - TRANSFERÊNCIAS VOLU - ENCAMINHADO PARA DECISÃO DO ORDENADOR DE DESPESA;007577                                  ;-7800
;015201 - FUNDACAO DE APOIO A PESQUISA DO DF                ;="150201";150201 - FUNDAÇÃO DE APOIO A PESQUISA DO DF - FAP          ;764910300 - TRANSFERÊNCIAS VOLU - ENCAMINHADO PARA DECISÃO DO ORDENADOR DE DESPESA;007581                                  ;-10000
;015201 - FUNDACAO DE APOIO A PESQUISA DO DF                ;="150201";150201 - FUNDAÇÃO DE APOIO A PESQUISA DO DF - FAP          ;764910300 - TRANSFERÊNCIAS VOLU - ENCAMINHADO PARA DECISÃO DO ORDENADOR DE DESPESA;007583                                  ;-8584
;015201 - FUNDACAO DE APOIO A PESQUISA DO DF                ;="150201";150201 - FUNDAÇÃO DE APOIO A PESQUISA DO DF - FAP          ;764910300 - TRANSFERÊNCIAS VOLU - ENCAMINHADO PARA DECISÃO DO ORDENADOR DE DESPESA;007585                                  ;-7550
;015201 - FUNDACAO DE APOIO A PESQUISA DO DF                ;="150201";150201 - FUNDAÇÃO DE APOIO A PESQUISA DO DF - FAP          ;764910300 - TRANSFERÊNCIAS VOLU - ENCAMINHADO PARA DECISÃO DO ORDENADOR DE DESPESA;007586                                  ;-19145,99
;015201 - FUNDACAO DE APOIO A PESQUISA DO DF                ;="150201";150201 - FUNDAÇÃO DE APOIO A PESQUISA DO DF - FAP          ;764910300 - TRANSFERÊNCIAS VOLU - ENCAMINHADO PARA DECISÃO DO ORDENADOR DE DESPESA;007589                                  ;-9999,5
;015201 - FUNDACAO DE APOIO A PESQUISA DO DF                ;="150201";150201 - FUNDAÇÃO DE APOIO A PESQUISA DO DF - FAP          ;764910300 - TRANSFERÊNCIAS VOLU - ENCAMINHADO PARA DECISÃO DO ORDENADOR DE DESPESA;007594                                  ;-489804
;015201 - FUNDACAO DE APOIO A PESQUISA DO DF                ;="150201";150201 - FUNDAÇÃO DE APOIO A PESQUISA DO DF - FAP          ;764910300 - TRANSFERÊNCIAS VOLU - ENCAMINHADO PARA DECISÃO DO ORDENADOR DE DESPESA;007623                                  ;-2463,85
;015201 - FUNDACAO DE APOIO A PESQUISA DO DF                ;="150201";150201 - FUNDAÇÃO DE APOIO A PESQUISA DO DF - FAP          ;764910300 - TRANSFERÊNCIAS VOLU - ENCAMINHADO PARA DECISÃO DO ORDENADOR DE DESPESA;007625                                  ;-7757
;015201 - FUNDACAO DE APOIO A PESQUISA DO DF                ;="150201";150201 - FUNDAÇÃO DE APOIO A PESQUISA DO DF - FAP          ;764910300 - TRANSFERÊNCIAS VOLU - ENCAMINHADO PARA DECISÃO DO ORDENADOR DE DESPESA;007636                                  ;-7424
;015201 - FUNDACAO DE APOIO A PESQUISA DO DF                ;="150201";150201 - FUNDAÇÃO DE APOIO A PESQUISA DO DF - FAP          ;764910300 - TRANSFERÊNCIAS VOLU - ENCAMINHADO PARA DECISÃO DO ORDENADOR DE DESPESA;007647                                  ;-10000
;015201 - FUNDACAO DE APOIO A PESQUISA DO DF                ;="150201";150201 - FUNDAÇÃO DE APOIO A PESQUISA DO DF - FAP          ;764910300 - TRANSFERÊNCIAS VOLU - ENCAMINHADO PARA DECISÃO DO ORDENADOR DE DESPESA;007650                                  ;-10000
;015201 - FUNDACAO DE APOIO A PESQUISA DO DF                ;="150201";150201 - FUNDAÇÃO DE APOIO A PESQUISA DO DF - FAP          ;764910300 - TRANSFERÊNCIAS VOLU - ENCAMINHADO PARA DECISÃO DO ORDENADOR DE DESPESA;007667                                  ;-10000
;015201 - FUNDACAO DE APOIO A PESQUISA DO DF                ;="150201";150201 - FUNDAÇÃO DE APOIO A PESQUISA DO DF - FAP          ;764910300 - TRANSFERÊNCIAS VOLU - ENCAMINHADO PARA DECISÃO DO ORDENADOR DE DESPESA;007669                                  ;-7587,01
;015201 - FUNDACAO DE APOIO A PESQUISA DO DF                ;="150201";150201 - FUNDAÇÃO DE APOIO A PESQUISA DO DF - FAP          ;764910300 - TRANSFERÊNCIAS VOLU - ENCAMINHADO PARA DECISÃO DO ORDENADOR DE DESPESA;007671                                  ;-22179,01
;015201 - FUNDACAO DE APOIO A PESQUISA DO DF                ;="150201";150201 - FUNDAÇÃO DE APOIO A PESQUISA DO DF - FAP          ;764910300 - TRANSFERÊNCIAS VOLU - ENCAMINHADO PARA DECISÃO DO ORDENADOR DE DESPESA;007674                                  ;-37089,01
;015201 - FUNDACAO DE APOIO A PESQUISA DO DF                ;="150201";150201 - FUNDAÇÃO DE APOIO A PESQUISA DO DF - FAP          ;764910300 - TRANSFERÊNCIAS VOLU - ENCAMINHADO PARA DECISÃO DO ORDENADOR DE DESPESA;007711                                  ;-20398,5
;015201 - FUNDACAO DE APOIO A PESQUISA DO DF                ;="150201";150201 - FUNDAÇÃO DE APOIO A PESQUISA DO DF - FAP          ;764910300 - TRANSFERÊNCIAS VOLU - ENCAMINHADO PARA DECISÃO DO ORDENADOR DE DESPESA;007715                                  ;-37666,51
;015201 - FUNDACAO DE APOIO A PESQUISA DO DF                ;="150201";150201 - FUNDAÇÃO DE APOIO A PESQUISA DO DF - FAP          ;764910300 - TRANSFERÊNCIAS VOLU - ENCAMINHADO PARA DECISÃO DO ORDENADOR DE DESPESA;007723                                  ;-37640,41
;015201 - FUNDACAO DE APOIO A PESQUISA DO DF                ;="150201";150201 - FUNDAÇÃO DE APOIO A PESQUISA DO DF - FAP          ;764910300 - TRANSFERÊNCIAS VOLU - ENCAMINHADO PARA DECISÃO DO ORDENADOR DE DESPESA;007729                                  ;-10000
;015201 - FUNDACAO DE APOIO A PESQUISA DO DF                ;="150201";150201 - FUNDAÇÃO DE APOIO A PESQUISA DO DF - FAP          ;764910300 - TRANSFERÊNCIAS VOLU - ENCAMINHADO PARA DECISÃO DO ORDENADOR DE DESPESA;007730                                  ;-33662,54
;015201 - FUNDACAO DE APOIO A PESQUISA DO DF                ;="150201";150201 - FUNDAÇÃO DE APOIO A PESQUISA DO DF - FAP          ;764910300 - TRANSFERÊNCIAS VOLU - ENCAMINHADO PARA DECISÃO DO ORDENADOR DE DESPESA;007735                                  ;-47337,7
;015201 - FUNDACAO DE APOIO A PESQUISA DO DF                ;="150201";150201 - FUNDAÇÃO DE APOIO A PESQUISA DO DF - FAP          ;764910300 - TRANSFERÊNCIAS VOLU - ENCAMINHADO PARA DECISÃO DO ORDENADOR DE DESPESA;007737                                  ;-1532,8
;015201 - FUNDACAO DE APOIO A PESQUISA DO DF                ;="150201";150201 - FUNDAÇÃO DE APOIO A PESQUISA DO DF - FAP          ;764910300 - TRANSFERÊNCIAS VOLU - ENCAMINHADO PARA DECISÃO DO ORDENADOR DE DESPESA;007738                                  ;-59972
;015201 - FUNDACAO DE APOIO A PESQUISA DO DF                ;="150201";150201 - FUNDAÇÃO DE APOIO A PESQUISA DO DF - FAP          ;764910300 - TRANSFERÊNCIAS VOLU - ENCAMINHADO PARA DECISÃO DO ORDENADOR DE DESPESA;007820                                  ;-10000
;015201 - FUNDACAO DE APOIO A PESQUISA DO DF                ;="150201";150201 - FUNDAÇÃO DE APOIO A PESQUISA DO DF - FAP          ;764910300 - TRANSFERÊNCIAS VOLU - ENCAMINHADO PARA DECISÃO DO ORDENADOR DE DESPESA;007821                                  ;-7200
;015201 - FUNDACAO DE APOIO A PESQUISA DO DF                ;="150201";150201 - FUNDAÇÃO DE APOIO A PESQUISA DO DF - FAP          ;764910300 - TRANSFERÊNCIAS VOLU - ENCAMINHADO PARA DECISÃO DO ORDENADOR DE DESPESA;007822                                  ;-2650
;015201 - FUNDACAO DE APOIO A PESQUISA DO DF                ;="150201";150201 - FUNDAÇÃO DE APOIO A PESQUISA DO DF - FAP          ;764910300 - TRANSFERÊNCIAS VOLU - ENCAMINHADO PARA DECISÃO DO ORDENADOR DE DESPESA;007842                                  ;-9425
;015201 - FUNDACAO DE APOIO A PESQUISA DO DF                ;="150201";150201 - FUNDAÇÃO DE APOIO A PESQUISA DO DF - FAP          ;764910300 - TRANSFERÊNCIAS VOLU - ENCAMINHADO PARA DECISÃO DO ORDENADOR DE DESPESA;007846                                  ;-8584
;015201 - FUNDACAO DE APOIO A PESQUISA DO DF                ;="150201";150201 - FUNDAÇÃO DE APOIO A PESQUISA DO DF - FAP          ;764910300 - TRANSFERÊNCIAS VOLU - ENCAMINHADO PARA DECISÃO DO ORDENADOR DE DESPESA;007847                                  ;-9730
;015201 - FUNDACAO DE APOIO A PESQUISA DO DF                ;="150201";150201 - FUNDAÇÃO DE APOIO A PESQUISA DO DF - FAP          ;764910300 - TRANSFERÊNCIAS VOLU - ENCAMINHADO PARA DECISÃO DO ORDENADOR DE DESPESA;007872                                  ;-10000
;015201 - FUNDACAO DE APOIO A PESQUISA DO DF                ;="150201";150201 - FUNDAÇÃO DE APOIO A PESQUISA DO DF - FAP          ;764910300 - TRANSFERÊNCIAS VOLU - ENCAMINHADO PARA DECISÃO DO ORDENADOR DE DESPESA;007873                                  ;-10000
;015201 - FUNDACAO DE APOIO A PESQUISA DO DF                ;="150201";150201 - FUNDAÇÃO DE APOIO A PESQUISA DO DF - FAP          ;764910300 - TRANSFERÊNCIAS VOLU - ENCAMINHADO PARA DECISÃO DO ORDENADOR DE DESPESA;007874                                  ;-7400
;015201 - FUNDACAO DE APOIO A PESQUISA DO DF                ;="150201";150201 - FUNDAÇÃO DE APOIO A PESQUISA DO DF - FAP          ;764910300 - TRANSFERÊNCIAS VOLU - ENCAMINHADO PARA DECISÃO DO ORDENADOR DE DESPESA;007875                                  ;-5593,47
;015201 - FUNDACAO DE APOIO A PESQUISA DO DF                ;="150201";150201 - FUNDAÇÃO DE APOIO A PESQUISA DO DF - FAP          ;764910300 - TRANSFERÊNCIAS VOLU - ENCAMINHADO PARA DECISÃO DO ORDENADOR DE DESPESA;007877                                  ;-9870
;015201 - FUNDACAO DE APOIO A PESQUISA DO DF                ;="150201";150201 - FUNDAÇÃO DE APOIO A PESQUISA DO DF - FAP          ;764910300 - TRANSFERÊNCIAS VOLU - ENCAMINHADO PARA DECISÃO DO ORDENADOR DE DESPESA;007878                                  ;-7276,19
;015201 - FUNDACAO DE APOIO A PESQUISA DO DF                ;="150201";150201 - FUNDAÇÃO DE APOIO A PESQUISA DO DF - FAP          ;764910300 - TRANSFERÊNCIAS VOLU - ENCAMINHADO PARA DECISÃO DO ORDENADOR DE DESPESA;007881                                  ;-653
;015201 - FUNDACAO DE APOIO A PESQUISA DO DF                ;="150201";150201 - FUNDAÇÃO DE APOIO A PESQUISA DO DF - FAP          ;764910300 - TRANSFERÊNCIAS VOLU - ENCAMINHADO PARA DECISÃO DO ORDENADOR DE DESPESA;007885                                  ;-6566,79
;015201 - FUNDACAO DE APOIO A PESQUISA DO DF                ;="150201";150201 - FUNDAÇÃO DE APOIO A PESQUISA DO DF - FAP          ;764910300 - TRANSFERÊNCIAS VOLU - ENCAMINHADO PARA DECISÃO DO ORDENADOR DE DESPESA;007886                                  ;-9017,76
;015201 - FUNDACAO DE APOIO A PESQUISA DO DF                ;="150201";150201 - FUNDAÇÃO DE APOIO A PESQUISA DO DF - FAP          ;764910300 - TRANSFERÊNCIAS VOLU - ENCAMINHADO PARA DECISÃO DO ORDENADOR DE DESPESA;007888                                  ;-9250
;015201 - FUNDACAO DE APOIO A PESQUISA DO DF                ;="150201";150201 - FUNDAÇÃO DE APOIO A PESQUISA DO DF - FAP          ;764910300 - TRANSFERÊNCIAS VOLU - ENCAMINHADO PARA DECISÃO DO ORDENADOR DE DESPESA;007889                                  ;-2185
;015201 - FUNDACAO DE APOIO A PESQUISA DO DF                ;="150201";150201 - FUNDAÇÃO DE APOIO A PESQUISA DO DF - FAP          ;764910300 - TRANSFERÊNCIAS VOLU - ENCAMINHADO PARA DECISÃO DO ORDENADOR DE DESPESA;007895                                  ;-5251,22
;015201 - FUNDACAO DE APOIO A PESQUISA DO DF                ;="150201";150201 - FUNDAÇÃO DE APOIO A PESQUISA DO DF - FAP          ;764910300 - TRANSFERÊNCIAS VOLU - ENCAMINHADO PARA DECISÃO DO ORDENADOR DE DESPESA;007896                                  ;-6555
;015201 - FUNDACAO DE APOIO A PESQUISA DO DF                ;="150201";150201 - FUNDAÇÃO DE APOIO A PESQUISA DO DF - FAP          ;764910300 - TRANSFERÊNCIAS VOLU - ENCAMINHADO PARA DECISÃO DO ORDENADOR DE DESPESA;007898                                  ;-7000
;015201 - FUNDACAO DE APOIO A PESQUISA DO DF                ;="150201";150201 - FUNDAÇÃO DE APOIO A PESQUISA DO DF - FAP          ;764910300 - TRANSFERÊNCIAS VOLU - ENCAMINHADO PARA DECISÃO DO ORDENADOR DE DESPESA;007899                                  ;-10000
;015201 - FUNDACAO DE APOIO A PESQUISA DO DF                ;="150201";150201 - FUNDAÇÃO DE APOIO A PESQUISA DO DF - FAP          ;764910300 - TRANSFERÊNCIAS VOLU - ENCAMINHADO PARA DECISÃO DO ORDENADOR DE DESPESA;007900                                  ;-7650,72
;015201 - FUNDACAO DE APOIO A PESQUISA DO DF                ;="150201";150201 - FUNDAÇÃO DE APOIO A PESQUISA DO DF - FAP          ;764910300 - TRANSFERÊNCIAS VOLU - ENCAMINHADO PARA DECISÃO DO ORDENADOR DE DESPESA;007901                                  ;-2050
;015201 - FUNDACAO DE APOIO A PESQUISA DO DF                ;="150201";150201 - FUNDAÇÃO DE APOIO A PESQUISA DO DF - FAP          ;764910300 - TRANSFERÊNCIAS VOLU - ENCAMINHADO PARA DECISÃO DO ORDENADOR DE DESPESA;007903                                  ;-31930
;015201 - FUNDACAO DE APOIO A PESQUISA DO DF                ;="150201";150201 - FUNDAÇÃO DE APOIO A PESQUISA DO DF - FAP          ;764910300 - TRANSFERÊNCIAS VOLU - ENCAMINHADO PARA DECISÃO DO ORDENADOR DE DESPESA;007904                                  ;-29536,43
;015201 - FUNDACAO DE APOIO A PESQUISA DO DF                ;="150201";150201 - FUNDAÇÃO DE APOIO A PESQUISA DO DF - FAP          ;764910300 - TRANSFERÊNCIAS VOLU - ENCAMINHADO PARA DECISÃO DO ORDENADOR DE DESPESA;007910                                  ;-6950
;015201 - FUNDACAO DE APOIO A PESQUISA DO DF                ;="150201";150201 - FUNDAÇÃO DE APOIO A PESQUISA DO DF - FAP          ;764910300 - TRANSFERÊNCIAS VOLU - ENCAMINHADO PARA DECISÃO DO ORDENADOR DE DESPESA;007911                                  ;-7060
;015201 - FUNDACAO DE APOIO A PESQUISA DO DF                ;="150201";150201 - FUNDAÇÃO DE APOIO A PESQUISA DO DF - FAP          ;764910300 - TRANSFERÊNCIAS VOLU - ENCAMINHADO PARA DECISÃO DO ORDENADOR DE DESPESA;007912                                  ;-7800
;015201 - FUNDACAO DE APOIO A PESQUISA DO DF                ;="150201";150201 - FUNDAÇÃO DE APOIO A PESQUISA DO DF - FAP          ;764910300 - TRANSFERÊNCIAS VOLU - ENCAMINHADO PARA DECISÃO DO ORDENADOR DE DESPESA;007913                                  ;-3402
;015201 - FUNDACAO DE APOIO A PESQUISA DO DF                ;="150201";150201 - FUNDAÇÃO DE APOIO A PESQUISA DO DF - FAP          ;764910300 - TRANSFERÊNCIAS VOLU - ENCAMINHADO PARA DECISÃO DO ORDENADOR DE DESPESA;007914                                  ;-5655,5
;015201 - FUNDACAO DE APOIO A PESQUISA DO DF                ;="150201";150201 - FUNDAÇÃO DE APOIO A PESQUISA DO DF - FAP          ;764910300 - TRANSFERÊNCIAS VOLU - ENCAMINHADO PARA DECISÃO DO ORDENADOR DE DESPESA;007915                                  ;-9051,15
;015201 - FUNDACAO DE APOIO A PESQUISA DO DF                ;="150201";150201 - FUNDAÇÃO DE APOIO A PESQUISA DO DF - FAP          ;764910300 - TRANSFERÊNCIAS VOLU - ENCAMINHADO PARA DECISÃO DO ORDENADOR DE DESPESA;007916                                  ;-7360
;015201 - FUNDACAO DE APOIO A PESQUISA DO DF                ;="150201";150201 - FUNDAÇÃO DE APOIO A PESQUISA DO DF - FAP          ;764910300 - TRANSFERÊNCIAS VOLU - ENCAMINHADO PARA DECISÃO DO ORDENADOR DE DESPESA;007920                                  ;-9381,5
;015201 - FUNDACAO DE APOIO A PESQUISA DO DF                ;="150201";150201 - FUNDAÇÃO DE APOIO A PESQUISA DO DF - FAP          ;764910300 - TRANSFERÊNCIAS VOLU - ENCAMINHADO PARA DECISÃO DO ORDENADOR DE DESPESA;007923                                  ;-9700
;015201 - FUNDACAO DE APOIO A PESQUISA DO DF                ;="150201";150201 - FUNDAÇÃO DE APOIO A PESQUISA DO DF - FAP          ;764910300 - TRANSFERÊNCIAS VOLU - ENCAMINHADO PARA DECISÃO DO ORDENADOR DE DESPESA;007925                                  ;-8798,01
;015201 - FUNDACAO DE APOIO A PESQUISA DO DF                ;="150201";150201 - FUNDAÇÃO DE APOIO A PESQUISA DO DF - FAP          ;764910300 - TRANSFERÊNCIAS VOLU - ENCAMINHADO PARA DECISÃO DO ORDENADOR DE DESPESA;007926                                  ;-1250
;015201 - FUNDACAO DE APOIO A PESQUISA DO DF                ;="150201";150201 - FUNDAÇÃO DE APOIO A PESQUISA DO DF - FAP          ;764910300 - TRANSFERÊNCIAS VOLU - ENCAMINHADO PARA DECISÃO DO ORDENADOR DE DESPESA;007927                                  ;-1250
;015201 - FUNDACAO DE APOIO A PESQUISA DO DF                ;="150201";150201 - FUNDAÇÃO DE APOIO A PESQUISA DO DF - FAP          ;764910300 - TRANSFERÊNCIAS VOLU - ENCAMINHADO PARA DECISÃO DO ORDENADOR DE DESPESA;007928                                  ;-5750
;015201 - FUNDACAO DE APOIO A PESQUISA DO DF                ;="150201";150201 - FUNDAÇÃO DE APOIO A PESQUISA DO DF - FAP          ;764910300 - TRANSFERÊNCIAS VOLU - ENCAMINHADO PARA DECISÃO DO ORDENADOR DE DESPESA;007929                                  ;-10000
;015201 - FUNDACAO DE APOIO A PESQUISA DO DF                ;="150201";150201 - FUNDAÇÃO DE APOIO A PESQUISA DO DF - FAP          ;764910300 - TRANSFERÊNCIAS VOLU - ENCAMINHADO PARA DECISÃO DO ORDENADOR DE DESPESA;007933                                  ;-1430
;015201 - FUNDACAO DE APOIO A PESQUISA DO DF                ;="150201";150201 - FUNDAÇÃO DE APOIO A PESQUISA DO DF - FAP          ;764910300 - TRANSFERÊNCIAS VOLU - ENCAMINHADO PARA DECISÃO DO ORDENADOR DE DESPESA;007934                                  ;-10000
;015201 - FUNDACAO DE APOIO A PESQUISA DO DF                ;="150201";150201 - FUNDAÇÃO DE APOIO A PESQUISA DO DF - FAP          ;764910300 - TRANSFERÊNCIAS VOLU - ENCAMINHADO PARA DECISÃO DO ORDENADOR DE DESPESA;007935                                  ;-2500
;015201 - FUNDACAO DE APOIO A PESQUISA DO DF                ;="150201";150201 - FUNDAÇÃO DE APOIO A PESQUISA DO DF - FAP          ;764910300 - TRANSFERÊNCIAS VOLU - ENCAMINHADO PARA DECISÃO DO ORDENADOR DE DESPESA;007978                                  ;-1200
;015201 - FUNDACAO DE APOIO A PESQUISA DO DF                ;="150201";150201 - FUNDAÇÃO DE APOIO A PESQUISA DO DF - FAP          ;764910300 - TRANSFERÊNCIAS VOLU - ENCAMINHADO PARA DECISÃO DO ORDENADOR DE DESPESA;007979                                  ;-1200
;015201 - FUNDACAO DE APOIO A PESQUISA DO DF                ;="150201";150201 - FUNDAÇÃO DE APOIO A PESQUISA DO DF - FAP          ;764910300 - TRANSFERÊNCIAS VOLU - ENCAMINHADO PARA DECISÃO DO ORDENADOR DE DESPESA;007986                                  ;-10000
;015201 - FUNDACAO DE APOIO A PESQUISA DO DF                ;="150201";150201 - FUNDAÇÃO DE APOIO A PESQUISA DO DF - FAP          ;764910300 - TRANSFERÊNCIAS VOLU - ENCAMINHADO PARA DECISÃO DO ORDENADOR DE DESPESA;007988                                  ;-10000
;015201 - FUNDACAO DE APOIO A PESQUISA DO DF                ;="150201";150201 - FUNDAÇÃO DE APOIO A PESQUISA DO DF - FAP          ;764910300 - TRANSFERÊNCIAS VOLU - ENCAMINHADO PARA DECISÃO DO ORDENADOR DE DESPESA;007989                                  ;-7304
;015201 - FUNDACAO DE APOIO A PESQUISA DO DF                ;="150201";150201 - FUNDAÇÃO DE APOIO A PESQUISA DO DF - FAP          ;764910300 - TRANSFERÊNCIAS VOLU - ENCAMINHADO PARA DECISÃO DO ORDENADOR DE DESPESA;007995                                  ;-10000
;015201 - FUNDACAO DE APOIO A PESQUISA DO DF                ;="150201";150201 - FUNDAÇÃO DE APOIO A PESQUISA DO DF - FAP          ;764910300 - TRANSFERÊNCIAS VOLU - ENCAMINHADO PARA DECISÃO DO ORDENADOR DE DESPESA;008007                                  ;-7955
;015201 - FUNDACAO DE APOIO A PESQUISA DO DF                ;="150201";150201 - FUNDAÇÃO DE APOIO A PESQUISA DO DF - FAP          ;764910300 - TRANSFERÊNCIAS VOLU - ENCAMINHADO PARA DECISÃO DO ORDENADOR DE DESPESA;008008                                  ;-9996
;015201 - FUNDACAO DE APOIO A PESQUISA DO DF                ;="150201";150201 - FUNDAÇÃO DE APOIO A PESQUISA DO DF - FAP          ;764910300 - TRANSFERÊNCIAS VOLU - ENCAMINHADO PARA DECISÃO DO ORDENADOR DE DESPESA;008014                                  ;-3000
;015201 - FUNDACAO DE APOIO A PESQUISA DO DF                ;="150201";150201 - FUNDAÇÃO DE APOIO A PESQUISA DO DF - FAP          ;764910300 - TRANSFERÊNCIAS VOLU - ENCAMINHADO PARA DECISÃO DO ORDENADOR DE DESPESA;008017                                  ;-1692
;015201 - FUNDACAO DE APOIO A PESQUISA DO DF                ;="150201";150201 - FUNDAÇÃO DE APOIO A PESQUISA DO DF - FAP          ;764910300 - TRANSFERÊNCIAS VOLU - ENCAMINHADO PARA DECISÃO DO ORDENADOR DE DESPESA;008019                                  ;-10000
;015201 - FUNDACAO DE APOIO A PESQUISA DO DF                ;="150201";150201 - FUNDAÇÃO DE APOIO A PESQUISA DO DF - FAP          ;764910300 - TRANSFERÊNCIAS VOLU - ENCAMINHADO PARA DECISÃO DO ORDENADOR DE DESPESA;008020                                  ;-1875,5
;015201 - FUNDACAO DE APOIO A PESQUISA DO DF                ;="150201";150201 - FUNDAÇÃO DE APOIO A PESQUISA DO DF - FAP          ;764910300 - TRANSFERÊNCIAS VOLU - ENCAMINHADO PARA DECISÃO DO ORDENADOR DE DESPESA;008021                                  ;-2210
;015201 - FUNDACAO DE APOIO A PESQUISA DO DF                ;="150201";150201 - FUNDAÇÃO DE APOIO A PESQUISA DO DF - FAP          ;764910300 - TRANSFERÊNCIAS VOLU - ENCAMINHADO PARA DECISÃO DO ORDENADOR DE DESPESA;008023                                  ;-8800
;015201 - FUNDACAO DE APOIO A PESQUISA DO DF                ;="150201";150201 - FUNDAÇÃO DE APOIO A PESQUISA DO DF - FAP          ;764910300 - TRANSFERÊNCIAS VOLU - ENCAMINHADO PARA DECISÃO DO ORDENADOR DE DESPESA;008024                                  ;-2610
;015201 - FUNDACAO DE APOIO A PESQUISA DO DF                ;="150201";150201 - FUNDAÇÃO DE APOIO A PESQUISA DO DF - FAP          ;764910300 - TRANSFERÊNCIAS VOLU - ENCAMINHADO PARA DECISÃO DO ORDENADOR DE DESPESA;008025                                  ;-59000
;015201 - FUNDACAO DE APOIO A PESQUISA DO DF                ;="150201";150201 - FUNDAÇÃO DE APOIO A PESQUISA DO DF - FAP          ;764910300 - TRANSFERÊNCIAS VOLU - ENCAMINHADO PARA DECISÃO DO ORDENADOR DE DESPESA;008026                                  ;-10000
;015201 - FUNDACAO DE APOIO A PESQUISA DO DF                ;="150201";150201 - FUNDAÇÃO DE APOIO A PESQUISA DO DF - FAP          ;764910300 - TRANSFERÊNCIAS VOLU - ENCAMINHADO PARA DECISÃO DO ORDENADOR DE DESPESA;008027                                  ;-9900
;015201 - FUNDACAO DE APOIO A PESQUISA DO DF                ;="150201";150201 - FUNDAÇÃO DE APOIO A PESQUISA DO DF - FAP          ;764910300 - TRANSFERÊNCIAS VOLU - ENCAMINHADO PARA DECISÃO DO ORDENADOR DE DESPESA;008031                                  ;-2210
;015201 - FUNDACAO DE APOIO A PESQUISA DO DF                ;="150201";150201 - FUNDAÇÃO DE APOIO A PESQUISA DO DF - FAP          ;764910300 - TRANSFERÊNCIAS VOLU - ENCAMINHADO PARA DECISÃO DO ORDENADOR DE DESPESA;008036                                  ;-2100
;015201 - FUNDACAO DE APOIO A PESQUISA DO DF                ;="150201";150201 - FUNDAÇÃO DE APOIO A PESQUISA DO DF - FAP          ;764910300 - TRANSFERÊNCIAS VOLU - ENCAMINHADO PARA DECISÃO DO ORDENADOR DE DESPESA;008037                                  ;-2415
;015201 - FUNDACAO DE APOIO A PESQUISA DO DF                ;="150201";150201 - FUNDAÇÃO DE APOIO A PESQUISA DO DF - FAP          ;764910300 - TRANSFERÊNCIAS VOLU - ENCAMINHADO PARA DECISÃO DO ORDENADOR DE DESPESA;008038                                  ;-7220
;015201 - FUNDACAO DE APOIO A PESQUISA DO DF                ;="150201";150201 - FUNDAÇÃO DE APOIO A PESQUISA DO DF - FAP          ;764910300 - TRANSFERÊNCIAS VOLU - ENCAMINHADO PARA DECISÃO DO ORDENADOR DE DESPESA;008039                                  ;-6900
;015201 - FUNDACAO DE APOIO A PESQUISA DO DF                ;="150201";150201 - FUNDAÇÃO DE APOIO A PESQUISA DO DF - FAP          ;764910300 - TRANSFERÊNCIAS VOLU - ENCAMINHADO PARA DECISÃO DO ORDENADOR DE DESPESA;008047                                  ;-5475
;015201 - FUNDACAO DE APOIO A PESQUISA DO DF                ;="150201";150201 - FUNDAÇÃO DE APOIO A PESQUISA DO DF - FAP          ;764910300 - TRANSFERÊNCIAS VOLU - ENCAMINHADO PARA DECISÃO DO ORDENADOR DE DESPESA;008051                                  ;-3000
;015201 - FUNDACAO DE APOIO A PESQUISA DO DF                ;="150201";150201 - FUNDAÇÃO DE APOIO A PESQUISA DO DF - FAP          ;764910300 - TRANSFERÊNCIAS VOLU - ENCAMINHADO PARA DECISÃO DO ORDENADOR DE DESPESA;008054                                  ;-6500
;015201 - FUNDACAO DE APOIO A PESQUISA DO DF                ;="150201";150201 - FUNDAÇÃO DE APOIO A PESQUISA DO DF - FAP          ;764910300 - TRANSFERÊNCIAS VOLU - ENCAMINHADO PARA DECISÃO DO ORDENADOR DE DESPESA;008055                                  ;-2950
;015201 - FUNDACAO DE APOIO A PESQUISA DO DF                ;="150201";150201 - FUNDAÇÃO DE APOIO A PESQUISA DO DF - FAP          ;764910300 - TRANSFERÊNCIAS VOLU - ENCAMINHADO PARA DECISÃO DO ORDENADOR DE DESPESA;008056                                  ;-9928
;015201 - FUNDACAO DE APOIO A PESQUISA DO DF                ;="150201";150201 - FUNDAÇÃO DE APOIO A PESQUISA DO DF - FAP          ;764910300 - TRANSFERÊNCIAS VOLU - ENCAMINHADO PARA DECISÃO DO ORDENADOR DE DESPESA;008057                                  ;-8850
;015201 - FUNDACAO DE APOIO A PESQUISA DO DF                ;="150201";150201 - FUNDAÇÃO DE APOIO A PESQUISA DO DF - FAP          ;764910300 - TRANSFERÊNCIAS VOLU - ENCAMINHADO PARA DECISÃO DO ORDENADOR DE DESPESA;008067                                  ;-2162,54
;015201 - FUNDACAO DE APOIO A PESQUISA DO DF                ;="150201";150201 - FUNDAÇÃO DE APOIO A PESQUISA DO DF - FAP          ;764910300 - TRANSFERÊNCIAS VOLU - ENCAMINHADO PARA DECISÃO DO ORDENADOR DE DESPESA;008069                                  ;-10000
;015201 - FUNDACAO DE APOIO A PESQUISA DO DF                ;="150201";150201 - FUNDAÇÃO DE APOIO A PESQUISA DO DF - FAP          ;764910300 - TRANSFERÊNCIAS VOLU - ENCAMINHADO PARA DECISÃO DO ORDENADOR DE DESPESA;008078                                  ;-2140
;015201 - FUNDACAO DE APOIO A PESQUISA DO DF                ;="150201";150201 - FUNDAÇÃO DE APOIO A PESQUISA DO DF - FAP          ;764910300 - TRANSFERÊNCIAS VOLU - ENCAMINHADO PARA DECISÃO DO ORDENADOR DE DESPESA;008080                                  ;-9300
;015201 - FUNDACAO DE APOIO A PESQUISA DO DF                ;="150201";150201 - FUNDAÇÃO DE APOIO A PESQUISA DO DF - FAP          ;764910300 - TRANSFERÊNCIAS VOLU - ENCAMINHADO PARA DECISÃO DO ORDENADOR DE DESPESA;008081                                  ;-5390
;015201 - FUNDACAO DE APOIO A PESQUISA DO DF                ;="150201";150201 - FUNDAÇÃO DE APOIO A PESQUISA DO DF - FAP          ;764910300 - TRANSFERÊNCIAS VOLU - ENCAMINHADO PARA DECISÃO DO ORDENADOR DE DESPESA;008082                                  ;-8035,3
;015201 - FUNDACAO DE APOIO A PESQUISA DO DF                ;="150201";150201 - FUNDAÇÃO DE APOIO A PESQUISA DO DF - FAP          ;764910300 - TRANSFERÊNCIAS VOLU - ENCAMINHADO PARA DECISÃO DO ORDENADOR DE DESPESA;008083                                  ;-2000
;015201 - FUNDACAO DE APOIO A PESQUISA DO DF                ;="150201";150201 - FUNDAÇÃO DE APOIO A PESQUISA DO DF - FAP          ;764910300 - TRANSFERÊNCIAS VOLU - ENCAMINHADO PARA DECISÃO DO ORDENADOR DE DESPESA;008085                                  ;-55107,78
;015201 - FUNDACAO DE APOIO A PESQUISA DO DF                ;="150201";150201 - FUNDAÇÃO DE APOIO A PESQUISA DO DF - FAP          ;764910300 - TRANSFERÊNCIAS VOLU - ENCAMINHADO PARA DECISÃO DO ORDENADOR DE DESPESA;008086                                  ;-8945,06
;015201 - FUNDACAO DE APOIO A PESQUISA DO DF                ;="150201";150201 - FUNDAÇÃO DE APOIO A PESQUISA DO DF - FAP          ;764910300 - TRANSFERÊNCIAS VOLU - ENCAMINHADO PARA DECISÃO DO ORDENADOR DE DESPESA;008088                                  ;-9828
;015201 - FUNDACAO DE APOIO A PESQUISA DO DF                ;="150201";150201 - FUNDAÇÃO DE APOIO A PESQUISA DO DF - FAP          ;764910300 - TRANSFERÊNCIAS VOLU - ENCAMINHADO PARA DECISÃO DO ORDENADOR DE DESPESA;008089                                  ;-2974,12
;015201 - FUNDACAO DE APOIO A PESQUISA DO DF                ;="150201";150201 - FUNDAÇÃO DE APOIO A PESQUISA DO DF - FAP          ;764910300 - TRANSFERÊNCIAS VOLU - ENCAMINHADO PARA DECISÃO DO ORDENADOR DE DESPESA;008090                                  ;-3000
;015201 - FUNDACAO DE APOIO A PESQUISA DO DF                ;="150201";150201 - FUNDAÇÃO DE APOIO A PESQUISA DO DF - FAP          ;764910300 - TRANSFERÊNCIAS VOLU - ENCAMINHADO PARA DECISÃO DO ORDENADOR DE DESPESA;008091                                  ;-8984
;015201 - FUNDACAO DE APOIO A PESQUISA DO DF                ;="150201";150201 - FUNDAÇÃO DE APOIO A PESQUISA DO DF - FAP          ;764910300 - TRANSFERÊNCIAS VOLU - ENCAMINHADO PARA DECISÃO DO ORDENADOR DE DESPESA;008092                                  ;-2990
;015201 - FUNDACAO DE APOIO A PESQUISA DO DF                ;="150201";150201 - FUNDAÇÃO DE APOIO A PESQUISA DO DF - FAP          ;764910300 - TRANSFERÊNCIAS VOLU - ENCAMINHADO PARA DECISÃO DO ORDENADOR DE DESPESA;008093                                  ;-9662,5
;015201 - FUNDACAO DE APOIO A PESQUISA DO DF                ;="150201";150201 - FUNDAÇÃO DE APOIO A PESQUISA DO DF - FAP          ;764910300 - TRANSFERÊNCIAS VOLU - ENCAMINHADO PARA DECISÃO DO ORDENADOR DE DESPESA;008095                                  ;-8562,5
;015201 - FUNDACAO DE APOIO A PESQUISA DO DF                ;="150201";150201 - FUNDAÇÃO DE APOIO A PESQUISA DO DF - FAP          ;764910300 - TRANSFERÊNCIAS VOLU - ENCAMINHADO PARA DECISÃO DO ORDENADOR DE DESPESA;008096                                  ;-7345
;015201 - FUNDACAO DE APOIO A PESQUISA DO DF                ;="150201";150201 - FUNDAÇÃO DE APOIO A PESQUISA DO DF - FAP          ;764910300 - TRANSFERÊNCIAS VOLU - ENCAMINHADO PARA DECISÃO DO ORDENADOR DE DESPESA;008097                                  ;-8232,9
;015201 - FUNDACAO DE APOIO A PESQUISA DO DF                ;="150201";150201 - FUNDAÇÃO DE APOIO A PESQUISA DO DF - FAP          ;764910300 - TRANSFERÊNCIAS VOLU - ENCAMINHADO PARA DECISÃO DO ORDENADOR DE DESPESA;008099                                  ;-8457,41
;015201 - FUNDACAO DE APOIO A PESQUISA DO DF                ;="150201";150201 - FUNDAÇÃO DE APOIO A PESQUISA DO DF - FAP          ;764910300 - TRANSFERÊNCIAS VOLU - ENCAMINHADO PARA DECISÃO DO ORDENADOR DE DESPESA;008100                                  ;-2050
;015201 - FUNDACAO DE APOIO A PESQUISA DO DF                ;="150201";150201 - FUNDAÇÃO DE APOIO A PESQUISA DO DF - FAP          ;764910300 - TRANSFERÊNCIAS VOLU - ENCAMINHADO PARA DECISÃO DO ORDENADOR DE DESPESA;008101                                  ;-1950
;015201 - FUNDACAO DE APOIO A PESQUISA DO DF                ;="150201";150201 - FUNDAÇÃO DE APOIO A PESQUISA DO DF - FAP          ;764910300 - TRANSFERÊNCIAS VOLU - ENCAMINHADO PARA DECISÃO DO ORDENADOR DE DESPESA;008102                                  ;-3000
;015201 - FUNDACAO DE APOIO A PESQUISA DO DF                ;="150201";150201 - FUNDAÇÃO DE APOIO A PESQUISA DO DF - FAP          ;764910300 - TRANSFERÊNCIAS VOLU - ENCAMINHADO PARA DECISÃO DO ORDENADOR DE DESPESA;008104                                  ;-2970
;015201 - FUNDACAO DE APOIO A PESQUISA DO DF                ;="150201";150201 - FUNDAÇÃO DE APOIO A PESQUISA DO DF - FAP          ;764910300 - TRANSFERÊNCIAS VOLU - ENCAMINHADO PARA DECISÃO DO ORDENADOR DE DESPESA;008105                                  ;-2780
;015201 - FUNDACAO DE APOIO A PESQUISA DO DF                ;="150201";150201 - FUNDAÇÃO DE APOIO A PESQUISA DO DF - FAP          ;764910300 - TRANSFERÊNCIAS VOLU - ENCAMINHADO PARA DECISÃO DO ORDENADOR DE DESPESA;008122                                  ;-10000
;015201 - FUNDACAO DE APOIO A PESQUISA DO DF                ;="150201";150201 - FUNDAÇÃO DE APOIO A PESQUISA DO DF - FAP          ;764910300 - TRANSFERÊNCIAS VOLU - ENCAMINHADO PARA DECISÃO DO ORDENADOR DE DESPESA;008124                                  ;-9735
;015201 - FUNDACAO DE APOIO A PESQUISA DO DF                ;="150201";150201 - FUNDAÇÃO DE APOIO A PESQUISA DO DF - FAP          ;764910300 - TRANSFERÊNCIAS VOLU - ENCAMINHADO PARA DECISÃO DO ORDENADOR DE DESPESA;008125                                  ;-10000
;015201 - FUNDACAO DE APOIO A PESQUISA DO DF                ;="150201";150201 - FUNDAÇÃO DE APOIO A PESQUISA DO DF - FAP          ;764910300 - TRANSFERÊNCIAS VOLU - ENCAMINHADO PARA DECISÃO DO ORDENADOR DE DESPESA;008127                                  ;-9993
;015201 - FUNDACAO DE APOIO A PESQUISA DO DF                ;="150201";150201 - FUNDAÇÃO DE APOIO A PESQUISA DO DF - FAP          ;764910300 - TRANSFERÊNCIAS VOLU - ENCAMINHADO PARA DECISÃO DO ORDENADOR DE DESPESA;008129                                  ;-4758,29
;015201 - FUNDACAO DE APOIO A PESQUISA DO DF                ;="150201";150201 - FUNDAÇÃO DE APOIO A PESQUISA DO DF - FAP          ;764910300 - TRANSFERÊNCIAS VOLU - ENCAMINHADO PARA DECISÃO DO ORDENADOR DE DESPESA;008132                                  ;-10000
;015201 - FUNDACAO DE APOIO A PESQUISA DO DF                ;="150201";150201 - FUNDAÇÃO DE APOIO A PESQUISA DO DF - FAP          ;764910300 - TRANSFERÊNCIAS VOLU - ENCAMINHADO PARA DECISÃO DO ORDENADOR DE DESPESA;008140                                  ;-9999
;015201 - FUNDACAO DE APOIO A PESQUISA DO DF                ;="150201";150201 - FUNDAÇÃO DE APOIO A PESQUISA DO DF - FAP          ;764910300 - TRANSFERÊNCIAS VOLU - ENCAMINHADO PARA DECISÃO DO ORDENADOR DE DESPESA;008142                                  ;-10000
;015201 - FUNDACAO DE APOIO A PESQUISA DO DF                ;="150201";150201 - FUNDAÇÃO DE APOIO A PESQUISA DO DF - FAP          ;764910300 - TRANSFERÊNCIAS VOLU - ENCAMINHADO PARA DECISÃO DO ORDENADOR DE DESPESA;008144                                  ;-3870,4
;015201 - FUNDACAO DE APOIO A PESQUISA DO DF                ;="150201";150201 - FUNDAÇÃO DE APOIO A PESQUISA DO DF - FAP          ;764910300 - TRANSFERÊNCIAS VOLU - ENCAMINHADO PARA DECISÃO DO ORDENADOR DE DESPESA;008145                                  ;-9500
;015201 - FUNDACAO DE APOIO A PESQUISA DO DF                ;="150201";150201 - FUNDAÇÃO DE APOIO A PESQUISA DO DF - FAP          ;764910300 - TRANSFERÊNCIAS VOLU - ENCAMINHADO PARA DECISÃO DO ORDENADOR DE DESPESA;008146                                  ;-8242,5
;015201 - FUNDACAO DE APOIO A PESQUISA DO DF                ;="150201";150201 - FUNDAÇÃO DE APOIO A PESQUISA DO DF - FAP          ;764910300 - TRANSFERÊNCIAS VOLU - ENCAMINHADO PARA DECISÃO DO ORDENADOR DE DESPESA;008147                                  ;-10000
;015201 - FUNDACAO DE APOIO A PESQUISA DO DF                ;="150201";150201 - FUNDAÇÃO DE APOIO A PESQUISA DO DF - FAP          ;764910300 - TRANSFERÊNCIAS VOLU - ENCAMINHADO PARA DECISÃO DO ORDENADOR DE DESPESA;008149                                  ;-9937,5
;015201 - FUNDACAO DE APOIO A PESQUISA DO DF                ;="150201";150201 - FUNDAÇÃO DE APOIO A PESQUISA DO DF - FAP          ;764910300 - TRANSFERÊNCIAS VOLU - ENCAMINHADO PARA DECISÃO DO ORDENADOR DE DESPESA;008150                                  ;-10000
;015201 - FUNDACAO DE APOIO A PESQUISA DO DF                ;="150201";150201 - FUNDAÇÃO DE APOIO A PESQUISA DO DF - FAP          ;764910300 - TRANSFERÊNCIAS VOLU - ENCAMINHADO PARA DECISÃO DO ORDENADOR DE DESPESA;008151                                  ;-4565,47
;015201 - FUNDACAO DE APOIO A PESQUISA DO DF                ;="150201";150201 - FUNDAÇÃO DE APOIO A PESQUISA DO DF - FAP          ;764910300 - TRANSFERÊNCIAS VOLU - ENCAMINHADO PARA DECISÃO DO ORDENADOR DE DESPESA;008152                                  ;-10000
;015201 - FUNDACAO DE APOIO A PESQUISA DO DF                ;="150201";150201 - FUNDAÇÃO DE APOIO A PESQUISA DO DF - FAP          ;764910300 - TRANSFERÊNCIAS VOLU - ENCAMINHADO PARA DECISÃO DO ORDENADOR DE DESPESA;008154                                  ;-9960
;015201 - FUNDACAO DE APOIO A PESQUISA DO DF                ;="150201";150201 - FUNDAÇÃO DE APOIO A PESQUISA DO DF - FAP          ;764910300 - TRANSFERÊNCIAS VOLU - ENCAMINHADO PARA DECISÃO DO ORDENADOR DE DESPESA;008155                                  ;-10000
;015201 - FUNDACAO DE APOIO A PESQUISA DO DF                ;="150201";150201 - FUNDAÇÃO DE APOIO A PESQUISA DO DF - FAP          ;764910300 - TRANSFERÊNCIAS VOLU - ENCAMINHADO PARA DECISÃO DO ORDENADOR DE DESPESA;008156                                  ;-9840,22
;015201 - FUNDACAO DE APOIO A PESQUISA DO DF                ;="150201";150201 - FUNDAÇÃO DE APOIO A PESQUISA DO DF - FAP          ;764910300 - TRANSFERÊNCIAS VOLU - ENCAMINHADO PARA DECISÃO DO ORDENADOR DE DESPESA;008157                                  ;-7181,84
;015201 - FUNDACAO DE APOIO A PESQUISA DO DF                ;="150201";150201 - FUNDAÇÃO DE APOIO A PESQUISA DO DF - FAP          ;764910300 - TRANSFERÊNCIAS VOLU - ENCAMINHADO PARA DECISÃO DO ORDENADOR DE DESPESA;008158                                  ;-9960
;015201 - FUNDACAO DE APOIO A PESQUISA DO DF                ;="150201";150201 - FUNDAÇÃO DE APOIO A PESQUISA DO DF - FAP          ;764910300 - TRANSFERÊNCIAS VOLU - ENCAMINHADO PARA DECISÃO DO ORDENADOR DE DESPESA;008159                                  ;-9940
;015201 - FUNDACAO DE APOIO A PESQUISA DO DF                ;="150201";150201 - FUNDAÇÃO DE APOIO A PESQUISA DO DF - FAP          ;764910300 - TRANSFERÊNCIAS VOLU - ENCAMINHADO PARA DECISÃO DO ORDENADOR DE DESPESA;008160                                  ;-10000
;015201 - FUNDACAO DE APOIO A PESQUISA DO DF                ;="150201";150201 - FUNDAÇÃO DE APOIO A PESQUISA DO DF - FAP          ;764910300 - TRANSFERÊNCIAS VOLU - ENCAMINHADO PARA DECISÃO DO ORDENADOR DE DESPESA;008161                                  ;-9119,7
;015201 - FUNDACAO DE APOIO A PESQUISA DO DF                ;="150201";150201 - FUNDAÇÃO DE APOIO A PESQUISA DO DF - FAP          ;764910300 - TRANSFERÊNCIAS VOLU - ENCAMINHADO PARA DECISÃO DO ORDENADOR DE DESPESA;008162                                  ;-10000
;015201 - FUNDACAO DE APOIO A PESQUISA DO DF                ;="150201";150201 - FUNDAÇÃO DE APOIO A PESQUISA DO DF - FAP          ;764910300 - TRANSFERÊNCIAS VOLU - ENCAMINHADO PARA DECISÃO DO ORDENADOR DE DESPESA;008163                                  ;-7933
;015201 - FUNDACAO DE APOIO A PESQUISA DO DF                ;="150201";150201 - FUNDAÇÃO DE APOIO A PESQUISA DO DF - FAP          ;764910300 - TRANSFERÊNCIAS VOLU - ENCAMINHADO PARA DECISÃO DO ORDENADOR DE DESPESA;008165                                  ;-10000
;015201 - FUNDACAO DE APOIO A PESQUISA DO DF                ;="150201";150201 - FUNDAÇÃO DE APOIO A PESQUISA DO DF - FAP          ;764910300 - TRANSFERÊNCIAS VOLU - ENCAMINHADO PARA DECISÃO DO ORDENADOR DE DESPESA;008166                                  ;-9719
;015201 - FUNDACAO DE APOIO A PESQUISA DO DF                ;="150201";150201 - FUNDAÇÃO DE APOIO A PESQUISA DO DF - FAP          ;764910300 - TRANSFERÊNCIAS VOLU - ENCAMINHADO PARA DECISÃO DO ORDENADOR DE DESPESA;008167                                  ;-10000
;015201 - FUNDACAO DE APOIO A PESQUISA DO DF                ;="150201";150201 - FUNDAÇÃO DE APOIO A PESQUISA DO DF - FAP          ;764910300 - TRANSFERÊNCIAS VOLU - ENCAMINHADO PARA DECISÃO DO ORDENADOR DE DESPESA;008168                                  ;-3200
;015201 - FUNDACAO DE APOIO A PESQUISA DO DF                ;="150201";150201 - FUNDAÇÃO DE APOIO A PESQUISA DO DF - FAP          ;764910300 - TRANSFERÊNCIAS VOLU - ENCAMINHADO PARA DECISÃO DO ORDENADOR DE DESPESA;008169                                  ;-9860
;015201 - FUNDACAO DE APOIO A PESQUISA DO DF                ;="150201";150201 - FUNDAÇÃO DE APOIO A PESQUISA DO DF - FAP          ;764910300 - TRANSFERÊNCIAS VOLU - ENCAMINHADO PARA DECISÃO DO ORDENADOR DE DESPESA;008173                                  ;-10000
;015201 - FUNDACAO DE APOIO A PESQUISA DO DF                ;="150201";150201 - FUNDAÇÃO DE APOIO A PESQUISA DO DF - FAP          ;764910300 - TRANSFERÊNCIAS VOLU - ENCAMINHADO PARA DECISÃO DO ORDENADOR DE DESPESA;008175                                  ;-9762
;015201 - FUNDACAO DE APOIO A PESQUISA DO DF                ;="150201";150201 - FUNDAÇÃO DE APOIO A PESQUISA DO DF - FAP          ;764910300 - TRANSFERÊNCIAS VOLU - ENCAMINHADO PARA DECISÃO DO ORDENADOR DE DESPESA;008176                                  ;-7021,48
;015201 - FUNDACAO DE APOIO A PESQUISA DO DF                ;="150201";150201 - FUNDAÇÃO DE APOIO A PESQUISA DO DF - FAP          ;764910300 - TRANSFERÊNCIAS VOLU - ENCAMINHADO PARA DECISÃO DO ORDENADOR DE DESPESA;008177                                  ;-9361,54
;015201 - FUNDACAO DE APOIO A PESQUISA DO DF                ;="150201";150201 - FUNDAÇÃO DE APOIO A PESQUISA DO DF - FAP          ;764910300 - TRANSFERÊNCIAS VOLU - ENCAMINHADO PARA DECISÃO DO ORDENADOR DE DESPESA;008184                                  ;-7124
;015201 - FUNDACAO DE APOIO A PESQUISA DO DF                ;="150201";150201 - FUNDAÇÃO DE APOIO A PESQUISA DO DF - FAP          ;764910300 - TRANSFERÊNCIAS VOLU - ENCAMINHADO PARA DECISÃO DO ORDENADOR DE DESPESA;008185                                  ;-4893,74
;015201 - FUNDACAO DE APOIO A PESQUISA DO DF                ;="150201";150201 - FUNDAÇÃO DE APOIO A PESQUISA DO DF - FAP          ;764910300 - TRANSFERÊNCIAS VOLU - ENCAMINHADO PARA DECISÃO DO ORDENADOR DE DESPESA;008186                                  ;-9452
;015201 - FUNDACAO DE APOIO A PESQUISA DO DF                ;="150201";150201 - FUNDAÇÃO DE APOIO A PESQUISA DO DF - FAP          ;764910300 - TRANSFERÊNCIAS VOLU - ENCAMINHADO PARA DECISÃO DO ORDENADOR DE DESPESA;008187                                  ;-1745
;015201 - FUNDACAO DE APOIO A PESQUISA DO DF                ;="150201";150201 - FUNDAÇÃO DE APOIO A PESQUISA DO DF - FAP          ;764910300 - TRANSFERÊNCIAS VOLU - ENCAMINHADO PARA DECISÃO DO ORDENADOR DE DESPESA;008191                                  ;-3908,83
;015201 - FUNDACAO DE APOIO A PESQUISA DO DF                ;="150201";150201 - FUNDAÇÃO DE APOIO A PESQUISA DO DF - FAP          ;764910300 - TRANSFERÊNCIAS VOLU - ENCAMINHADO PARA DECISÃO DO ORDENADOR DE DESPESA;008192                                  ;-10000
;015201 - FUNDACAO DE APOIO A PESQUISA DO DF                ;="150201";150201 - FUNDAÇÃO DE APOIO A PESQUISA DO DF - FAP          ;764910300 - TRANSFERÊNCIAS VOLU - ENCAMINHADO PARA DECISÃO DO ORDENADOR DE DESPESA;008195                                  ;-45000
;015201 - FUNDACAO DE APOIO A PESQUISA DO DF                ;="150201";150201 - FUNDAÇÃO DE APOIO A PESQUISA DO DF - FAP          ;764910300 - TRANSFERÊNCIAS VOLU - ENCAMINHADO PARA DECISÃO DO ORDENADOR DE DESPESA;008199                                  ;-10000
;015201 - FUNDACAO DE APOIO A PESQUISA DO DF                ;="150201";150201 - FUNDAÇÃO DE APOIO A PESQUISA DO DF - FAP          ;764910300 - TRANSFERÊNCIAS VOLU - ENCAMINHADO PARA DECISÃO DO ORDENADOR DE DESPESA;008201                                  ;-10000
;015201 - FUNDACAO DE APOIO A PESQUISA DO DF                ;="150201";150201 - FUNDAÇÃO DE APOIO A PESQUISA DO DF - FAP          ;764910300 - TRANSFERÊNCIAS VOLU - ENCAMINHADO PARA DECISÃO DO ORDENADOR DE DESPESA;008203                                  ;-9850
;015201 - FUNDACAO DE APOIO A PESQUISA DO DF                ;="150201";150201 - FUNDAÇÃO DE APOIO A PESQUISA DO DF - FAP          ;764910300 - TRANSFERÊNCIAS VOLU - ENCAMINHADO PARA DECISÃO DO ORDENADOR DE DESPESA;008205                                  ;-10000
;015201 - FUNDACAO DE APOIO A PESQUISA DO DF                ;="150201";150201 - FUNDAÇÃO DE APOIO A PESQUISA DO DF - FAP          ;764910300 - TRANSFERÊNCIAS VOLU - ENCAMINHADO PARA DECISÃO DO ORDENADOR DE DESPESA;008208                                  ;-10000
;015201 - FUNDACAO DE APOIO A PESQUISA DO DF                ;="150201";150201 - FUNDAÇÃO DE APOIO A PESQUISA DO DF - FAP          ;764910300 - TRANSFERÊNCIAS VOLU - ENCAMINHADO PARA DECISÃO DO ORDENADOR DE DESPESA;008209                                  ;-10000
;015201 - FUNDACAO DE APOIO A PESQUISA DO DF                ;="150201";150201 - FUNDAÇÃO DE APOIO A PESQUISA DO DF - FAP          ;764910300 - TRANSFERÊNCIAS VOLU - ENCAMINHADO PARA DECISÃO DO ORDENADOR DE DESPESA;008211                                  ;-10000
;015201 - FUNDACAO DE APOIO A PESQUISA DO DF                ;="150201";150201 - FUNDAÇÃO DE APOIO A PESQUISA DO DF - FAP          ;764910300 - TRANSFERÊNCIAS VOLU - ENCAMINHADO PARA DECISÃO DO ORDENADOR DE DESPESA;008213                                  ;-7056,4
;015201 - FUNDACAO DE APOIO A PESQUISA DO DF                ;="150201";150201 - FUNDAÇÃO DE APOIO A PESQUISA DO DF - FAP          ;764910300 - TRANSFERÊNCIAS VOLU - ENCAMINHADO PARA DECISÃO DO ORDENADOR DE DESPESA;008214                                  ;-9981,06
;015201 - FUNDACAO DE APOIO A PESQUISA DO DF                ;="150201";150201 - FUNDAÇÃO DE APOIO A PESQUISA DO DF - FAP          ;764910300 - TRANSFERÊNCIAS VOLU - ENCAMINHADO PARA DECISÃO DO ORDENADOR DE DESPESA;008215                                  ;-10000
;015201 - FUNDACAO DE APOIO A PESQUISA DO DF                ;="150201";150201 - FUNDAÇÃO DE APOIO A PESQUISA DO DF - FAP          ;764910300 - TRANSFERÊNCIAS VOLU - ENCAMINHADO PARA DECISÃO DO ORDENADOR DE DESPESA;008216                                  ;-9500
;015201 - FUNDACAO DE APOIO A PESQUISA DO DF                ;="150201";150201 - FUNDAÇÃO DE APOIO A PESQUISA DO DF - FAP          ;764910300 - TRANSFERÊNCIAS VOLU - ENCAMINHADO PARA DECISÃO DO ORDENADOR DE DESPESA;008218                                  ;-10000
;015201 - FUNDACAO DE APOIO A PESQUISA DO DF                ;="150201";150201 - FUNDAÇÃO DE APOIO A PESQUISA DO DF - FAP          ;764910300 - TRANSFERÊNCIAS VOLU - ENCAMINHADO PARA DECISÃO DO ORDENADOR DE DESPESA;008223                                  ;-9850
;015201 - FUNDACAO DE APOIO A PESQUISA DO DF                ;="150201";150201 - FUNDAÇÃO DE APOIO A PESQUISA DO DF - FAP          ;764910300 - TRANSFERÊNCIAS VOLU - ENCAMINHADO PARA DECISÃO DO ORDENADOR DE DESPESA;008225                                  ;-9842,5
;015201 - FUNDACAO DE APOIO A PESQUISA DO DF                ;="150201";150201 - FUNDAÇÃO DE APOIO A PESQUISA DO DF - FAP          ;764910300 - TRANSFERÊNCIAS VOLU - ENCAMINHADO PARA DECISÃO DO ORDENADOR DE DESPESA;008226                                  ;-9770
;015201 - FUNDACAO DE APOIO A PESQUISA DO DF                ;="150201";150201 - FUNDAÇÃO DE APOIO A PESQUISA DO DF - FAP          ;764910300 - TRANSFERÊNCIAS VOLU - ENCAMINHADO PARA DECISÃO DO ORDENADOR DE DESPESA;008227                                  ;-8102,85
;015201 - FUNDACAO DE APOIO A PESQUISA DO DF                ;="150201";150201 - FUNDAÇÃO DE APOIO A PESQUISA DO DF - FAP          ;764910300 - TRANSFERÊNCIAS VOLU - ENCAMINHADO PARA DECISÃO DO ORDENADOR DE DESPESA;008229                                  ;-10000
;015201 - FUNDACAO DE APOIO A PESQUISA DO DF                ;="150201";150201 - FUNDAÇÃO DE APOIO A PESQUISA DO DF - FAP          ;764910300 - TRANSFERÊNCIAS VOLU - ENCAMINHADO PARA DECISÃO DO ORDENADOR DE DESPESA;008230                                  ;-6100
;015201 - FUNDACAO DE APOIO A PESQUISA DO DF                ;="150201";150201 - FUNDAÇÃO DE APOIO A PESQUISA DO DF - FAP          ;764910300 - TRANSFERÊNCIAS VOLU - ENCAMINHADO PARA DECISÃO DO ORDENADOR DE DESPESA;008234                                  ;-60000
;015201 - FUNDACAO DE APOIO A PESQUISA DO DF                ;="150201";150201 - FUNDAÇÃO DE APOIO A PESQUISA DO DF - FAP          ;764910300 - TRANSFERÊNCIAS VOLU - ENCAMINHADO PARA DECISÃO DO ORDENADOR DE DESPESA;008236                                  ;-10000
;015201 - FUNDACAO DE APOIO A PESQUISA DO DF                ;="150201";150201 - FUNDAÇÃO DE APOIO A PESQUISA DO DF - FAP          ;764910300 - TRANSFERÊNCIAS VOLU - ENCAMINHADO PARA DECISÃO DO ORDENADOR DE DESPESA;008237                                  ;-3000
;015201 - FUNDACAO DE APOIO A PESQUISA DO DF                ;="150201";150201 - FUNDAÇÃO DE APOIO A PESQUISA DO DF - FAP          ;764910300 - TRANSFERÊNCIAS VOLU - ENCAMINHADO PARA DECISÃO DO ORDENADOR DE DESPESA;008240                                  ;-8353,59
;015201 - FUNDACAO DE APOIO A PESQUISA DO DF                ;="150201";150201 - FUNDAÇÃO DE APOIO A PESQUISA DO DF - FAP          ;764910300 - TRANSFERÊNCIAS VOLU - ENCAMINHADO PARA DECISÃO DO ORDENADOR DE DESPESA;008241                                  ;-9800
;015201 - FUNDACAO DE APOIO A PESQUISA DO DF                ;="150201";150201 - FUNDAÇÃO DE APOIO A PESQUISA DO DF - FAP          ;764910300 - TRANSFERÊNCIAS VOLU - ENCAMINHADO PARA DECISÃO DO ORDENADOR DE DESPESA;008243                                  ;-10000
;015201 - FUNDACAO DE APOIO A PESQUISA DO DF                ;="150201";150201 - FUNDAÇÃO DE APOIO A PESQUISA DO DF - FAP          ;764910300 - TRANSFERÊNCIAS VOLU - ENCAMINHADO PARA DECISÃO DO ORDENADOR DE DESPESA;008244                                  ;-8506,29
;015201 - FUNDACAO DE APOIO A PESQUISA DO DF                ;="150201";150201 - FUNDAÇÃO DE APOIO A PESQUISA DO DF - FAP          ;764910300 - TRANSFERÊNCIAS VOLU - ENCAMINHADO PARA DECISÃO DO ORDENADOR DE DESPESA;008248                                  ;-10000
;015201 - FUNDACAO DE APOIO A PESQUISA DO DF                ;="150201";150201 - FUNDAÇÃO DE APOIO A PESQUISA DO DF - FAP          ;764910300 - TRANSFERÊNCIAS VOLU - ENCAMINHADO PARA DECISÃO DO ORDENADOR DE DESPESA;008259                                  ;-9017
;015201 - FUNDACAO DE APOIO A PESQUISA DO DF                ;="150201";150201 - FUNDAÇÃO DE APOIO A PESQUISA DO DF - FAP          ;764910300 - TRANSFERÊNCIAS VOLU - ENCAMINHADO PARA DECISÃO DO ORDENADOR DE DESPESA;008260                                  ;-8762
;015201 - FUNDACAO DE APOIO A PESQUISA DO DF                ;="150201";150201 - FUNDAÇÃO DE APOIO A PESQUISA DO DF - FAP          ;764910300 - TRANSFERÊNCIAS VOLU - ENCAMINHADO PARA DECISÃO DO ORDENADOR DE DESPESA;008263                                  ;-10000
;015201 - FUNDACAO DE APOIO A PESQUISA DO DF                ;="150201";150201 - FUNDAÇÃO DE APOIO A PESQUISA DO DF - FAP          ;764910300 - TRANSFERÊNCIAS VOLU - ENCAMINHADO PARA DECISÃO DO ORDENADOR DE DESPESA;008264                                  ;-3000
;015201 - FUNDACAO DE APOIO A PESQUISA DO DF                ;="150201";150201 - FUNDAÇÃO DE APOIO A PESQUISA DO DF - FAP          ;764910300 - TRANSFERÊNCIAS VOLU - ENCAMINHADO PARA DECISÃO DO ORDENADOR DE DESPESA;008265                                  ;-10000
;015201 - FUNDACAO DE APOIO A PESQUISA DO DF                ;="150201";150201 - FUNDAÇÃO DE APOIO A PESQUISA DO DF - FAP          ;764910300 - TRANSFERÊNCIAS VOLU - ENCAMINHADO PARA DECISÃO DO ORDENADOR DE DESPESA;008266                                  ;-9931,86
;015201 - FUNDACAO DE APOIO A PESQUISA DO DF                ;="150201";150201 - FUNDAÇÃO DE APOIO A PESQUISA DO DF - FAP          ;764910300 - TRANSFERÊNCIAS VOLU - ENCAMINHADO PARA DECISÃO DO ORDENADOR DE DESPESA;008267                                  ;-4847,63
;015201 - FUNDACAO DE APOIO A PESQUISA DO DF                ;="150201";150201 - FUNDAÇÃO DE APOIO A PESQUISA DO DF - FAP          ;764910300 - TRANSFERÊNCIAS VOLU - ENCAMINHADO PARA DECISÃO DO ORDENADOR DE DESPESA;008270                                  ;-9055
;015201 - FUNDACAO DE APOIO A PESQUISA DO DF                ;="150201";150201 - FUNDAÇÃO DE APOIO A PESQUISA DO DF - FAP          ;764910300 - TRANSFERÊNCIAS VOLU - ENCAMINHADO PARA DECISÃO DO ORDENADOR DE DESPESA;008271                                  ;-4789,26
;015201 - FUNDACAO DE APOIO A PESQUISA DO DF                ;="150201";150201 - FUNDAÇÃO DE APOIO A PESQUISA DO DF - FAP          ;764910300 - TRANSFERÊNCIAS VOLU - ENCAMINHADO PARA DECISÃO DO ORDENADOR DE DESPESA;008272                                  ;-7347,5
;015201 - FUNDACAO DE APOIO A PESQUISA DO DF                ;="150201";150201 - FUNDAÇÃO DE APOIO A PESQUISA DO DF - FAP          ;764910300 - TRANSFERÊNCIAS VOLU - ENCAMINHADO PARA DECISÃO DO ORDENADOR DE DESPESA;008273                                  ;-7005
;015201 - FUNDACAO DE APOIO A PESQUISA DO DF                ;="150201";150201 - FUNDAÇÃO DE APOIO A PESQUISA DO DF - FAP          ;764910300 - TRANSFERÊNCIAS VOLU - ENCAMINHADO PARA DECISÃO DO ORDENADOR DE DESPESA;008279                                  ;-9908,5
;015201 - FUNDACAO DE APOIO A PESQUISA DO DF                ;="150201";150201 - FUNDAÇÃO DE APOIO A PESQUISA DO DF - FAP          ;764910300 - TRANSFERÊNCIAS VOLU - ENCAMINHADO PARA DECISÃO DO ORDENADOR DE DESPESA;008280                                  ;-8800
;015201 - FUNDACAO DE APOIO A PESQUISA DO DF                ;="150201";150201 - FUNDAÇÃO DE APOIO A PESQUISA DO DF - FAP          ;764910300 - TRANSFERÊNCIAS VOLU - ENCAMINHADO PARA DECISÃO DO ORDENADOR DE DESPESA;008281                                  ;-10000
;015201 - FUNDACAO DE APOIO A PESQUISA DO DF                ;="150201";150201 - FUNDAÇÃO DE APOIO A PESQUISA DO DF - FAP          ;764910300 - TRANSFERÊNCIAS VOLU - ENCAMINHADO PARA DECISÃO DO ORDENADOR DE DESPESA;008282                                  ;-10000
;015201 - FUNDACAO DE APOIO A PESQUISA DO DF                ;="150201";150201 - FUNDAÇÃO DE APOIO A PESQUISA DO DF - FAP          ;764910300 - TRANSFERÊNCIAS VOLU - ENCAMINHADO PARA DECISÃO DO ORDENADOR DE DESPESA;008284                                  ;-10000
;015201 - FUNDACAO DE APOIO A PESQUISA DO DF                ;="150201";150201 - FUNDAÇÃO DE APOIO A PESQUISA DO DF - FAP          ;764910300 - TRANSFERÊNCIAS VOLU - ENCAMINHADO PARA DECISÃO DO ORDENADOR DE DESPESA;008285                                  ;-10000
;015201 - FUNDACAO DE APOIO A PESQUISA DO DF                ;="150201";150201 - FUNDAÇÃO DE APOIO A PESQUISA DO DF - FAP          ;764910300 - TRANSFERÊNCIAS VOLU - ENCAMINHADO PARA DECISÃO DO ORDENADOR DE DESPESA;008286                                  ;-10000
;015201 - FUNDACAO DE APOIO A PESQUISA DO DF                ;="150201";150201 - FUNDAÇÃO DE APOIO A PESQUISA DO DF - FAP          ;764910300 - TRANSFERÊNCIAS VOLU - ENCAMINHADO PARA DECISÃO DO ORDENADOR DE DESPESA;008287                                  ;-10000
;015201 - FUNDACAO DE APOIO A PESQUISA DO DF                ;="150201";150201 - FUNDAÇÃO DE APOIO A PESQUISA DO DF - FAP          ;764910300 - TRANSFERÊNCIAS VOLU - ENCAMINHADO PARA DECISÃO DO ORDENADOR DE DESPESA;008288                                  ;-10000
;015201 - FUNDACAO DE APOIO A PESQUISA DO DF                ;="150201";150201 - FUNDAÇÃO DE APOIO A PESQUISA DO DF - FAP          ;764910300 - TRANSFERÊNCIAS VOLU - ENCAMINHADO PARA DECISÃO DO ORDENADOR DE DESPESA;008289                                  ;-3000
;015201 - FUNDACAO DE APOIO A PESQUISA DO DF                ;="150201";150201 - FUNDAÇÃO DE APOIO A PESQUISA DO DF - FAP          ;764910300 - TRANSFERÊNCIAS VOLU - ENCAMINHADO PARA DECISÃO DO ORDENADOR DE DESPESA;008290                                  ;-10000
;015201 - FUNDACAO DE APOIO A PESQUISA DO DF                ;="150201";150201 - FUNDAÇÃO DE APOIO A PESQUISA DO DF - FAP          ;764910300 - TRANSFERÊNCIAS VOLU - ENCAMINHADO PARA DECISÃO DO ORDENADOR DE DESPESA;008292                                  ;-10000
;015201 - FUNDACAO DE APOIO A PESQUISA DO DF                ;="150201";150201 - FUNDAÇÃO DE APOIO A PESQUISA DO DF - FAP          ;764910300 - TRANSFERÊNCIAS VOLU - ENCAMINHADO PARA DECISÃO DO ORDENADOR DE DESPESA;008293                                  ;-1400
;015201 - FUNDACAO DE APOIO A PESQUISA DO DF                ;="150201";150201 - FUNDAÇÃO DE APOIO A PESQUISA DO DF - FAP          ;764910300 - TRANSFERÊNCIAS VOLU - ENCAMINHADO PARA DECISÃO DO ORDENADOR DE DESPESA;008295                                  ;-9900
;015201 - FUNDACAO DE APOIO A PESQUISA DO DF                ;="150201";150201 - FUNDAÇÃO DE APOIO A PESQUISA DO DF - FAP          ;764910300 - TRANSFERÊNCIAS VOLU - ENCAMINHADO PARA DECISÃO DO ORDENADOR DE DESPESA;008298                                  ;-2997,9
;015201 - FUNDACAO DE APOIO A PESQUISA DO DF                ;="150201";150201 - FUNDAÇÃO DE APOIO A PESQUISA DO DF - FAP          ;764910300 - TRANSFERÊNCIAS VOLU - ENCAMINHADO PARA DECISÃO DO ORDENADOR DE DESPESA;008299                                  ;-3000
;015201 - FUNDACAO DE APOIO A PESQUISA DO DF                ;="150201";150201 - FUNDAÇÃO DE APOIO A PESQUISA DO DF - FAP          ;764910300 - TRANSFERÊNCIAS VOLU - ENCAMINHADO PARA DECISÃO DO ORDENADOR DE DESPESA;008300                                  ;-9687,5
;015201 - FUNDACAO DE APOIO A PESQUISA DO DF                ;="150201";150201 - FUNDAÇÃO DE APOIO A PESQUISA DO DF - FAP          ;764910300 - TRANSFERÊNCIAS VOLU - ENCAMINHADO PARA DECISÃO DO ORDENADOR DE DESPESA;008301                                  ;-4087
;015201 - FUNDACAO DE APOIO A PESQUISA DO DF                ;="150201";150201 - FUNDAÇÃO DE APOIO A PESQUISA DO DF - FAP          ;764910300 - TRANSFERÊNCIAS VOLU - ENCAMINHADO PARA DECISÃO DO ORDENADOR DE DESPESA;008304                                  ;-6150
;015201 - FUNDACAO DE APOIO A PESQUISA DO DF                ;="150201";150201 - FUNDAÇÃO DE APOIO A PESQUISA DO DF - FAP          ;764910300 - TRANSFERÊNCIAS VOLU - ENCAMINHADO PARA DECISÃO DO ORDENADOR DE DESPESA;008305                                  ;-6050
;015201 - FUNDACAO DE APOIO A PESQUISA DO DF                ;="150201";150201 - FUNDAÇÃO DE APOIO A PESQUISA DO DF - FAP          ;764910300 - TRANSFERÊNCIAS VOLU - ENCAMINHADO PARA DECISÃO DO ORDENADOR DE DESPESA;008306                                  ;-2785
;015201 - FUNDACAO DE APOIO A PESQUISA DO DF                ;="150201";150201 - FUNDAÇÃO DE APOIO A PESQUISA DO DF - FAP          ;764910300 - TRANSFERÊNCIAS VOLU - ENCAMINHADO PARA DECISÃO DO ORDENADOR DE DESPESA;008320                                  ;-9945,74
;015201 - FUNDACAO DE APOIO A PESQUISA DO DF                ;="150201";150201 - FUNDAÇÃO DE APOIO A PESQUISA DO DF - FAP          ;764910300 - TRANSFERÊNCIAS VOLU - ENCAMINHADO PARA DECISÃO DO ORDENADOR DE DESPESA;008324                                  ;-2190
;015201 - FUNDACAO DE APOIO A PESQUISA DO DF                ;="150201";150201 - FUNDAÇÃO DE APOIO A PESQUISA DO DF - FAP          ;764910300 - TRANSFERÊNCIAS VOLU - ENCAMINHADO PARA DECISÃO DO ORDENADOR DE DESPESA;008325                                  ;-10000
;015201 - FUNDACAO DE APOIO A PESQUISA DO DF                ;="150201";150201 - FUNDAÇÃO DE APOIO A PESQUISA DO DF - FAP          ;764910300 - TRANSFERÊNCIAS VOLU - ENCAMINHADO PARA DECISÃO DO ORDENADOR DE DESPESA;008326                                  ;-6150
;015201 - FUNDACAO DE APOIO A PESQUISA DO DF                ;="150201";150201 - FUNDAÇÃO DE APOIO A PESQUISA DO DF - FAP          ;764910300 - TRANSFERÊNCIAS VOLU - ENCAMINHADO PARA DECISÃO DO ORDENADOR DE DESPESA;008333                                  ;-6669,09
;015201 - FUNDACAO DE APOIO A PESQUISA DO DF                ;="150201";150201 - FUNDAÇÃO DE APOIO A PESQUISA DO DF - FAP          ;764910300 - TRANSFERÊNCIAS VOLU - ENCAMINHADO PARA DECISÃO DO ORDENADOR DE DESPESA;008334                                  ;-9950
;015201 - FUNDACAO DE APOIO A PESQUISA DO DF                ;="150201";150201 - FUNDAÇÃO DE APOIO A PESQUISA DO DF - FAP          ;764910300 - TRANSFERÊNCIAS VOLU - ENCAMINHADO PARA DECISÃO DO ORDENADOR DE DESPESA;008338                                  ;-9950
;015201 - FUNDACAO DE APOIO A PESQUISA DO DF                ;="150201";150201 - FUNDAÇÃO DE APOIO A PESQUISA DO DF - FAP          ;764910300 - TRANSFERÊNCIAS VOLU - ENCAMINHADO PARA DECISÃO DO ORDENADOR DE DESPESA;008339                                  ;-2700
;015201 - FUNDACAO DE APOIO A PESQUISA DO DF                ;="150201";150201 - FUNDAÇÃO DE APOIO A PESQUISA DO DF - FAP          ;764910300 - TRANSFERÊNCIAS VOLU - ENCAMINHADO PARA DECISÃO DO ORDENADOR DE DESPESA;008340                                  ;-2950
;015201 - FUNDACAO DE APOIO A PESQUISA DO DF                ;="150201";150201 - FUNDAÇÃO DE APOIO A PESQUISA DO DF - FAP          ;764910300 - TRANSFERÊNCIAS VOLU - ENCAMINHADO PARA DECISÃO DO ORDENADOR DE DESPESA;008342                                  ;-9990
;015201 - FUNDACAO DE APOIO A PESQUISA DO DF                ;="150201";150201 - FUNDAÇÃO DE APOIO A PESQUISA DO DF - FAP          ;764910300 - TRANSFERÊNCIAS VOLU - ENCAMINHADO PARA DECISÃO DO ORDENADOR DE DESPESA;008343                                  ;-10000
;015201 - FUNDACAO DE APOIO A PESQUISA DO DF                ;="150201";150201 - FUNDAÇÃO DE APOIO A PESQUISA DO DF - FAP          ;764910300 - TRANSFERÊNCIAS VOLU - ENCAMINHADO PARA DECISÃO DO ORDENADOR DE DESPESA;008344                                  ;-1325
;015201 - FUNDACAO DE APOIO A PESQUISA DO DF                ;="150201";150201 - FUNDAÇÃO DE APOIO A PESQUISA DO DF - FAP          ;764910300 - TRANSFERÊNCIAS VOLU - ENCAMINHADO PARA DECISÃO DO ORDENADOR DE DESPESA;008345                                  ;-9978,5
;015201 - FUNDACAO DE APOIO A PESQUISA DO DF                ;="150201";150201 - FUNDAÇÃO DE APOIO A PESQUISA DO DF - FAP          ;764910300 - TRANSFERÊNCIAS VOLU - ENCAMINHADO PARA DECISÃO DO ORDENADOR DE DESPESA;008354                                  ;-10000
;015201 - FUNDACAO DE APOIO A PESQUISA DO DF                ;="150201";150201 - FUNDAÇÃO DE APOIO A PESQUISA DO DF - FAP          ;764910300 - TRANSFERÊNCIAS VOLU - ENCAMINHADO PARA DECISÃO DO ORDENADOR DE DESPESA;008355                                  ;-59410
;015201 - FUNDACAO DE APOIO A PESQUISA DO DF                ;="150201";150201 - FUNDAÇÃO DE APOIO A PESQUISA DO DF - FAP          ;764910300 - TRANSFERÊNCIAS VOLU - ENCAMINHADO PARA DECISÃO DO ORDENADOR DE DESPESA;008358                                  ;-10000
;015201 - FUNDACAO DE APOIO A PESQUISA DO DF                ;="150201";150201 - FUNDAÇÃO DE APOIO A PESQUISA DO DF - FAP          ;764910300 - TRANSFERÊNCIAS VOLU - ENCAMINHADO PARA DECISÃO DO ORDENADOR DE DESPESA;008359                                  ;-5521,76
;015201 - FUNDACAO DE APOIO A PESQUISA DO DF                ;="150201";150201 - FUNDAÇÃO DE APOIO A PESQUISA DO DF - FAP          ;764910300 - TRANSFERÊNCIAS VOLU - ENCAMINHADO PARA DECISÃO DO ORDENADOR DE DESPESA;008371                                  ;-3000
;015201 - FUNDACAO DE APOIO A PESQUISA DO DF                ;="150201";150201 - FUNDAÇÃO DE APOIO A PESQUISA DO DF - FAP          ;764910300 - TRANSFERÊNCIAS VOLU - ENCAMINHADO PARA DECISÃO DO ORDENADOR DE DESPESA;008372                                  ;-10000
;015201 - FUNDACAO DE APOIO A PESQUISA DO DF                ;="150201";150201 - FUNDAÇÃO DE APOIO A PESQUISA DO DF - FAP          ;764910300 - TRANSFERÊNCIAS VOLU - ENCAMINHADO PARA DECISÃO DO ORDENADOR DE DESPESA;008374                                  ;-10000
;015201 - FUNDACAO DE APOIO A PESQUISA DO DF                ;="150201";150201 - FUNDAÇÃO DE APOIO A PESQUISA DO DF - FAP          ;764910300 - TRANSFERÊNCIAS VOLU - ENCAMINHADO PARA DECISÃO DO ORDENADOR DE DESPESA;008375                                  ;-5620
;015201 - FUNDACAO DE APOIO A PESQUISA DO DF                ;="150201";150201 - FUNDAÇÃO DE APOIO A PESQUISA DO DF - FAP          ;764910300 - TRANSFERÊNCIAS VOLU - ENCAMINHADO PARA DECISÃO DO ORDENADOR DE DESPESA;008376                                  ;-3851
;015201 - FUNDACAO DE APOIO A PESQUISA DO DF                ;="150201";150201 - FUNDAÇÃO DE APOIO A PESQUISA DO DF - FAP          ;764910300 - TRANSFERÊNCIAS VOLU - ENCAMINHADO PARA DECISÃO DO ORDENADOR DE DESPESA;008377                                  ;-5000
;015201 - FUNDACAO DE APOIO A PESQUISA DO DF                ;="150201";150201 - FUNDAÇÃO DE APOIO A PESQUISA DO DF - FAP          ;764910300 - TRANSFERÊNCIAS VOLU - ENCAMINHADO PARA DECISÃO DO ORDENADOR DE DESPESA;008378                                  ;-7965
;015201 - FUNDACAO DE APOIO A PESQUISA DO DF                ;="150201";150201 - FUNDAÇÃO DE APOIO A PESQUISA DO DF - FAP          ;764910300 - TRANSFERÊNCIAS VOLU - ENCAMINHADO PARA DECISÃO DO ORDENADOR DE DESPESA;008379                                  ;-9125
;015201 - FUNDACAO DE APOIO A PESQUISA DO DF                ;="150201";150201 - FUNDAÇÃO DE APOIO A PESQUISA DO DF - FAP          ;764910300 - TRANSFERÊNCIAS VOLU - ENCAMINHADO PARA DECISÃO DO ORDENADOR DE DESPESA;008383                                  ;-10000
;015201 - FUNDACAO DE APOIO A PESQUISA DO DF                ;="150201";150201 - FUNDAÇÃO DE APOIO A PESQUISA DO DF - FAP          ;764910300 - TRANSFERÊNCIAS VOLU - ENCAMINHADO PARA DECISÃO DO ORDENADOR DE DESPESA;008384                                  ;-8721,64
;015201 - FUNDACAO DE APOIO A PESQUISA DO DF                ;="150201";150201 - FUNDAÇÃO DE APOIO A PESQUISA DO DF - FAP          ;764910300 - TRANSFERÊNCIAS VOLU - ENCAMINHADO PARA DECISÃO DO ORDENADOR DE DESPESA;008385                                  ;-9995
;015201 - FUNDACAO DE APOIO A PESQUISA DO DF                ;="150201";150201 - FUNDAÇÃO DE APOIO A PESQUISA DO DF - FAP          ;764910300 - TRANSFERÊNCIAS VOLU - ENCAMINHADO PARA DECISÃO DO ORDENADOR DE DESPESA;008387                                  ;-7965
;015201 - FUNDACAO DE APOIO A PESQUISA DO DF                ;="150201";150201 - FUNDAÇÃO DE APOIO A PESQUISA DO DF - FAP          ;764910300 - TRANSFERÊNCIAS VOLU - ENCAMINHADO PARA DECISÃO DO ORDENADOR DE DESPESA;008388                                  ;-9360
;015201 - FUNDACAO DE APOIO A PESQUISA DO DF                ;="150201";150201 - FUNDAÇÃO DE APOIO A PESQUISA DO DF - FAP          ;764910300 - TRANSFERÊNCIAS VOLU - ENCAMINHADO PARA DECISÃO DO ORDENADOR DE DESPESA;008390                                  ;-2964,3
;015201 - FUNDACAO DE APOIO A PESQUISA DO DF                ;="150201";150201 - FUNDAÇÃO DE APOIO A PESQUISA DO DF - FAP          ;764910300 - TRANSFERÊNCIAS VOLU - ENCAMINHADO PARA DECISÃO DO ORDENADOR DE DESPESA;008391                                  ;-10000
;015201 - FUNDACAO DE APOIO A PESQUISA DO DF                ;="150201";150201 - FUNDAÇÃO DE APOIO A PESQUISA DO DF - FAP          ;764910300 - TRANSFERÊNCIAS VOLU - ENCAMINHADO PARA DECISÃO DO ORDENADOR DE DESPESA;008392                                  ;-9995
;015201 - FUNDACAO DE APOIO A PESQUISA DO DF                ;="150201";150201 - FUNDAÇÃO DE APOIO A PESQUISA DO DF - FAP          ;764910300 - TRANSFERÊNCIAS VOLU - ENCAMINHADO PARA DECISÃO DO ORDENADOR DE DESPESA;008394                                  ;-8635
;015201 - FUNDACAO DE APOIO A PESQUISA DO DF                ;="150201";150201 - FUNDAÇÃO DE APOIO A PESQUISA DO DF - FAP          ;764910300 - TRANSFERÊNCIAS VOLU - ENCAMINHADO PARA DECISÃO DO ORDENADOR DE DESPESA;008396                                  ;-10000
;015201 - FUNDACAO DE APOIO A PESQUISA DO DF                ;="150201";150201 - FUNDAÇÃO DE APOIO A PESQUISA DO DF - FAP          ;764910300 - TRANSFERÊNCIAS VOLU - ENCAMINHADO PARA DECISÃO DO ORDENADOR DE DESPESA;008397                                  ;-9990
;015201 - FUNDACAO DE APOIO A PESQUISA DO DF                ;="150201";150201 - FUNDAÇÃO DE APOIO A PESQUISA DO DF - FAP          ;764910300 - TRANSFERÊNCIAS VOLU - ENCAMINHADO PARA DECISÃO DO ORDENADOR DE DESPESA;008398                                  ;-2757,5
;015201 - FUNDACAO DE APOIO A PESQUISA DO DF                ;="150201";150201 - FUNDAÇÃO DE APOIO A PESQUISA DO DF - FAP          ;764910300 - TRANSFERÊNCIAS VOLU - ENCAMINHADO PARA DECISÃO DO ORDENADOR DE DESPESA;008400                                  ;-10000
;015201 - FUNDACAO DE APOIO A PESQUISA DO DF                ;="150201";150201 - FUNDAÇÃO DE APOIO A PESQUISA DO DF - FAP          ;764910300 - TRANSFERÊNCIAS VOLU - ENCAMINHADO PARA DECISÃO DO ORDENADOR DE DESPESA;008403                                  ;-9561,14
;015201 - FUNDACAO DE APOIO A PESQUISA DO DF                ;="150201";150201 - FUNDAÇÃO DE APOIO A PESQUISA DO DF - FAP          ;764910300 - TRANSFERÊNCIAS VOLU - ENCAMINHADO PARA DECISÃO DO ORDENADOR DE DESPESA;008406                                  ;-10000
;015201 - FUNDACAO DE APOIO A PESQUISA DO DF                ;="150201";150201 - FUNDAÇÃO DE APOIO A PESQUISA DO DF - FAP          ;764910300 - TRANSFERÊNCIAS VOLU - ENCAMINHADO PARA DECISÃO DO ORDENADOR DE DESPESA;008408                                  ;-9684,9
;015201 - FUNDACAO DE APOIO A PESQUISA DO DF                ;="150201";150201 - FUNDAÇÃO DE APOIO A PESQUISA DO DF - FAP          ;764910300 - TRANSFERÊNCIAS VOLU - ENCAMINHADO PARA DECISÃO DO ORDENADOR DE DESPESA;008409                                  ;-2910
;015201 - FUNDACAO DE APOIO A PESQUISA DO DF                ;="150201";150201 - FUNDAÇÃO DE APOIO A PESQUISA DO DF - FAP          ;764910300 - TRANSFERÊNCIAS VOLU - ENCAMINHADO PARA DECISÃO DO ORDENADOR DE DESPESA;008411                                  ;-8930
;015201 - FUNDACAO DE APOIO A PESQUISA DO DF                ;="150201";150201 - FUNDAÇÃO DE APOIO A PESQUISA DO DF - FAP          ;764910300 - TRANSFERÊNCIAS VOLU - ENCAMINHADO PARA DECISÃO DO ORDENADOR DE DESPESA;008413                                  ;-10000
;015201 - FUNDACAO DE APOIO A PESQUISA DO DF                ;="150201";150201 - FUNDAÇÃO DE APOIO A PESQUISA DO DF - FAP          ;764910300 - TRANSFERÊNCIAS VOLU - ENCAMINHADO PARA DECISÃO DO ORDENADOR DE DESPESA;008417                                  ;-3000
;015201 - FUNDACAO DE APOIO A PESQUISA DO DF                ;="150201";150201 - FUNDAÇÃO DE APOIO A PESQUISA DO DF - FAP          ;764910300 - TRANSFERÊNCIAS VOLU - ENCAMINHADO PARA DECISÃO DO ORDENADOR DE DESPESA;008418                                  ;-2410
;015201 - FUNDACAO DE APOIO A PESQUISA DO DF                ;="150201";150201 - FUNDAÇÃO DE APOIO A PESQUISA DO DF - FAP          ;764910300 - TRANSFERÊNCIAS VOLU - ENCAMINHADO PARA DECISÃO DO ORDENADOR DE DESPESA;008420                                  ;-7620
;015201 - FUNDACAO DE APOIO A PESQUISA DO DF                ;="150201";150201 - FUNDAÇÃO DE APOIO A PESQUISA DO DF - FAP          ;764910300 - TRANSFERÊNCIAS VOLU - ENCAMINHADO PARA DECISÃO DO ORDENADOR DE DESPESA;008431                                  ;-2810
;015201 - FUNDACAO DE APOIO A PESQUISA DO DF                ;="150201";150201 - FUNDAÇÃO DE APOIO A PESQUISA DO DF - FAP          ;764910300 - TRANSFERÊNCIAS VOLU - ENCAMINHADO PARA DECISÃO DO ORDENADOR DE DESPESA;008433                                  ;-7427,5
;015201 - FUNDACAO DE APOIO A PESQUISA DO DF                ;="150201";150201 - FUNDAÇÃO DE APOIO A PESQUISA DO DF - FAP          ;764910300 - TRANSFERÊNCIAS VOLU - ENCAMINHADO PARA DECISÃO DO ORDENADOR DE DESPESA;008435                                  ;-7805
;015201 - FUNDACAO DE APOIO A PESQUISA DO DF                ;="150201";150201 - FUNDAÇÃO DE APOIO A PESQUISA DO DF - FAP          ;764910300 - TRANSFERÊNCIAS VOLU - ENCAMINHADO PARA DECISÃO DO ORDENADOR DE DESPESA;008437                                  ;-3000
;015201 - FUNDACAO DE APOIO A PESQUISA DO DF                ;="150201";150201 - FUNDAÇÃO DE APOIO A PESQUISA DO DF - FAP          ;764910300 - TRANSFERÊNCIAS VOLU - ENCAMINHADO PARA DECISÃO DO ORDENADOR DE DESPESA;008438                                  ;-9787
;015201 - FUNDACAO DE APOIO A PESQUISA DO DF                ;="150201";150201 - FUNDAÇÃO DE APOIO A PESQUISA DO DF - FAP          ;764910300 - TRANSFERÊNCIAS VOLU - ENCAMINHADO PARA DECISÃO DO ORDENADOR DE DESPESA;008440                                  ;-4600
;015201 - FUNDACAO DE APOIO A PESQUISA DO DF                ;="150201";150201 - FUNDAÇÃO DE APOIO A PESQUISA DO DF - FAP          ;764910300 - TRANSFERÊNCIAS VOLU - ENCAMINHADO PARA DECISÃO DO ORDENADOR DE DESPESA;008441                                  ;-6860
;015201 - FUNDACAO DE APOIO A PESQUISA DO DF                ;="150201";150201 - FUNDAÇÃO DE APOIO A PESQUISA DO DF - FAP          ;764910300 - TRANSFERÊNCIAS VOLU - ENCAMINHADO PARA DECISÃO DO ORDENADOR DE DESPESA;008442                                  ;-10000
;015201 - FUNDACAO DE APOIO A PESQUISA DO DF                ;="150201";150201 - FUNDAÇÃO DE APOIO A PESQUISA DO DF - FAP          ;764910300 - TRANSFERÊNCIAS VOLU - ENCAMINHADO PARA DECISÃO DO ORDENADOR DE DESPESA;008443                                  ;-6759
;015201 - FUNDACAO DE APOIO A PESQUISA DO DF                ;="150201";150201 - FUNDAÇÃO DE APOIO A PESQUISA DO DF - FAP          ;764910300 - TRANSFERÊNCIAS VOLU - ENCAMINHADO PARA DECISÃO DO ORDENADOR DE DESPESA;008445                                  ;-10000
;015201 - FUNDACAO DE APOIO A PESQUISA DO DF                ;="150201";150201 - FUNDAÇÃO DE APOIO A PESQUISA DO DF - FAP          ;764910300 - TRANSFERÊNCIAS VOLU - ENCAMINHADO PARA DECISÃO DO ORDENADOR DE DESPESA;008461                                  ;-2685,38
;015201 - FUNDACAO DE APOIO A PESQUISA DO DF                ;="150201";150201 - FUNDAÇÃO DE APOIO A PESQUISA DO DF - FAP          ;764910300 - TRANSFERÊNCIAS VOLU - ENCAMINHADO PARA DECISÃO DO ORDENADOR DE DESPESA;008465                                  ;-21665
;015201 - FUNDACAO DE APOIO A PESQUISA DO DF                ;="150201";150201 - FUNDAÇÃO DE APOIO A PESQUISA DO DF - FAP          ;764910300 - TRANSFERÊNCIAS VOLU - ENCAMINHADO PARA DECISÃO DO ORDENADOR DE DESPESA;008466                                  ;-31495
;015201 - FUNDACAO DE APOIO A PESQUISA DO DF                ;="150201";150201 - FUNDAÇÃO DE APOIO A PESQUISA DO DF - FAP          ;764910300 - TRANSFERÊNCIAS VOLU - ENCAMINHADO PARA DECISÃO DO ORDENADOR DE DESPESA;008471                                  ;-2080
;015201 - FUNDACAO DE APOIO A PESQUISA DO DF                ;="150201";150201 - FUNDAÇÃO DE APOIO A PESQUISA DO DF - FAP          ;764910300 - TRANSFERÊNCIAS VOLU - ENCAMINHADO PARA DECISÃO DO ORDENADOR DE DESPESA;008472                                  ;-59486,23
;015201 - FUNDACAO DE APOIO A PESQUISA DO DF                ;="150201";150201 - FUNDAÇÃO DE APOIO A PESQUISA DO DF - FAP          ;764910300 - TRANSFERÊNCIAS VOLU - ENCAMINHADO PARA DECISÃO DO ORDENADOR DE DESPESA;008473                                  ;-60000
;015201 - FUNDACAO DE APOIO A PESQUISA DO DF                ;="150201";150201 - FUNDAÇÃO DE APOIO A PESQUISA DO DF - FAP          ;764910300 - TRANSFERÊNCIAS VOLU - ENCAMINHADO PARA DECISÃO DO ORDENADOR DE DESPESA;008478                                  ;-9600
;015201 - FUNDACAO DE APOIO A PESQUISA DO DF                ;="150201";150201 - FUNDAÇÃO DE APOIO A PESQUISA DO DF - FAP          ;764910300 - TRANSFERÊNCIAS VOLU - ENCAMINHADO PARA DECISÃO DO ORDENADOR DE DESPESA;008480                                  ;-2477,5
;015201 - FUNDACAO DE APOIO A PESQUISA DO DF                ;="150201";150201 - FUNDAÇÃO DE APOIO A PESQUISA DO DF - FAP          ;764910300 - TRANSFERÊNCIAS VOLU - ENCAMINHADO PARA DECISÃO DO ORDENADOR DE DESPESA;008482                                  ;-10000
;015201 - FUNDACAO DE APOIO A PESQUISA DO DF                ;="150201";150201 - FUNDAÇÃO DE APOIO A PESQUISA DO DF - FAP          ;764910300 - TRANSFERÊNCIAS VOLU - ENCAMINHADO PARA DECISÃO DO ORDENADOR DE DESPESA;008485                                  ;-2700
;015201 - FUNDACAO DE APOIO A PESQUISA DO DF                ;="150201";150201 - FUNDAÇÃO DE APOIO A PESQUISA DO DF - FAP          ;764910300 - TRANSFERÊNCIAS VOLU - ENCAMINHADO PARA DECISÃO DO ORDENADOR DE DESPESA;008486                                  ;-56640
;015201 - FUNDACAO DE APOIO A PESQUISA DO DF                ;="150201";150201 - FUNDAÇÃO DE APOIO A PESQUISA DO DF - FAP          ;764910300 - TRANSFERÊNCIAS VOLU - ENCAMINHADO PARA DECISÃO DO ORDENADOR DE DESPESA;008488                                  ;-8530
;015201 - FUNDACAO DE APOIO A PESQUISA DO DF                ;="150201";150201 - FUNDAÇÃO DE APOIO A PESQUISA DO DF - FAP          ;764910300 - TRANSFERÊNCIAS VOLU - ENCAMINHADO PARA DECISÃO DO ORDENADOR DE DESPESA;008489                                  ;-3000
;015201 - FUNDACAO DE APOIO A PESQUISA DO DF                ;="150201";150201 - FUNDAÇÃO DE APOIO A PESQUISA DO DF - FAP          ;764910300 - TRANSFERÊNCIAS VOLU - ENCAMINHADO PARA DECISÃO DO ORDENADOR DE DESPESA;008491                                  ;-27882,62
;015201 - FUNDACAO DE APOIO A PESQUISA DO DF                ;="150201";150201 - FUNDAÇÃO DE APOIO A PESQUISA DO DF - FAP          ;764910300 - TRANSFERÊNCIAS VOLU - ENCAMINHADO PARA DECISÃO DO ORDENADOR DE DESPESA;008493                                  ;-1970
;015201 - FUNDACAO DE APOIO A PESQUISA DO DF                ;="150201";150201 - FUNDAÇÃO DE APOIO A PESQUISA DO DF - FAP          ;764910300 - TRANSFERÊNCIAS VOLU - ENCAMINHADO PARA DECISÃO DO ORDENADOR DE DESPESA;008498                                  ;-9043
;015201 - FUNDACAO DE APOIO A PESQUISA DO DF                ;="150201";150201 - FUNDAÇÃO DE APOIO A PESQUISA DO DF - FAP          ;764910300 - TRANSFERÊNCIAS VOLU - ENCAMINHADO PARA DECISÃO DO ORDENADOR DE DESPESA;008499                                  ;-3000
;015201 - FUNDACAO DE APOIO A PESQUISA DO DF                ;="150201";150201 - FUNDAÇÃO DE APOIO A PESQUISA DO DF - FAP          ;764910300 - TRANSFERÊNCIAS VOLU - ENCAMINHADO PARA DECISÃO DO ORDENADOR DE DESPESA;008500                                  ;-49934,35
;015201 - FUNDACAO DE APOIO A PESQUISA DO DF                ;="150201";150201 - FUNDAÇÃO DE APOIO A PESQUISA DO DF - FAP          ;764910300 - TRANSFERÊNCIAS VOLU - ENCAMINHADO PARA DECISÃO DO ORDENADOR DE DESPESA;008501                                  ;-1910
;015201 - FUNDACAO DE APOIO A PESQUISA DO DF                ;="150201";150201 - FUNDAÇÃO DE APOIO A PESQUISA DO DF - FAP          ;764910300 - TRANSFERÊNCIAS VOLU - ENCAMINHADO PARA DECISÃO DO ORDENADOR DE DESPESA;008503                                  ;-2660
;015201 - FUNDACAO DE APOIO A PESQUISA DO DF                ;="150201";150201 - FUNDAÇÃO DE APOIO A PESQUISA DO DF - FAP          ;764910300 - TRANSFERÊNCIAS VOLU - ENCAMINHADO PARA DECISÃO DO ORDENADOR DE DESPESA;008506                                  ;-2920
;015201 - FUNDACAO DE APOIO A PESQUISA DO DF                ;="150201";150201 - FUNDAÇÃO DE APOIO A PESQUISA DO DF - FAP          ;764910300 - TRANSFERÊNCIAS VOLU - ENCAMINHADO PARA DECISÃO DO ORDENADOR DE DESPESA;008508                                  ;-2884
;015201 - FUNDACAO DE APOIO A PESQUISA DO DF                ;="150201";150201 - FUNDAÇÃO DE APOIO A PESQUISA DO DF - FAP          ;764910300 - TRANSFERÊNCIAS VOLU - ENCAMINHADO PARA DECISÃO DO ORDENADOR DE DESPESA;008509                                  ;-9345,98
;015201 - FUNDACAO DE APOIO A PESQUISA DO DF                ;="150201";150201 - FUNDAÇÃO DE APOIO A PESQUISA DO DF - FAP          ;764910300 - TRANSFERÊNCIAS VOLU - ENCAMINHADO PARA DECISÃO DO ORDENADOR DE DESPESA;008510                                  ;-9472,98
;015201 - FUNDACAO DE APOIO A PESQUISA DO DF                ;="150201";150201 - FUNDAÇÃO DE APOIO A PESQUISA DO DF - FAP          ;764910300 - TRANSFERÊNCIAS VOLU - ENCAMINHADO PARA DECISÃO DO ORDENADOR DE DESPESA;008511                                  ;-10000
;015201 - FUNDACAO DE APOIO A PESQUISA DO DF                ;="150201";150201 - FUNDAÇÃO DE APOIO A PESQUISA DO DF - FAP          ;764910300 - TRANSFERÊNCIAS VOLU - ENCAMINHADO PARA DECISÃO DO ORDENADOR DE DESPESA;008512                                  ;-9450
;015201 - FUNDACAO DE APOIO A PESQUISA DO DF                ;="150201";150201 - FUNDAÇÃO DE APOIO A PESQUISA DO DF - FAP          ;764910300 - TRANSFERÊNCIAS VOLU - ENCAMINHADO PARA DECISÃO DO ORDENADOR DE DESPESA;008513                                  ;-6641,5
;015201 - FUNDACAO DE APOIO A PESQUISA DO DF                ;="150201";150201 - FUNDAÇÃO DE APOIO A PESQUISA DO DF - FAP          ;764910300 - TRANSFERÊNCIAS VOLU - ENCAMINHADO PARA DECISÃO DO ORDENADOR DE DESPESA;008514                                  ;-4680,83
;015201 - FUNDACAO DE APOIO A PESQUISA DO DF                ;="150201";150201 - FUNDAÇÃO DE APOIO A PESQUISA DO DF - FAP          ;764910300 - TRANSFERÊNCIAS VOLU - ENCAMINHADO PARA DECISÃO DO ORDENADOR DE DESPESA;008515                                  ;-8574,3
;015201 - FUNDACAO DE APOIO A PESQUISA DO DF                ;="150201";150201 - FUNDAÇÃO DE APOIO A PESQUISA DO DF - FAP          ;764910300 - TRANSFERÊNCIAS VOLU - ENCAMINHADO PARA DECISÃO DO ORDENADOR DE DESPESA;008517                                  ;-3000
;015201 - FUNDACAO DE APOIO A PESQUISA DO DF                ;="150201";150201 - FUNDAÇÃO DE APOIO A PESQUISA DO DF - FAP          ;764910300 - TRANSFERÊNCIAS VOLU - ENCAMINHADO PARA DECISÃO DO ORDENADOR DE DESPESA;008518                                  ;-2175
;015201 - FUNDACAO DE APOIO A PESQUISA DO DF                ;="150201";150201 - FUNDAÇÃO DE APOIO A PESQUISA DO DF - FAP          ;764910300 - TRANSFERÊNCIAS VOLU - ENCAMINHADO PARA DECISÃO DO ORDENADOR DE DESPESA;008519                                  ;-8000
;015201 - FUNDACAO DE APOIO A PESQUISA DO DF                ;="150201";150201 - FUNDAÇÃO DE APOIO A PESQUISA DO DF - FAP          ;764910300 - TRANSFERÊNCIAS VOLU - ENCAMINHADO PARA DECISÃO DO ORDENADOR DE DESPESA;008523                                  ;-2800
;015201 - FUNDACAO DE APOIO A PESQUISA DO DF                ;="150201";150201 - FUNDAÇÃO DE APOIO A PESQUISA DO DF - FAP          ;764910300 - TRANSFERÊNCIAS VOLU - ENCAMINHADO PARA DECISÃO DO ORDENADOR DE DESPESA;008525                                  ;-2550
;015201 - FUNDACAO DE APOIO A PESQUISA DO DF                ;="150201";150201 - FUNDAÇÃO DE APOIO A PESQUISA DO DF - FAP          ;764910300 - TRANSFERÊNCIAS VOLU - ENCAMINHADO PARA DECISÃO DO ORDENADOR DE DESPESA;008526                                  ;-10000
;015201 - FUNDACAO DE APOIO A PESQUISA DO DF                ;="150201";150201 - FUNDAÇÃO DE APOIO A PESQUISA DO DF - FAP          ;764910300 - TRANSFERÊNCIAS VOLU - ENCAMINHADO PARA DECISÃO DO ORDENADOR DE DESPESA;008528                                  ;-9101
;015201 - FUNDACAO DE APOIO A PESQUISA DO DF                ;="150201";150201 - FUNDAÇÃO DE APOIO A PESQUISA DO DF - FAP          ;764910300 - TRANSFERÊNCIAS VOLU - ENCAMINHADO PARA DECISÃO DO ORDENADOR DE DESPESA;008532                                  ;-2570
;015201 - FUNDACAO DE APOIO A PESQUISA DO DF                ;="150201";150201 - FUNDAÇÃO DE APOIO A PESQUISA DO DF - FAP          ;764910300 - TRANSFERÊNCIAS VOLU - ENCAMINHADO PARA DECISÃO DO ORDENADOR DE DESPESA;008533                                  ;-10000
;015201 - FUNDACAO DE APOIO A PESQUISA DO DF                ;="150201";150201 - FUNDAÇÃO DE APOIO A PESQUISA DO DF - FAP          ;764910300 - TRANSFERÊNCIAS VOLU - ENCAMINHADO PARA DECISÃO DO ORDENADOR DE DESPESA;008537                                  ;-3000
;015201 - FUNDACAO DE APOIO A PESQUISA DO DF                ;="150201";150201 - FUNDAÇÃO DE APOIO A PESQUISA DO DF - FAP          ;764910300 - TRANSFERÊNCIAS VOLU - ENCAMINHADO PARA DECISÃO DO ORDENADOR DE DESPESA;008540                                  ;-3000
;015201 - FUNDACAO DE APOIO A PESQUISA DO DF                ;="150201";150201 - FUNDAÇÃO DE APOIO A PESQUISA DO DF - FAP          ;764910300 - TRANSFERÊNCIAS VOLU - ENCAMINHADO PARA DECISÃO DO ORDENADOR DE DESPESA;008543                                  ;-3000
;015201 - FUNDACAO DE APOIO A PESQUISA DO DF                ;="150201";150201 - FUNDAÇÃO DE APOIO A PESQUISA DO DF - FAP          ;764910300 - TRANSFERÊNCIAS VOLU - ENCAMINHADO PARA DECISÃO DO ORDENADOR DE DESPESA;008546                                  ;-2290
;015201 - FUNDACAO DE APOIO A PESQUISA DO DF                ;="150201";150201 - FUNDAÇÃO DE APOIO A PESQUISA DO DF - FAP          ;764910300 - TRANSFERÊNCIAS VOLU - ENCAMINHADO PARA DECISÃO DO ORDENADOR DE DESPESA;008547                                  ;-7726,27
;015201 - FUNDACAO DE APOIO A PESQUISA DO DF                ;="150201";150201 - FUNDAÇÃO DE APOIO A PESQUISA DO DF - FAP          ;764910300 - TRANSFERÊNCIAS VOLU - ENCAMINHADO PARA DECISÃO DO ORDENADOR DE DESPESA;008548                                  ;-2500
;015201 - FUNDACAO DE APOIO A PESQUISA DO DF                ;="150201";150201 - FUNDAÇÃO DE APOIO A PESQUISA DO DF - FAP          ;764910300 - TRANSFERÊNCIAS VOLU - ENCAMINHADO PARA DECISÃO DO ORDENADOR DE DESPESA;008551                                  ;-2333,9
;015201 - FUNDACAO DE APOIO A PESQUISA DO DF                ;="150201";150201 - FUNDAÇÃO DE APOIO A PESQUISA DO DF - FAP          ;764910300 - TRANSFERÊNCIAS VOLU - ENCAMINHADO PARA DECISÃO DO ORDENADOR DE DESPESA;008552                                  ;-10000
;015201 - FUNDACAO DE APOIO A PESQUISA DO DF                ;="150201";150201 - FUNDAÇÃO DE APOIO A PESQUISA DO DF - FAP          ;764910300 - TRANSFERÊNCIAS VOLU - ENCAMINHADO PARA DECISÃO DO ORDENADOR DE DESPESA;008555                                  ;-8185
;015201 - FUNDACAO DE APOIO A PESQUISA DO DF                ;="150201";150201 - FUNDAÇÃO DE APOIO A PESQUISA DO DF - FAP          ;764910300 - TRANSFERÊNCIAS VOLU - ENCAMINHADO PARA DECISÃO DO ORDENADOR DE DESPESA;008556                                  ;-10000
;015201 - FUNDACAO DE APOIO A PESQUISA DO DF                ;="150201";150201 - FUNDAÇÃO DE APOIO A PESQUISA DO DF - FAP          ;764910300 - TRANSFERÊNCIAS VOLU - ENCAMINHADO PARA DECISÃO DO ORDENADOR DE DESPESA;008557                                  ;-2333,9
;015201 - FUNDACAO DE APOIO A PESQUISA DO DF                ;="150201";150201 - FUNDAÇÃO DE APOIO A PESQUISA DO DF - FAP          ;764910300 - TRANSFERÊNCIAS VOLU - ENCAMINHADO PARA DECISÃO DO ORDENADOR DE DESPESA;008558                                  ;-10000
;015201 - FUNDACAO DE APOIO A PESQUISA DO DF                ;="150201";150201 - FUNDAÇÃO DE APOIO A PESQUISA DO DF - FAP          ;764910300 - TRANSFERÊNCIAS VOLU - ENCAMINHADO PARA DECISÃO DO ORDENADOR DE DESPESA;008559                                  ;-2100
;015201 - FUNDACAO DE APOIO A PESQUISA DO DF                ;="150201";150201 - FUNDAÇÃO DE APOIO A PESQUISA DO DF - FAP          ;764910300 - TRANSFERÊNCIAS VOLU - ENCAMINHADO PARA DECISÃO DO ORDENADOR DE DESPESA;008560                                  ;-10000
;015201 - FUNDACAO DE APOIO A PESQUISA DO DF                ;="150201";150201 - FUNDAÇÃO DE APOIO A PESQUISA DO DF - FAP          ;764910300 - TRANSFERÊNCIAS VOLU - ENCAMINHADO PARA DECISÃO DO ORDENADOR DE DESPESA;008561                                  ;-2400
;015201 - FUNDACAO DE APOIO A PESQUISA DO DF                ;="150201";150201 - FUNDAÇÃO DE APOIO A PESQUISA DO DF - FAP          ;764910300 - TRANSFERÊNCIAS VOLU - ENCAMINHADO PARA DECISÃO DO ORDENADOR DE DESPESA;008564                                  ;-8026,5
;015201 - FUNDACAO DE APOIO A PESQUISA DO DF                ;="150201";150201 - FUNDAÇÃO DE APOIO A PESQUISA DO DF - FAP          ;764910300 - TRANSFERÊNCIAS VOLU - ENCAMINHADO PARA DECISÃO DO ORDENADOR DE DESPESA;008565                                  ;-9465
;015201 - FUNDACAO DE APOIO A PESQUISA DO DF                ;="150201";150201 - FUNDAÇÃO DE APOIO A PESQUISA DO DF - FAP          ;764910300 - TRANSFERÊNCIAS VOLU - ENCAMINHADO PARA DECISÃO DO ORDENADOR DE DESPESA;008566                                  ;-6581,79
;015201 - FUNDACAO DE APOIO A PESQUISA DO DF                ;="150201";150201 - FUNDAÇÃO DE APOIO A PESQUISA DO DF - FAP          ;764910300 - TRANSFERÊNCIAS VOLU - ENCAMINHADO PARA DECISÃO DO ORDENADOR DE DESPESA;008567                                  ;-2860
;015201 - FUNDACAO DE APOIO A PESQUISA DO DF                ;="150201";150201 - FUNDAÇÃO DE APOIO A PESQUISA DO DF - FAP          ;764910300 - TRANSFERÊNCIAS VOLU - ENCAMINHADO PARA DECISÃO DO ORDENADOR DE DESPESA;008568                                  ;-10000
;015201 - FUNDACAO DE APOIO A PESQUISA DO DF                ;="150201";150201 - FUNDAÇÃO DE APOIO A PESQUISA DO DF - FAP          ;764910300 - TRANSFERÊNCIAS VOLU - ENCAMINHADO PARA DECISÃO DO ORDENADOR DE DESPESA;008569                                  ;-8998
;015201 - FUNDACAO DE APOIO A PESQUISA DO DF                ;="150201";150201 - FUNDAÇÃO DE APOIO A PESQUISA DO DF - FAP          ;764910300 - TRANSFERÊNCIAS VOLU - ENCAMINHADO PARA DECISÃO DO ORDENADOR DE DESPESA;008570                                  ;-967,8
;015201 - FUNDACAO DE APOIO A PESQUISA DO DF                ;="150201";150201 - FUNDAÇÃO DE APOIO A PESQUISA DO DF - FAP          ;764910300 - TRANSFERÊNCIAS VOLU - ENCAMINHADO PARA DECISÃO DO ORDENADOR DE DESPESA;008573                                  ;-2100
;015201 - FUNDACAO DE APOIO A PESQUISA DO DF                ;="150201";150201 - FUNDAÇÃO DE APOIO A PESQUISA DO DF - FAP          ;764910300 - TRANSFERÊNCIAS VOLU - ENCAMINHADO PARA DECISÃO DO ORDENADOR DE DESPESA;008574                                  ;-2100
;015201 - FUNDACAO DE APOIO A PESQUISA DO DF                ;="150201";150201 - FUNDAÇÃO DE APOIO A PESQUISA DO DF - FAP          ;764910300 - TRANSFERÊNCIAS VOLU - ENCAMINHADO PARA DECISÃO DO ORDENADOR DE DESPESA;008575                                  ;-9324
;015201 - FUNDACAO DE APOIO A PESQUISA DO DF                ;="150201";150201 - FUNDAÇÃO DE APOIO A PESQUISA DO DF - FAP          ;764910300 - TRANSFERÊNCIAS VOLU - ENCAMINHADO PARA DECISÃO DO ORDENADOR DE DESPESA;008576                                  ;-2500
;015201 - FUNDACAO DE APOIO A PESQUISA DO DF                ;="150201";150201 - FUNDAÇÃO DE APOIO A PESQUISA DO DF - FAP          ;764910300 - TRANSFERÊNCIAS VOLU - ENCAMINHADO PARA DECISÃO DO ORDENADOR DE DESPESA;008577                                  ;-10000
;015201 - FUNDACAO DE APOIO A PESQUISA DO DF                ;="150201";150201 - FUNDAÇÃO DE APOIO A PESQUISA DO DF - FAP          ;764910300 - TRANSFERÊNCIAS VOLU - ENCAMINHADO PARA DECISÃO DO ORDENADOR DE DESPESA;008578                                  ;-9543
;015201 - FUNDACAO DE APOIO A PESQUISA DO DF                ;="150201";150201 - FUNDAÇÃO DE APOIO A PESQUISA DO DF - FAP          ;764910300 - TRANSFERÊNCIAS VOLU - ENCAMINHADO PARA DECISÃO DO ORDENADOR DE DESPESA;008581                                  ;-2600
;015201 - FUNDACAO DE APOIO A PESQUISA DO DF                ;="150201";150201 - FUNDAÇÃO DE APOIO A PESQUISA DO DF - FAP          ;764910300 - TRANSFERÊNCIAS VOLU - ENCAMINHADO PARA DECISÃO DO ORDENADOR DE DESPESA;008582                                  ;-2920
;015201 - FUNDACAO DE APOIO A PESQUISA DO DF                ;="150201";150201 - FUNDAÇÃO DE APOIO A PESQUISA DO DF - FAP          ;764910300 - TRANSFERÊNCIAS VOLU - ENCAMINHADO PARA DECISÃO DO ORDENADOR DE DESPESA;008584                                  ;-10000
;015201 - FUNDACAO DE APOIO A PESQUISA DO DF                ;="150201";150201 - FUNDAÇÃO DE APOIO A PESQUISA DO DF - FAP          ;764910300 - TRANSFERÊNCIAS VOLU - ENCAMINHADO PARA DECISÃO DO ORDENADOR DE DESPESA;008585                                  ;-9976,5
;015201 - FUNDACAO DE APOIO A PESQUISA DO DF                ;="150201";150201 - FUNDAÇÃO DE APOIO A PESQUISA DO DF - FAP          ;764910300 - TRANSFERÊNCIAS VOLU - ENCAMINHADO PARA DECISÃO DO ORDENADOR DE DESPESA;008587                                  ;-2520
;015201 - FUNDACAO DE APOIO A PESQUISA DO DF                ;="150201";150201 - FUNDAÇÃO DE APOIO A PESQUISA DO DF - FAP          ;764910300 - TRANSFERÊNCIAS VOLU - ENCAMINHADO PARA DECISÃO DO ORDENADOR DE DESPESA;008588                                  ;-8400
;015201 - FUNDACAO DE APOIO A PESQUISA DO DF                ;="150201";150201 - FUNDAÇÃO DE APOIO A PESQUISA DO DF - FAP          ;764910300 - TRANSFERÊNCIAS VOLU - ENCAMINHADO PARA DECISÃO DO ORDENADOR DE DESPESA;008589                                  ;-3000
;015201 - FUNDACAO DE APOIO A PESQUISA DO DF                ;="150201";150201 - FUNDAÇÃO DE APOIO A PESQUISA DO DF - FAP          ;764910300 - TRANSFERÊNCIAS VOLU - ENCAMINHADO PARA DECISÃO DO ORDENADOR DE DESPESA;008590                                  ;-3000
;015201 - FUNDACAO DE APOIO A PESQUISA DO DF                ;="150201";150201 - FUNDAÇÃO DE APOIO A PESQUISA DO DF - FAP          ;764910300 - TRANSFERÊNCIAS VOLU - ENCAMINHADO PARA DECISÃO DO ORDENADOR DE DESPESA;008591                                  ;-9950
;015201 - FUNDACAO DE APOIO A PESQUISA DO DF                ;="150201";150201 - FUNDAÇÃO DE APOIO A PESQUISA DO DF - FAP          ;764910300 - TRANSFERÊNCIAS VOLU - ENCAMINHADO PARA DECISÃO DO ORDENADOR DE DESPESA;008592                                  ;-4000
;015201 - FUNDACAO DE APOIO A PESQUISA DO DF                ;="150201";150201 - FUNDAÇÃO DE APOIO A PESQUISA DO DF - FAP          ;764910300 - TRANSFERÊNCIAS VOLU - ENCAMINHADO PARA DECISÃO DO ORDENADOR DE DESPESA;008594                                  ;-2830
;015201 - FUNDACAO DE APOIO A PESQUISA DO DF                ;="150201";150201 - FUNDAÇÃO DE APOIO A PESQUISA DO DF - FAP          ;764910300 - TRANSFERÊNCIAS VOLU - ENCAMINHADO PARA DECISÃO DO ORDENADOR DE DESPESA;008595                                  ;-8185
;015201 - FUNDACAO DE APOIO A PESQUISA DO DF                ;="150201";150201 - FUNDAÇÃO DE APOIO A PESQUISA DO DF - FAP          ;764910300 - TRANSFERÊNCIAS VOLU - ENCAMINHADO PARA DECISÃO DO ORDENADOR DE DESPESA;008596                                  ;-2511,92
;015201 - FUNDACAO DE APOIO A PESQUISA DO DF                ;="150201";150201 - FUNDAÇÃO DE APOIO A PESQUISA DO DF - FAP          ;764910300 - TRANSFERÊNCIAS VOLU - ENCAMINHADO PARA DECISÃO DO ORDENADOR DE DESPESA;008597                                  ;-2500
;015201 - FUNDACAO DE APOIO A PESQUISA DO DF                ;="150201";150201 - FUNDAÇÃO DE APOIO A PESQUISA DO DF - FAP          ;764910300 - TRANSFERÊNCIAS VOLU - ENCAMINHADO PARA DECISÃO DO ORDENADOR DE DESPESA;008598                                  ;-1510
;015201 - FUNDACAO DE APOIO A PESQUISA DO DF                ;="150201";150201 - FUNDAÇÃO DE APOIO A PESQUISA DO DF - FAP          ;764910300 - TRANSFERÊNCIAS VOLU - ENCAMINHADO PARA DECISÃO DO ORDENADOR DE DESPESA;008599                                  ;-1770
;015201 - FUNDACAO DE APOIO A PESQUISA DO DF                ;="150201";150201 - FUNDAÇÃO DE APOIO A PESQUISA DO DF - FAP          ;764910300 - TRANSFERÊNCIAS VOLU - ENCAMINHADO PARA DECISÃO DO ORDENADOR DE DESPESA;008600                                  ;-2990
;015201 - FUNDACAO DE APOIO A PESQUISA DO DF                ;="150201";150201 - FUNDAÇÃO DE APOIO A PESQUISA DO DF - FAP          ;764910300 - TRANSFERÊNCIAS VOLU - ENCAMINHADO PARA DECISÃO DO ORDENADOR DE DESPESA;008601                                  ;-9413
;015201 - FUNDACAO DE APOIO A PESQUISA DO DF                ;="150201";150201 - FUNDAÇÃO DE APOIO A PESQUISA DO DF - FAP          ;764910300 - TRANSFERÊNCIAS VOLU - ENCAMINHADO PARA DECISÃO DO ORDENADOR DE DESPESA;008603                                  ;-7120
;015201 - FUNDACAO DE APOIO A PESQUISA DO DF                ;="150201";150201 - FUNDAÇÃO DE APOIO A PESQUISA DO DF - FAP          ;764910300 - TRANSFERÊNCIAS VOLU - ENCAMINHADO PARA DECISÃO DO ORDENADOR DE DESPESA;008604                                  ;-7946,53
;015201 - FUNDACAO DE APOIO A PESQUISA DO DF                ;="150201";150201 - FUNDAÇÃO DE APOIO A PESQUISA DO DF - FAP          ;764910300 - TRANSFERÊNCIAS VOLU - ENCAMINHADO PARA DECISÃO DO ORDENADOR DE DESPESA;008605                                  ;-7685,33
;015201 - FUNDACAO DE APOIO A PESQUISA DO DF                ;="150201";150201 - FUNDAÇÃO DE APOIO A PESQUISA DO DF - FAP          ;764910300 - TRANSFERÊNCIAS VOLU - ENCAMINHADO PARA DECISÃO DO ORDENADOR DE DESPESA;008606                                  ;-3000
;015201 - FUNDACAO DE APOIO A PESQUISA DO DF                ;="150201";150201 - FUNDAÇÃO DE APOIO A PESQUISA DO DF - FAP          ;764910300 - TRANSFERÊNCIAS VOLU - ENCAMINHADO PARA DECISÃO DO ORDENADOR DE DESPESA;008607                                  ;-8276,27
;015201 - FUNDACAO DE APOIO A PESQUISA DO DF                ;="150201";150201 - FUNDAÇÃO DE APOIO A PESQUISA DO DF - FAP          ;764910300 - TRANSFERÊNCIAS VOLU - ENCAMINHADO PARA DECISÃO DO ORDENADOR DE DESPESA;008608                                  ;-8104,5
;015201 - FUNDACAO DE APOIO A PESQUISA DO DF                ;="150201";150201 - FUNDAÇÃO DE APOIO A PESQUISA DO DF - FAP          ;764910300 - TRANSFERÊNCIAS VOLU - ENCAMINHADO PARA DECISÃO DO ORDENADOR DE DESPESA;008609                                  ;-9700
;015201 - FUNDACAO DE APOIO A PESQUISA DO DF                ;="150201";150201 - FUNDAÇÃO DE APOIO A PESQUISA DO DF - FAP          ;764910300 - TRANSFERÊNCIAS VOLU - ENCAMINHADO PARA DECISÃO DO ORDENADOR DE DESPESA;008611                                  ;-2870
;015201 - FUNDACAO DE APOIO A PESQUISA DO DF                ;="150201";150201 - FUNDAÇÃO DE APOIO A PESQUISA DO DF - FAP          ;764910300 - TRANSFERÊNCIAS VOLU - ENCAMINHADO PARA DECISÃO DO ORDENADOR DE DESPESA;008612                                  ;-9305
;015201 - FUNDACAO DE APOIO A PESQUISA DO DF                ;="150201";150201 - FUNDAÇÃO DE APOIO A PESQUISA DO DF - FAP          ;764910300 - TRANSFERÊNCIAS VOLU - ENCAMINHADO PARA DECISÃO DO ORDENADOR DE DESPESA;008618                                  ;-8110
;015201 - FUNDACAO DE APOIO A PESQUISA DO DF                ;="150201";150201 - FUNDAÇÃO DE APOIO A PESQUISA DO DF - FAP          ;764910300 - TRANSFERÊNCIAS VOLU - ENCAMINHADO PARA DECISÃO DO ORDENADOR DE DESPESA;008619                                  ;-3000
;015201 - FUNDACAO DE APOIO A PESQUISA DO DF                ;="150201";150201 - FUNDAÇÃO DE APOIO A PESQUISA DO DF - FAP          ;764910300 - TRANSFERÊNCIAS VOLU - ENCAMINHADO PARA DECISÃO DO ORDENADOR DE DESPESA;008620                                  ;-2960
;015201 - FUNDACAO DE APOIO A PESQUISA DO DF                ;="150201";150201 - FUNDAÇÃO DE APOIO A PESQUISA DO DF - FAP          ;764910300 - TRANSFERÊNCIAS VOLU - ENCAMINHADO PARA DECISÃO DO ORDENADOR DE DESPESA;008621                                  ;-2840
;015201 - FUNDACAO DE APOIO A PESQUISA DO DF                ;="150201";150201 - FUNDAÇÃO DE APOIO A PESQUISA DO DF - FAP          ;764910300 - TRANSFERÊNCIAS VOLU - ENCAMINHADO PARA DECISÃO DO ORDENADOR DE DESPESA;008622                                  ;-8298,7
;015201 - FUNDACAO DE APOIO A PESQUISA DO DF                ;="150201";150201 - FUNDAÇÃO DE APOIO A PESQUISA DO DF - FAP          ;764910300 - TRANSFERÊNCIAS VOLU - ENCAMINHADO PARA DECISÃO DO ORDENADOR DE DESPESA;008624                                  ;-10000
;015201 - FUNDACAO DE APOIO A PESQUISA DO DF                ;="150201";150201 - FUNDAÇÃO DE APOIO A PESQUISA DO DF - FAP          ;764910300 - TRANSFERÊNCIAS VOLU - ENCAMINHADO PARA DECISÃO DO ORDENADOR DE DESPESA;008629                                  ;-3000
;015201 - FUNDACAO DE APOIO A PESQUISA DO DF                ;="150201";150201 - FUNDAÇÃO DE APOIO A PESQUISA DO DF - FAP          ;764910300 - TRANSFERÊNCIAS VOLU - ENCAMINHADO PARA DECISÃO DO ORDENADOR DE DESPESA;008649                                  ;-9320,61
;015201 - FUNDACAO DE APOIO A PESQUISA DO DF                ;="150201";150201 - FUNDAÇÃO DE APOIO A PESQUISA DO DF - FAP          ;764910300 - TRANSFERÊNCIAS VOLU - ENCAMINHADO PARA DECISÃO DO ORDENADOR DE DESPESA;008650                                  ;-10000
;015201 - FUNDACAO DE APOIO A PESQUISA DO DF                ;="150201";150201 - FUNDAÇÃO DE APOIO A PESQUISA DO DF - FAP          ;764910300 - TRANSFERÊNCIAS VOLU - ENCAMINHADO PARA DECISÃO DO ORDENADOR DE DESPESA;008686                                  ;-101250
;015201 - FUNDACAO DE APOIO A PESQUISA DO DF                ;="150201";150201 - FUNDAÇÃO DE APOIO A PESQUISA DO DF - FAP          ;764910300 - TRANSFERÊNCIAS VOLU - ENCAMINHADO PARA DECISÃO DO ORDENADOR DE DESPESA;008979                                  ;-168730
;015201 - FUNDACAO DE APOIO A PESQUISA DO DF                ;="150201";150201 - FUNDAÇÃO DE APOIO A PESQUISA DO DF - FAP          ;764910300 - TRANSFERÊNCIAS VOLU - ENCAMINHADO PARA DECISÃO DO ORDENADOR DE DESPESA;008996                                  ;-10000
;015201 - FUNDACAO DE APOIO A PESQUISA DO DF                ;="150201";150201 - FUNDAÇÃO DE APOIO A PESQUISA DO DF - FAP          ;764910300 - TRANSFERÊNCIAS VOLU - ENCAMINHADO PARA DECISÃO DO ORDENADOR DE DESPESA;009014                                  ;-9359,36
;015201 - FUNDACAO DE APOIO A PESQUISA DO DF                ;="150201";150201 - FUNDAÇÃO DE APOIO A PESQUISA DO DF - FAP          ;764910300 - TRANSFERÊNCIAS VOLU - ENCAMINHADO PARA DECISÃO DO ORDENADOR DE DESPESA;009015                                  ;-5359,55
;015201 - FUNDACAO DE APOIO A PESQUISA DO DF                ;="150201";150201 - FUNDAÇÃO DE APOIO A PESQUISA DO DF - FAP          ;764910300 - TRANSFERÊNCIAS VOLU - ENCAMINHADO PARA DECISÃO DO ORDENADOR DE DESPESA;009018                                  ;-46814
;015201 - FUNDACAO DE APOIO A PESQUISA DO DF                ;="150201";150201 - FUNDAÇÃO DE APOIO A PESQUISA DO DF - FAP          ;764910300 - TRANSFERÊNCIAS VOLU - ENCAMINHADO PARA DECISÃO DO ORDENADOR DE DESPESA;009026                                  ;-9373,08
;015201 - FUNDACAO DE APOIO A PESQUISA DO DF                ;="150201";150201 - FUNDAÇÃO DE APOIO A PESQUISA DO DF - FAP          ;764910300 - TRANSFERÊNCIAS VOLU - ENCAMINHADO PARA DECISÃO DO ORDENADOR DE DESPESA;009029                                  ;-10000
;015201 - FUNDACAO DE APOIO A PESQUISA DO DF                ;="150201";150201 - FUNDAÇÃO DE APOIO A PESQUISA DO DF - FAP          ;764910300 - TRANSFERÊNCIAS VOLU - ENCAMINHADO PARA DECISÃO DO ORDENADOR DE DESPESA;009032                                  ;-9371
;015201 - FUNDACAO DE APOIO A PESQUISA DO DF                ;="150201";150201 - FUNDAÇÃO DE APOIO A PESQUISA DO DF - FAP          ;764910300 - TRANSFERÊNCIAS VOLU - ENCAMINHADO PARA DECISÃO DO ORDENADOR DE DESPESA;009042                                  ;-10000
;015201 - FUNDACAO DE APOIO A PESQUISA DO DF                ;="150201";150201 - FUNDAÇÃO DE APOIO A PESQUISA DO DF - FAP          ;764910300 - TRANSFERÊNCIAS VOLU - ENCAMINHADO PARA DECISÃO DO ORDENADOR DE DESPESA;009065                                  ;-9919,32
;015201 - FUNDACAO DE APOIO A PESQUISA DO DF                ;="150201";150201 - FUNDAÇÃO DE APOIO A PESQUISA DO DF - FAP          ;764910300 - TRANSFERÊNCIAS VOLU - ENCAMINHADO PARA DECISÃO DO ORDENADOR DE DESPESA;009070                                  ;-9371
;015201 - FUNDACAO DE APOIO A PESQUISA DO DF                ;="150201";150201 - FUNDAÇÃO DE APOIO A PESQUISA DO DF - FAP          ;764910300 - TRANSFERÊNCIAS VOLU - ENCAMINHADO PARA DECISÃO DO ORDENADOR DE DESPESA;009072                                  ;-50000
;015201 - FUNDACAO DE APOIO A PESQUISA DO DF                ;="150201";150201 - FUNDAÇÃO DE APOIO A PESQUISA DO DF - FAP          ;764910300 - TRANSFERÊNCIAS VOLU - ENCAMINHADO PARA DECISÃO DO ORDENADOR DE DESPESA;009075                                  ;-2500
;015201 - FUNDACAO DE APOIO A PESQUISA DO DF                ;="150201";150201 - FUNDAÇÃO DE APOIO A PESQUISA DO DF - FAP          ;764910300 - TRANSFERÊNCIAS VOLU - ENCAMINHADO PARA DECISÃO DO ORDENADOR DE DESPESA;009076                                  ;-9700
;015201 - FUNDACAO DE APOIO A PESQUISA DO DF                ;="150201";150201 - FUNDAÇÃO DE APOIO A PESQUISA DO DF - FAP          ;764910300 - TRANSFERÊNCIAS VOLU - ENCAMINHADO PARA DECISÃO DO ORDENADOR DE DESPESA;009087                                  ;-36376,45
;015201 - FUNDACAO DE APOIO A PESQUISA DO DF                ;="150201";150201 - FUNDAÇÃO DE APOIO A PESQUISA DO DF - FAP          ;764910300 - TRANSFERÊNCIAS VOLU - ENCAMINHADO PARA DECISÃO DO ORDENADOR DE DESPESA;009090                                  ;-9685,62
;015201 - FUNDACAO DE APOIO A PESQUISA DO DF                ;="150201";150201 - FUNDAÇÃO DE APOIO A PESQUISA DO DF - FAP          ;764910300 - TRANSFERÊNCIAS VOLU - ENCAMINHADO PARA DECISÃO DO ORDENADOR DE DESPESA;009102                                  ;-8200
;015201 - FUNDACAO DE APOIO A PESQUISA DO DF                ;="150201";150201 - FUNDAÇÃO DE APOIO A PESQUISA DO DF - FAP          ;764910300 - TRANSFERÊNCIAS VOLU - ENCAMINHADO PARA DECISÃO DO ORDENADOR DE DESPESA;009106                                  ;-9966
;015201 - FUNDACAO DE APOIO A PESQUISA DO DF                ;="150201";150201 - FUNDAÇÃO DE APOIO A PESQUISA DO DF - FAP          ;764910300 - TRANSFERÊNCIAS VOLU - ENCAMINHADO PARA DECISÃO DO ORDENADOR DE DESPESA;009109                                  ;-9393
;015201 - FUNDACAO DE APOIO A PESQUISA DO DF                ;="150201";150201 - FUNDAÇÃO DE APOIO A PESQUISA DO DF - FAP          ;764910300 - TRANSFERÊNCIAS VOLU - ENCAMINHADO PARA DECISÃO DO ORDENADOR DE DESPESA;009111                                  ;-9886,72
;015201 - FUNDACAO DE APOIO A PESQUISA DO DF                ;="150201";150201 - FUNDAÇÃO DE APOIO A PESQUISA DO DF - FAP          ;764910300 - TRANSFERÊNCIAS VOLU - ENCAMINHADO PARA DECISÃO DO ORDENADOR DE DESPESA;009114                                  ;-10000
;015201 - FUNDACAO DE APOIO A PESQUISA DO DF                ;="150201";150201 - FUNDAÇÃO DE APOIO A PESQUISA DO DF - FAP          ;764910300 - TRANSFERÊNCIAS VOLU - ENCAMINHADO PARA DECISÃO DO ORDENADOR DE DESPESA;009115                                  ;-9766,3
;015201 - FUNDACAO DE APOIO A PESQUISA DO DF                ;="150201";150201 - FUNDAÇÃO DE APOIO A PESQUISA DO DF - FAP          ;764910300 - TRANSFERÊNCIAS VOLU - ENCAMINHADO PARA DECISÃO DO ORDENADOR DE DESPESA;009117                                  ;-3750
;015201 - FUNDACAO DE APOIO A PESQUISA DO DF                ;="150201";150201 - FUNDAÇÃO DE APOIO A PESQUISA DO DF - FAP          ;764910300 - TRANSFERÊNCIAS VOLU - ENCAMINHADO PARA DECISÃO DO ORDENADOR DE DESPESA;009118                                  ;-10000
;015201 - FUNDACAO DE APOIO A PESQUISA DO DF                ;="150201";150201 - FUNDAÇÃO DE APOIO A PESQUISA DO DF - FAP          ;764910300 - TRANSFERÊNCIAS VOLU - ENCAMINHADO PARA DECISÃO DO ORDENADOR DE DESPESA;009122                                  ;-10000
;015201 - FUNDACAO DE APOIO A PESQUISA DO DF                ;="150201";150201 - FUNDAÇÃO DE APOIO A PESQUISA DO DF - FAP          ;764910300 - TRANSFERÊNCIAS VOLU - ENCAMINHADO PARA DECISÃO DO ORDENADOR DE DESPESA;009124                                  ;-2405
;015201 - FUNDACAO DE APOIO A PESQUISA DO DF                ;="150201";150201 - FUNDAÇÃO DE APOIO A PESQUISA DO DF - FAP          ;764910300 - TRANSFERÊNCIAS VOLU - ENCAMINHADO PARA DECISÃO DO ORDENADOR DE DESPESA;009125                                  ;-10000
;015201 - FUNDACAO DE APOIO A PESQUISA DO DF                ;="150201";150201 - FUNDAÇÃO DE APOIO A PESQUISA DO DF - FAP          ;764910300 - TRANSFERÊNCIAS VOLU - ENCAMINHADO PARA DECISÃO DO ORDENADOR DE DESPESA;009126                                  ;-8527,8
;015201 - FUNDACAO DE APOIO A PESQUISA DO DF                ;="150201";150201 - FUNDAÇÃO DE APOIO A PESQUISA DO DF - FAP          ;764910300 - TRANSFERÊNCIAS VOLU - ENCAMINHADO PARA DECISÃO DO ORDENADOR DE DESPESA;009130                                  ;-2970
;015201 - FUNDACAO DE APOIO A PESQUISA DO DF                ;="150201";150201 - FUNDAÇÃO DE APOIO A PESQUISA DO DF - FAP          ;764910300 - TRANSFERÊNCIAS VOLU - ENCAMINHADO PARA DECISÃO DO ORDENADOR DE DESPESA;009131                                  ;-9139,5
;015201 - FUNDACAO DE APOIO A PESQUISA DO DF                ;="150201";150201 - FUNDAÇÃO DE APOIO A PESQUISA DO DF - FAP          ;764910300 - TRANSFERÊNCIAS VOLU - ENCAMINHADO PARA DECISÃO DO ORDENADOR DE DESPESA;009136                                  ;-2600
;015201 - FUNDACAO DE APOIO A PESQUISA DO DF                ;="150201";150201 - FUNDAÇÃO DE APOIO A PESQUISA DO DF - FAP          ;764910300 - TRANSFERÊNCIAS VOLU - ENCAMINHADO PARA DECISÃO DO ORDENADOR DE DESPESA;009137                                  ;-2950
;015201 - FUNDACAO DE APOIO A PESQUISA DO DF                ;="150201";150201 - FUNDAÇÃO DE APOIO A PESQUISA DO DF - FAP          ;764910300 - TRANSFERÊNCIAS VOLU - ENCAMINHADO PARA DECISÃO DO ORDENADOR DE DESPESA;009138                                  ;-50518
;015201 - FUNDACAO DE APOIO A PESQUISA DO DF                ;="150201";150201 - FUNDAÇÃO DE APOIO A PESQUISA DO DF - FAP          ;764910300 - TRANSFERÊNCIAS VOLU - ENCAMINHADO PARA DECISÃO DO ORDENADOR DE DESPESA;009139                                  ;-3000
;015201 - FUNDACAO DE APOIO A PESQUISA DO DF                ;="150201";150201 - FUNDAÇÃO DE APOIO A PESQUISA DO DF - FAP          ;764910300 - TRANSFERÊNCIAS VOLU - ENCAMINHADO PARA DECISÃO DO ORDENADOR DE DESPESA;009140                                  ;-2040,47
;015201 - FUNDACAO DE APOIO A PESQUISA DO DF                ;="150201";150201 - FUNDAÇÃO DE APOIO A PESQUISA DO DF - FAP          ;764910300 - TRANSFERÊNCIAS VOLU - ENCAMINHADO PARA DECISÃO DO ORDENADOR DE DESPESA;009141                                  ;-49950
;015201 - FUNDACAO DE APOIO A PESQUISA DO DF                ;="150201";150201 - FUNDAÇÃO DE APOIO A PESQUISA DO DF - FAP          ;764910300 - TRANSFERÊNCIAS VOLU - ENCAMINHADO PARA DECISÃO DO ORDENADOR DE DESPESA;009142                                  ;-2800
;015201 - FUNDACAO DE APOIO A PESQUISA DO DF                ;="150201";150201 - FUNDAÇÃO DE APOIO A PESQUISA DO DF - FAP          ;764910300 - TRANSFERÊNCIAS VOLU - ENCAMINHADO PARA DECISÃO DO ORDENADOR DE DESPESA;009185                                  ;-3000
;015201 - FUNDACAO DE APOIO A PESQUISA DO DF                ;="150201";150201 - FUNDAÇÃO DE APOIO A PESQUISA DO DF - FAP          ;764910300 - TRANSFERÊNCIAS VOLU - ENCAMINHADO PARA DECISÃO DO ORDENADOR DE DESPESA;009187                                  ;-10000
;015201 - FUNDACAO DE APOIO A PESQUISA DO DF                ;="150201";150201 - FUNDAÇÃO DE APOIO A PESQUISA DO DF - FAP          ;764910300 - TRANSFERÊNCIAS VOLU - ENCAMINHADO PARA DECISÃO DO ORDENADOR DE DESPESA;009193                                  ;-3000
;015201 - FUNDACAO DE APOIO A PESQUISA DO DF                ;="150201";150201 - FUNDAÇÃO DE APOIO A PESQUISA DO DF - FAP          ;764910300 - TRANSFERÊNCIAS VOLU - ENCAMINHADO PARA DECISÃO DO ORDENADOR DE DESPESA;009202                                  ;-40242
;015201 - FUNDACAO DE APOIO A PESQUISA DO DF                ;="150201";150201 - FUNDAÇÃO DE APOIO A PESQUISA DO DF - FAP          ;764910300 - TRANSFERÊNCIAS VOLU - ENCAMINHADO PARA DECISÃO DO ORDENADOR DE DESPESA;009204                                  ;-12500
;015201 - FUNDACAO DE APOIO A PESQUISA DO DF                ;="150201";150201 - FUNDAÇÃO DE APOIO A PESQUISA DO DF - FAP          ;764910300 - TRANSFERÊNCIAS VOLU - ENCAMINHADO PARA DECISÃO DO ORDENADOR DE DESPESA;009206                                  ;-6800
;015201 - FUNDACAO DE APOIO A PESQUISA DO DF                ;="150201";150201 - FUNDAÇÃO DE APOIO A PESQUISA DO DF - FAP          ;764910300 - TRANSFERÊNCIAS VOLU - ENCAMINHADO PARA DECISÃO DO ORDENADOR DE DESPESA;009207                                  ;-10000
;015201 - FUNDACAO DE APOIO A PESQUISA DO DF                ;="150201";150201 - FUNDAÇÃO DE APOIO A PESQUISA DO DF - FAP          ;764910300 - TRANSFERÊNCIAS VOLU - ENCAMINHADO PARA DECISÃO DO ORDENADOR DE DESPESA;009210                                  ;-2302
;015201 - FUNDACAO DE APOIO A PESQUISA DO DF                ;="150201";150201 - FUNDAÇÃO DE APOIO A PESQUISA DO DF - FAP          ;764910300 - TRANSFERÊNCIAS VOLU - ENCAMINHADO PARA DECISÃO DO ORDENADOR DE DESPESA;009212                                  ;-9600
;015201 - FUNDACAO DE APOIO A PESQUISA DO DF                ;="150201";150201 - FUNDAÇÃO DE APOIO A PESQUISA DO DF - FAP          ;764910300 - TRANSFERÊNCIAS VOLU - ENCAMINHADO PARA DECISÃO DO ORDENADOR DE DESPESA;009213                                  ;-9693,56
;015201 - FUNDACAO DE APOIO A PESQUISA DO DF                ;="150201";150201 - FUNDAÇÃO DE APOIO A PESQUISA DO DF - FAP          ;764910300 - TRANSFERÊNCIAS VOLU - ENCAMINHADO PARA DECISÃO DO ORDENADOR DE DESPESA;009214                                  ;-9996
;015201 - FUNDACAO DE APOIO A PESQUISA DO DF                ;="150201";150201 - FUNDAÇÃO DE APOIO A PESQUISA DO DF - FAP          ;764910300 - TRANSFERÊNCIAS VOLU - ENCAMINHADO PARA DECISÃO DO ORDENADOR DE DESPESA;009215                                  ;-1400
;015201 - FUNDACAO DE APOIO A PESQUISA DO DF                ;="150201";150201 - FUNDAÇÃO DE APOIO A PESQUISA DO DF - FAP          ;764910300 - TRANSFERÊNCIAS VOLU - ENCAMINHADO PARA DECISÃO DO ORDENADOR DE DESPESA;009216                                  ;-10000
;015201 - FUNDACAO DE APOIO A PESQUISA DO DF                ;="150201";150201 - FUNDAÇÃO DE APOIO A PESQUISA DO DF - FAP          ;764910300 - TRANSFERÊNCIAS VOLU - ENCAMINHADO PARA DECISÃO DO ORDENADOR DE DESPESA;009226                                  ;-10000
;015201 - FUNDACAO DE APOIO A PESQUISA DO DF                ;="150201";150201 - FUNDAÇÃO DE APOIO A PESQUISA DO DF - FAP          ;764910300 - TRANSFERÊNCIAS VOLU - ENCAMINHADO PARA DECISÃO DO ORDENADOR DE DESPESA;009227                                  ;-10000
;015201 - FUNDACAO DE APOIO A PESQUISA DO DF                ;="150201";150201 - FUNDAÇÃO DE APOIO A PESQUISA DO DF - FAP          ;764910300 - TRANSFERÊNCIAS VOLU - ENCAMINHADO PARA DECISÃO DO ORDENADOR DE DESPESA;009230                                  ;-9065
;015201 - FUNDACAO DE APOIO A PESQUISA DO DF                ;="150201";150201 - FUNDAÇÃO DE APOIO A PESQUISA DO DF - FAP          ;764910300 - TRANSFERÊNCIAS VOLU - ENCAMINHADO PARA DECISÃO DO ORDENADOR DE DESPESA;009231                                  ;-9800
;015201 - FUNDACAO DE APOIO A PESQUISA DO DF                ;="150201";150201 - FUNDAÇÃO DE APOIO A PESQUISA DO DF - FAP          ;764910300 - TRANSFERÊNCIAS VOLU - ENCAMINHADO PARA DECISÃO DO ORDENADOR DE DESPESA;009233                                  ;-9575
;015201 - FUNDACAO DE APOIO A PESQUISA DO DF                ;="150201";150201 - FUNDAÇÃO DE APOIO A PESQUISA DO DF - FAP          ;764910300 - TRANSFERÊNCIAS VOLU - ENCAMINHADO PARA DECISÃO DO ORDENADOR DE DESPESA;009236                                  ;-6011,04
;015201 - FUNDACAO DE APOIO A PESQUISA DO DF                ;="150201";150201 - FUNDAÇÃO DE APOIO A PESQUISA DO DF - FAP          ;764910300 - TRANSFERÊNCIAS VOLU - ENCAMINHADO PARA DECISÃO DO ORDENADOR DE DESPESA;009240                                  ;-9980
;015201 - FUNDACAO DE APOIO A PESQUISA DO DF                ;="150201";150201 - FUNDAÇÃO DE APOIO A PESQUISA DO DF - FAP          ;764910300 - TRANSFERÊNCIAS VOLU - ENCAMINHADO PARA DECISÃO DO ORDENADOR DE DESPESA;009241                                  ;-9996
;015201 - FUNDACAO DE APOIO A PESQUISA DO DF                ;="150201";150201 - FUNDAÇÃO DE APOIO A PESQUISA DO DF - FAP          ;764910300 - TRANSFERÊNCIAS VOLU - ENCAMINHADO PARA DECISÃO DO ORDENADOR DE DESPESA;009242                                  ;-9550
;015201 - FUNDACAO DE APOIO A PESQUISA DO DF                ;="150201";150201 - FUNDAÇÃO DE APOIO A PESQUISA DO DF - FAP          ;764910300 - TRANSFERÊNCIAS VOLU - ENCAMINHADO PARA DECISÃO DO ORDENADOR DE DESPESA;009243                                  ;-9750
;015201 - FUNDACAO DE APOIO A PESQUISA DO DF                ;="150201";150201 - FUNDAÇÃO DE APOIO A PESQUISA DO DF - FAP          ;764910300 - TRANSFERÊNCIAS VOLU - ENCAMINHADO PARA DECISÃO DO ORDENADOR DE DESPESA;009245                                  ;-9941,63
;015201 - FUNDACAO DE APOIO A PESQUISA DO DF                ;="150201";150201 - FUNDAÇÃO DE APOIO A PESQUISA DO DF - FAP          ;764910300 - TRANSFERÊNCIAS VOLU - ENCAMINHADO PARA DECISÃO DO ORDENADOR DE DESPESA;009247                                  ;-10000
;015201 - FUNDACAO DE APOIO A PESQUISA DO DF                ;="150201";150201 - FUNDAÇÃO DE APOIO A PESQUISA DO DF - FAP          ;764910300 - TRANSFERÊNCIAS VOLU - ENCAMINHADO PARA DECISÃO DO ORDENADOR DE DESPESA;009253                                  ;-9960
;015201 - FUNDACAO DE APOIO A PESQUISA DO DF                ;="150201";150201 - FUNDAÇÃO DE APOIO A PESQUISA DO DF - FAP          ;764910300 - TRANSFERÊNCIAS VOLU - ENCAMINHADO PARA DECISÃO DO ORDENADOR DE DESPESA;009254                                  ;-2550
;015201 - FUNDACAO DE APOIO A PESQUISA DO DF                ;="150201";150201 - FUNDAÇÃO DE APOIO A PESQUISA DO DF - FAP          ;764910300 - TRANSFERÊNCIAS VOLU - ENCAMINHADO PARA DECISÃO DO ORDENADOR DE DESPESA;009255                                  ;-9249,48
;015201 - FUNDACAO DE APOIO A PESQUISA DO DF                ;="150201";150201 - FUNDAÇÃO DE APOIO A PESQUISA DO DF - FAP          ;764910300 - TRANSFERÊNCIAS VOLU - ENCAMINHADO PARA DECISÃO DO ORDENADOR DE DESPESA;009257                                  ;-9999,5
;015201 - FUNDACAO DE APOIO A PESQUISA DO DF                ;="150201";150201 - FUNDAÇÃO DE APOIO A PESQUISA DO DF - FAP          ;764910300 - TRANSFERÊNCIAS VOLU - ENCAMINHADO PARA DECISÃO DO ORDENADOR DE DESPESA;009258                                  ;-1772
;015201 - FUNDACAO DE APOIO A PESQUISA DO DF                ;="150201";150201 - FUNDAÇÃO DE APOIO A PESQUISA DO DF - FAP          ;764910300 - TRANSFERÊNCIAS VOLU - ENCAMINHADO PARA DECISÃO DO ORDENADOR DE DESPESA;009262                                  ;-3000
;015201 - FUNDACAO DE APOIO A PESQUISA DO DF                ;="150201";150201 - FUNDAÇÃO DE APOIO A PESQUISA DO DF - FAP          ;764910300 - TRANSFERÊNCIAS VOLU - ENCAMINHADO PARA DECISÃO DO ORDENADOR DE DESPESA;009264                                  ;-8675
;015201 - FUNDACAO DE APOIO A PESQUISA DO DF                ;="150201";150201 - FUNDAÇÃO DE APOIO A PESQUISA DO DF - FAP          ;764910300 - TRANSFERÊNCIAS VOLU - ENCAMINHADO PARA DECISÃO DO ORDENADOR DE DESPESA;009268                                  ;-3000
;015201 - FUNDACAO DE APOIO A PESQUISA DO DF                ;="150201";150201 - FUNDAÇÃO DE APOIO A PESQUISA DO DF - FAP          ;764910300 - TRANSFERÊNCIAS VOLU - ENCAMINHADO PARA DECISÃO DO ORDENADOR DE DESPESA;009270                                  ;-3000
;015201 - FUNDACAO DE APOIO A PESQUISA DO DF                ;="150201";150201 - FUNDAÇÃO DE APOIO A PESQUISA DO DF - FAP          ;764910300 - TRANSFERÊNCIAS VOLU - ENCAMINHADO PARA DECISÃO DO ORDENADOR DE DESPESA;009271                                  ;-7441,45
;015201 - FUNDACAO DE APOIO A PESQUISA DO DF                ;="150201";150201 - FUNDAÇÃO DE APOIO A PESQUISA DO DF - FAP          ;764910300 - TRANSFERÊNCIAS VOLU - ENCAMINHADO PARA DECISÃO DO ORDENADOR DE DESPESA;009272                                  ;-5800
;015201 - FUNDACAO DE APOIO A PESQUISA DO DF                ;="150201";150201 - FUNDAÇÃO DE APOIO A PESQUISA DO DF - FAP          ;764910300 - TRANSFERÊNCIAS VOLU - ENCAMINHADO PARA DECISÃO DO ORDENADOR DE DESPESA;009273                                  ;-2956,88
;015201 - FUNDACAO DE APOIO A PESQUISA DO DF                ;="150201";150201 - FUNDAÇÃO DE APOIO A PESQUISA DO DF - FAP          ;764910300 - TRANSFERÊNCIAS VOLU - ENCAMINHADO PARA DECISÃO DO ORDENADOR DE DESPESA;009275                                  ;-80545
;015201 - FUNDACAO DE APOIO A PESQUISA DO DF                ;="150201";150201 - FUNDAÇÃO DE APOIO A PESQUISA DO DF - FAP          ;764910300 - TRANSFERÊNCIAS VOLU - ENCAMINHADO PARA DECISÃO DO ORDENADOR DE DESPESA;009279                                  ;-9900
;015201 - FUNDACAO DE APOIO A PESQUISA DO DF                ;="150201";150201 - FUNDAÇÃO DE APOIO A PESQUISA DO DF - FAP          ;764910300 - TRANSFERÊNCIAS VOLU - ENCAMINHADO PARA DECISÃO DO ORDENADOR DE DESPESA;009281                                  ;-1890
;015201 - FUNDACAO DE APOIO A PESQUISA DO DF                ;="150201";150201 - FUNDAÇÃO DE APOIO A PESQUISA DO DF - FAP          ;764910300 - TRANSFERÊNCIAS VOLU - ENCAMINHADO PARA DECISÃO DO ORDENADOR DE DESPESA;009282                                  ;-7370
;015201 - FUNDACAO DE APOIO A PESQUISA DO DF                ;="150201";150201 - FUNDAÇÃO DE APOIO A PESQUISA DO DF - FAP          ;764910300 - TRANSFERÊNCIAS VOLU - ENCAMINHADO PARA DECISÃO DO ORDENADOR DE DESPESA;009287                                  ;-10000
;015201 - FUNDACAO DE APOIO A PESQUISA DO DF                ;="150201";150201 - FUNDAÇÃO DE APOIO A PESQUISA DO DF - FAP          ;764910300 - TRANSFERÊNCIAS VOLU - ENCAMINHADO PARA DECISÃO DO ORDENADOR DE DESPESA;009288                                  ;-41345
;015201 - FUNDACAO DE APOIO A PESQUISA DO DF                ;="150201";150201 - FUNDAÇÃO DE APOIO A PESQUISA DO DF - FAP          ;764910300 - TRANSFERÊNCIAS VOLU - ENCAMINHADO PARA DECISÃO DO ORDENADOR DE DESPESA;009290                                  ;-3000
;015201 - FUNDACAO DE APOIO A PESQUISA DO DF                ;="150201";150201 - FUNDAÇÃO DE APOIO A PESQUISA DO DF - FAP          ;764910300 - TRANSFERÊNCIAS VOLU - ENCAMINHADO PARA DECISÃO DO ORDENADOR DE DESPESA;009291                                  ;-58875
;015201 - FUNDACAO DE APOIO A PESQUISA DO DF                ;="150201";150201 - FUNDAÇÃO DE APOIO A PESQUISA DO DF - FAP          ;764910300 - TRANSFERÊNCIAS VOLU - ENCAMINHADO PARA DECISÃO DO ORDENADOR DE DESPESA;009295                                  ;-3000
;015201 - FUNDACAO DE APOIO A PESQUISA DO DF                ;="150201";150201 - FUNDAÇÃO DE APOIO A PESQUISA DO DF - FAP          ;764910300 - TRANSFERÊNCIAS VOLU - ENCAMINHADO PARA DECISÃO DO ORDENADOR DE DESPESA;009296                                  ;-9659,52
;015201 - FUNDACAO DE APOIO A PESQUISA DO DF                ;="150201";150201 - FUNDAÇÃO DE APOIO A PESQUISA DO DF - FAP          ;764910300 - TRANSFERÊNCIAS VOLU - ENCAMINHADO PARA DECISÃO DO ORDENADOR DE DESPESA;009297                                  ;-2490
;015201 - FUNDACAO DE APOIO A PESQUISA DO DF                ;="150201";150201 - FUNDAÇÃO DE APOIO A PESQUISA DO DF - FAP          ;764910300 - TRANSFERÊNCIAS VOLU - ENCAMINHADO PARA DECISÃO DO ORDENADOR DE DESPESA;009312                                  ;-2890
;015201 - FUNDACAO DE APOIO A PESQUISA DO DF                ;="150201";150201 - FUNDAÇÃO DE APOIO A PESQUISA DO DF - FAP          ;764910300 - TRANSFERÊNCIAS VOLU - ENCAMINHADO PARA DECISÃO DO ORDENADOR DE DESPESA;009313                                  ;-7696
;015201 - FUNDACAO DE APOIO A PESQUISA DO DF                ;="150201";150201 - FUNDAÇÃO DE APOIO A PESQUISA DO DF - FAP          ;764910300 - TRANSFERÊNCIAS VOLU - ENCAMINHADO PARA DECISÃO DO ORDENADOR DE DESPESA;009314                                  ;-7002
;015201 - FUNDACAO DE APOIO A PESQUISA DO DF                ;="150201";150201 - FUNDAÇÃO DE APOIO A PESQUISA DO DF - FAP          ;764910300 - TRANSFERÊNCIAS VOLU - ENCAMINHADO PARA DECISÃO DO ORDENADOR DE DESPESA;009317                                  ;-9050
;015201 - FUNDACAO DE APOIO A PESQUISA DO DF                ;="150201";150201 - FUNDAÇÃO DE APOIO A PESQUISA DO DF - FAP          ;764910300 - TRANSFERÊNCIAS VOLU - ENCAMINHADO PARA DECISÃO DO ORDENADOR DE DESPESA;009318                                  ;-6488,62
;015201 - FUNDACAO DE APOIO A PESQUISA DO DF                ;="150201";150201 - FUNDAÇÃO DE APOIO A PESQUISA DO DF - FAP          ;764910300 - TRANSFERÊNCIAS VOLU - ENCAMINHADO PARA DECISÃO DO ORDENADOR DE DESPESA;009328                                  ;-7219,42
;015201 - FUNDACAO DE APOIO A PESQUISA DO DF                ;="150201";150201 - FUNDAÇÃO DE APOIO A PESQUISA DO DF - FAP          ;764910300 - TRANSFERÊNCIAS VOLU - ENCAMINHADO PARA DECISÃO DO ORDENADOR DE DESPESA;009330                                  ;-59800
;015201 - FUNDACAO DE APOIO A PESQUISA DO DF                ;="150201";150201 - FUNDAÇÃO DE APOIO A PESQUISA DO DF - FAP          ;764910300 - TRANSFERÊNCIAS VOLU - ENCAMINHADO PARA DECISÃO DO ORDENADOR DE DESPESA;009331                                  ;-10000
;015201 - FUNDACAO DE APOIO A PESQUISA DO DF                ;="150201";150201 - FUNDAÇÃO DE APOIO A PESQUISA DO DF - FAP          ;764910300 - TRANSFERÊNCIAS VOLU - ENCAMINHADO PARA DECISÃO DO ORDENADOR DE DESPESA;009332                                  ;-12500
;015201 - FUNDACAO DE APOIO A PESQUISA DO DF                ;="150201";150201 - FUNDAÇÃO DE APOIO A PESQUISA DO DF - FAP          ;764910300 - TRANSFERÊNCIAS VOLU - ENCAMINHADO PARA DECISÃO DO ORDENADOR DE DESPESA;009336                                  ;-8800
;015201 - FUNDACAO DE APOIO A PESQUISA DO DF                ;="150201";150201 - FUNDAÇÃO DE APOIO A PESQUISA DO DF - FAP          ;764910300 - TRANSFERÊNCIAS VOLU - ENCAMINHADO PARA DECISÃO DO ORDENADOR DE DESPESA;009337                                  ;-5408
;015201 - FUNDACAO DE APOIO A PESQUISA DO DF                ;="150201";150201 - FUNDAÇÃO DE APOIO A PESQUISA DO DF - FAP          ;764910300 - TRANSFERÊNCIAS VOLU - ENCAMINHADO PARA DECISÃO DO ORDENADOR DE DESPESA;009342                                  ;-7950
;015201 - FUNDACAO DE APOIO A PESQUISA DO DF                ;="150201";150201 - FUNDAÇÃO DE APOIO A PESQUISA DO DF - FAP          ;764910300 - TRANSFERÊNCIAS VOLU - ENCAMINHADO PARA DECISÃO DO ORDENADOR DE DESPESA;009344                                  ;-7750
;015201 - FUNDACAO DE APOIO A PESQUISA DO DF                ;="150201";150201 - FUNDAÇÃO DE APOIO A PESQUISA DO DF - FAP          ;764910300 - TRANSFERÊNCIAS VOLU - ENCAMINHADO PARA DECISÃO DO ORDENADOR DE DESPESA;009345                                  ;-7950
;015201 - FUNDACAO DE APOIO A PESQUISA DO DF                ;="150201";150201 - FUNDAÇÃO DE APOIO A PESQUISA DO DF - FAP          ;764910300 - TRANSFERÊNCIAS VOLU - ENCAMINHADO PARA DECISÃO DO ORDENADOR DE DESPESA;009346                                  ;-7950
;015201 - FUNDACAO DE APOIO A PESQUISA DO DF                ;="150201";150201 - FUNDAÇÃO DE APOIO A PESQUISA DO DF - FAP          ;764910300 - TRANSFERÊNCIAS VOLU - ENCAMINHADO PARA DECISÃO DO ORDENADOR DE DESPESA;009349                                  ;-9000
;015201 - FUNDACAO DE APOIO A PESQUISA DO DF                ;="150201";150201 - FUNDAÇÃO DE APOIO A PESQUISA DO DF - FAP          ;764910300 - TRANSFERÊNCIAS VOLU - ENCAMINHADO PARA DECISÃO DO ORDENADOR DE DESPESA;009350                                  ;-8000
;015201 - FUNDACAO DE APOIO A PESQUISA DO DF                ;="150201";150201 - FUNDAÇÃO DE APOIO A PESQUISA DO DF - FAP          ;764910300 - TRANSFERÊNCIAS VOLU - ENCAMINHADO PARA DECISÃO DO ORDENADOR DE DESPESA;009351                                  ;-10000
;015201 - FUNDACAO DE APOIO A PESQUISA DO DF                ;="150201";150201 - FUNDAÇÃO DE APOIO A PESQUISA DO DF - FAP          ;764910300 - TRANSFERÊNCIAS VOLU - ENCAMINHADO PARA DECISÃO DO ORDENADOR DE DESPESA;009360                                  ;-10000
;015201 - FUNDACAO DE APOIO A PESQUISA DO DF                ;="150201";150201 - FUNDAÇÃO DE APOIO A PESQUISA DO DF - FAP          ;764910300 - TRANSFERÊNCIAS VOLU - ENCAMINHADO PARA DECISÃO DO ORDENADOR DE DESPESA;009361                                  ;-10000
;015201 - FUNDACAO DE APOIO A PESQUISA DO DF                ;="150201";150201 - FUNDAÇÃO DE APOIO A PESQUISA DO DF - FAP          ;764910300 - TRANSFERÊNCIAS VOLU - ENCAMINHADO PARA DECISÃO DO ORDENADOR DE DESPESA;009362                                  ;-9958
;015201 - FUNDACAO DE APOIO A PESQUISA DO DF                ;="150201";150201 - FUNDAÇÃO DE APOIO A PESQUISA DO DF - FAP          ;764910300 - TRANSFERÊNCIAS VOLU - ENCAMINHADO PARA DECISÃO DO ORDENADOR DE DESPESA;009363                                  ;-10000
;015201 - FUNDACAO DE APOIO A PESQUISA DO DF                ;="150201";150201 - FUNDAÇÃO DE APOIO A PESQUISA DO DF - FAP          ;764910300 - TRANSFERÊNCIAS VOLU - ENCAMINHADO PARA DECISÃO DO ORDENADOR DE DESPESA;009364                                  ;-10000
;015201 - FUNDACAO DE APOIO A PESQUISA DO DF                ;="150201";150201 - FUNDAÇÃO DE APOIO A PESQUISA DO DF - FAP          ;764910300 - TRANSFERÊNCIAS VOLU - ENCAMINHADO PARA DECISÃO DO ORDENADOR DE DESPESA;009367                                  ;-8960
;015201 - FUNDACAO DE APOIO A PESQUISA DO DF                ;="150201";150201 - FUNDAÇÃO DE APOIO A PESQUISA DO DF - FAP          ;764910300 - TRANSFERÊNCIAS VOLU - ENCAMINHADO PARA DECISÃO DO ORDENADOR DE DESPESA;009369                                  ;-9984,43
;015201 - FUNDACAO DE APOIO A PESQUISA DO DF                ;="150201";150201 - FUNDAÇÃO DE APOIO A PESQUISA DO DF - FAP          ;764910300 - TRANSFERÊNCIAS VOLU - ENCAMINHADO PARA DECISÃO DO ORDENADOR DE DESPESA;009371                                  ;-10000
;015201 - FUNDACAO DE APOIO A PESQUISA DO DF                ;="150201";150201 - FUNDAÇÃO DE APOIO A PESQUISA DO DF - FAP          ;764910300 - TRANSFERÊNCIAS VOLU - ENCAMINHADO PARA DECISÃO DO ORDENADOR DE DESPESA;009374                                  ;-5417,66
;015201 - FUNDACAO DE APOIO A PESQUISA DO DF                ;="150201";150201 - FUNDAÇÃO DE APOIO A PESQUISA DO DF - FAP          ;764910300 - TRANSFERÊNCIAS VOLU - ENCAMINHADO PARA DECISÃO DO ORDENADOR DE DESPESA;009375                                  ;-7172,5
;015201 - FUNDACAO DE APOIO A PESQUISA DO DF                ;="150201";150201 - FUNDAÇÃO DE APOIO A PESQUISA DO DF - FAP          ;764910300 - TRANSFERÊNCIAS VOLU - ENCAMINHADO PARA DECISÃO DO ORDENADOR DE DESPESA;009377                                  ;-10000
;015201 - FUNDACAO DE APOIO A PESQUISA DO DF                ;="150201";150201 - FUNDAÇÃO DE APOIO A PESQUISA DO DF - FAP          ;764910300 - TRANSFERÊNCIAS VOLU - ENCAMINHADO PARA DECISÃO DO ORDENADOR DE DESPESA;009385                                  ;-10000
;015201 - FUNDACAO DE APOIO A PESQUISA DO DF                ;="150201";150201 - FUNDAÇÃO DE APOIO A PESQUISA DO DF - FAP          ;764910300 - TRANSFERÊNCIAS VOLU - ENCAMINHADO PARA DECISÃO DO ORDENADOR DE DESPESA;009389                                  ;-9958,16
;015201 - FUNDACAO DE APOIO A PESQUISA DO DF                ;="150201";150201 - FUNDAÇÃO DE APOIO A PESQUISA DO DF - FAP          ;764910300 - TRANSFERÊNCIAS VOLU - ENCAMINHADO PARA DECISÃO DO ORDENADOR DE DESPESA;009392                                  ;-8882
;015201 - FUNDACAO DE APOIO A PESQUISA DO DF                ;="150201";150201 - FUNDAÇÃO DE APOIO A PESQUISA DO DF - FAP          ;764910300 - TRANSFERÊNCIAS VOLU - ENCAMINHADO PARA DECISÃO DO ORDENADOR DE DESPESA;009393                                  ;-10000
;015201 - FUNDACAO DE APOIO A PESQUISA DO DF                ;="150201";150201 - FUNDAÇÃO DE APOIO A PESQUISA DO DF - FAP          ;764910300 - TRANSFERÊNCIAS VOLU - ENCAMINHADO PARA DECISÃO DO ORDENADOR DE DESPESA;009395                                  ;-3000
;015201 - FUNDACAO DE APOIO A PESQUISA DO DF                ;="150201";150201 - FUNDAÇÃO DE APOIO A PESQUISA DO DF - FAP          ;764910300 - TRANSFERÊNCIAS VOLU - ENCAMINHADO PARA DECISÃO DO ORDENADOR DE DESPESA;009402                                  ;-2990
;015201 - FUNDACAO DE APOIO A PESQUISA DO DF                ;="150201";150201 - FUNDAÇÃO DE APOIO A PESQUISA DO DF - FAP          ;764910300 - TRANSFERÊNCIAS VOLU - ENCAMINHADO PARA DECISÃO DO ORDENADOR DE DESPESA;009406                                  ;-10000
;015201 - FUNDACAO DE APOIO A PESQUISA DO DF                ;="150201";150201 - FUNDAÇÃO DE APOIO A PESQUISA DO DF - FAP          ;764910300 - TRANSFERÊNCIAS VOLU - ENCAMINHADO PARA DECISÃO DO ORDENADOR DE DESPESA;009407                                  ;-9948
;015201 - FUNDACAO DE APOIO A PESQUISA DO DF                ;="150201";150201 - FUNDAÇÃO DE APOIO A PESQUISA DO DF - FAP          ;764910300 - TRANSFERÊNCIAS VOLU - ENCAMINHADO PARA DECISÃO DO ORDENADOR DE DESPESA;009408                                  ;-3056
;015201 - FUNDACAO DE APOIO A PESQUISA DO DF                ;="150201";150201 - FUNDAÇÃO DE APOIO A PESQUISA DO DF - FAP          ;764910300 - TRANSFERÊNCIAS VOLU - ENCAMINHADO PARA DECISÃO DO ORDENADOR DE DESPESA;009409                                  ;-1700
;015201 - FUNDACAO DE APOIO A PESQUISA DO DF                ;="150201";150201 - FUNDAÇÃO DE APOIO A PESQUISA DO DF - FAP          ;764910300 - TRANSFERÊNCIAS VOLU - ENCAMINHADO PARA DECISÃO DO ORDENADOR DE DESPESA;009412                                  ;-2290
;015201 - FUNDACAO DE APOIO A PESQUISA DO DF                ;="150201";150201 - FUNDAÇÃO DE APOIO A PESQUISA DO DF - FAP          ;764910300 - TRANSFERÊNCIAS VOLU - ENCAMINHADO PARA DECISÃO DO ORDENADOR DE DESPESA;009415                                  ;-2350
;015201 - FUNDACAO DE APOIO A PESQUISA DO DF                ;="150201";150201 - FUNDAÇÃO DE APOIO A PESQUISA DO DF - FAP          ;764910300 - TRANSFERÊNCIAS VOLU - ENCAMINHADO PARA DECISÃO DO ORDENADOR DE DESPESA;009419                                  ;-9727,3
;015201 - FUNDACAO DE APOIO A PESQUISA DO DF                ;="150201";150201 - FUNDAÇÃO DE APOIO A PESQUISA DO DF - FAP          ;764910300 - TRANSFERÊNCIAS VOLU - ENCAMINHADO PARA DECISÃO DO ORDENADOR DE DESPESA;009424                                  ;-2150
;015201 - FUNDACAO DE APOIO A PESQUISA DO DF                ;="150201";150201 - FUNDAÇÃO DE APOIO A PESQUISA DO DF - FAP          ;764910300 - TRANSFERÊNCIAS VOLU - ENCAMINHADO PARA DECISÃO DO ORDENADOR DE DESPESA;009425                                  ;-1400
;015201 - FUNDACAO DE APOIO A PESQUISA DO DF                ;="150201";150201 - FUNDAÇÃO DE APOIO A PESQUISA DO DF - FAP          ;764910300 - TRANSFERÊNCIAS VOLU - ENCAMINHADO PARA DECISÃO DO ORDENADOR DE DESPESA;009426                                  ;-9153,21
;015201 - FUNDACAO DE APOIO A PESQUISA DO DF                ;="150201";150201 - FUNDAÇÃO DE APOIO A PESQUISA DO DF - FAP          ;764910300 - TRANSFERÊNCIAS VOLU - ENCAMINHADO PARA DECISÃO DO ORDENADOR DE DESPESA;009429                                  ;-9350
;015201 - FUNDACAO DE APOIO A PESQUISA DO DF                ;="150201";150201 - FUNDAÇÃO DE APOIO A PESQUISA DO DF - FAP          ;764910300 - TRANSFERÊNCIAS VOLU - ENCAMINHADO PARA DECISÃO DO ORDENADOR DE DESPESA;009431                                  ;-2955
;015201 - FUNDACAO DE APOIO A PESQUISA DO DF                ;="150201";150201 - FUNDAÇÃO DE APOIO A PESQUISA DO DF - FAP          ;764910300 - TRANSFERÊNCIAS VOLU - ENCAMINHADO PARA DECISÃO DO ORDENADOR DE DESPESA;009433                                  ;-2535
;015201 - FUNDACAO DE APOIO A PESQUISA DO DF                ;="150201";150201 - FUNDAÇÃO DE APOIO A PESQUISA DO DF - FAP          ;764910300 - TRANSFERÊNCIAS VOLU - ENCAMINHADO PARA DECISÃO DO ORDENADOR DE DESPESA;009435                                  ;-2535
;015201 - FUNDACAO DE APOIO A PESQUISA DO DF                ;="150201";150201 - FUNDAÇÃO DE APOIO A PESQUISA DO DF - FAP          ;764910300 - TRANSFERÊNCIAS VOLU - ENCAMINHADO PARA DECISÃO DO ORDENADOR DE DESPESA;009436                                  ;-2250
;015201 - FUNDACAO DE APOIO A PESQUISA DO DF                ;="150201";150201 - FUNDAÇÃO DE APOIO A PESQUISA DO DF - FAP          ;764910300 - TRANSFERÊNCIAS VOLU - ENCAMINHADO PARA DECISÃO DO ORDENADOR DE DESPESA;009437                                  ;-9980
;015201 - FUNDACAO DE APOIO A PESQUISA DO DF                ;="150201";150201 - FUNDAÇÃO DE APOIO A PESQUISA DO DF - FAP          ;764910300 - TRANSFERÊNCIAS VOLU - ENCAMINHADO PARA DECISÃO DO ORDENADOR DE DESPESA;009439                                  ;-21000
;015201 - FUNDACAO DE APOIO A PESQUISA DO DF                ;="150201";150201 - FUNDAÇÃO DE APOIO A PESQUISA DO DF - FAP          ;764910300 - TRANSFERÊNCIAS VOLU - ENCAMINHADO PARA DECISÃO DO ORDENADOR DE DESPESA;009441                                  ;-2300
;015201 - FUNDACAO DE APOIO A PESQUISA DO DF                ;="150201";150201 - FUNDAÇÃO DE APOIO A PESQUISA DO DF - FAP          ;764910300 - TRANSFERÊNCIAS VOLU - ENCAMINHADO PARA DECISÃO DO ORDENADOR DE DESPESA;009442                                  ;-2900
;015201 - FUNDACAO DE APOIO A PESQUISA DO DF                ;="150201";150201 - FUNDAÇÃO DE APOIO A PESQUISA DO DF - FAP          ;764910300 - TRANSFERÊNCIAS VOLU - ENCAMINHADO PARA DECISÃO DO ORDENADOR DE DESPESA;009443                                  ;-10000
;015201 - FUNDACAO DE APOIO A PESQUISA DO DF                ;="150201";150201 - FUNDAÇÃO DE APOIO A PESQUISA DO DF - FAP          ;764910300 - TRANSFERÊNCIAS VOLU - ENCAMINHADO PARA DECISÃO DO ORDENADOR DE DESPESA;009444                                  ;-10000
;015201 - FUNDACAO DE APOIO A PESQUISA DO DF                ;="150201";150201 - FUNDAÇÃO DE APOIO A PESQUISA DO DF - FAP          ;764910300 - TRANSFERÊNCIAS VOLU - ENCAMINHADO PARA DECISÃO DO ORDENADOR DE DESPESA;009445                                  ;-8150
;015201 - FUNDACAO DE APOIO A PESQUISA DO DF                ;="150201";150201 - FUNDAÇÃO DE APOIO A PESQUISA DO DF - FAP          ;764910300 - TRANSFERÊNCIAS VOLU - ENCAMINHADO PARA DECISÃO DO ORDENADOR DE DESPESA;009448                                  ;-8150
;015201 - FUNDACAO DE APOIO A PESQUISA DO DF                ;="150201";150201 - FUNDAÇÃO DE APOIO A PESQUISA DO DF - FAP          ;764910300 - TRANSFERÊNCIAS VOLU - ENCAMINHADO PARA DECISÃO DO ORDENADOR DE DESPESA;009449                                  ;-8150
;015201 - FUNDACAO DE APOIO A PESQUISA DO DF                ;="150201";150201 - FUNDAÇÃO DE APOIO A PESQUISA DO DF - FAP          ;764910300 - TRANSFERÊNCIAS VOLU - ENCAMINHADO PARA DECISÃO DO ORDENADOR DE DESPESA;009450                                  ;-2775
;015201 - FUNDACAO DE APOIO A PESQUISA DO DF                ;="150201";150201 - FUNDAÇÃO DE APOIO A PESQUISA DO DF - FAP          ;764910300 - TRANSFERÊNCIAS VOLU - ENCAMINHADO PARA DECISÃO DO ORDENADOR DE DESPESA;009456                                  ;-40524
;015201 - FUNDACAO DE APOIO A PESQUISA DO DF                ;="150201";150201 - FUNDAÇÃO DE APOIO A PESQUISA DO DF - FAP          ;764910300 - TRANSFERÊNCIAS VOLU - ENCAMINHADO PARA DECISÃO DO ORDENADOR DE DESPESA;009458                                  ;-3000
;015201 - FUNDACAO DE APOIO A PESQUISA DO DF                ;="150201";150201 - FUNDAÇÃO DE APOIO A PESQUISA DO DF - FAP          ;764910300 - TRANSFERÊNCIAS VOLU - ENCAMINHADO PARA DECISÃO DO ORDENADOR DE DESPESA;009459                                  ;-3000
;015201 - FUNDACAO DE APOIO A PESQUISA DO DF                ;="150201";150201 - FUNDAÇÃO DE APOIO A PESQUISA DO DF - FAP          ;764910300 - TRANSFERÊNCIAS VOLU - ENCAMINHADO PARA DECISÃO DO ORDENADOR DE DESPESA;009460                                  ;-7454
;015201 - FUNDACAO DE APOIO A PESQUISA DO DF                ;="150201";150201 - FUNDAÇÃO DE APOIO A PESQUISA DO DF - FAP          ;764910300 - TRANSFERÊNCIAS VOLU - ENCAMINHADO PARA DECISÃO DO ORDENADOR DE DESPESA;009461                                  ;-2940
;015201 - FUNDACAO DE APOIO A PESQUISA DO DF                ;="150201";150201 - FUNDAÇÃO DE APOIO A PESQUISA DO DF - FAP          ;764910300 - TRANSFERÊNCIAS VOLU - ENCAMINHADO PARA DECISÃO DO ORDENADOR DE DESPESA;009462                                  ;-9922,5
;015201 - FUNDACAO DE APOIO A PESQUISA DO DF                ;="150201";150201 - FUNDAÇÃO DE APOIO A PESQUISA DO DF - FAP          ;764910300 - TRANSFERÊNCIAS VOLU - ENCAMINHADO PARA DECISÃO DO ORDENADOR DE DESPESA;009463                                  ;-10000
;015201 - FUNDACAO DE APOIO A PESQUISA DO DF                ;="150201";150201 - FUNDAÇÃO DE APOIO A PESQUISA DO DF - FAP          ;764910300 - TRANSFERÊNCIAS VOLU - ENCAMINHADO PARA DECISÃO DO ORDENADOR DE DESPESA;009464                                  ;-49950,5
;015201 - FUNDACAO DE APOIO A PESQUISA DO DF                ;="150201";150201 - FUNDAÇÃO DE APOIO A PESQUISA DO DF - FAP          ;764910300 - TRANSFERÊNCIAS VOLU - ENCAMINHADO PARA DECISÃO DO ORDENADOR DE DESPESA;009465                                  ;-9300
;015201 - FUNDACAO DE APOIO A PESQUISA DO DF                ;="150201";150201 - FUNDAÇÃO DE APOIO A PESQUISA DO DF - FAP          ;764910300 - TRANSFERÊNCIAS VOLU - ENCAMINHADO PARA DECISÃO DO ORDENADOR DE DESPESA;009466                                  ;-2450
;015201 - FUNDACAO DE APOIO A PESQUISA DO DF                ;="150201";150201 - FUNDAÇÃO DE APOIO A PESQUISA DO DF - FAP          ;764910300 - TRANSFERÊNCIAS VOLU - ENCAMINHADO PARA DECISÃO DO ORDENADOR DE DESPESA;009468                                  ;-9656
;015201 - FUNDACAO DE APOIO A PESQUISA DO DF                ;="150201";150201 - FUNDAÇÃO DE APOIO A PESQUISA DO DF - FAP          ;764910300 - TRANSFERÊNCIAS VOLU - ENCAMINHADO PARA DECISÃO DO ORDENADOR DE DESPESA;009470                                  ;-13000
;015201 - FUNDACAO DE APOIO A PESQUISA DO DF                ;="150201";150201 - FUNDAÇÃO DE APOIO A PESQUISA DO DF - FAP          ;764910300 - TRANSFERÊNCIAS VOLU - ENCAMINHADO PARA DECISÃO DO ORDENADOR DE DESPESA;009473                                  ;-2850
;015201 - FUNDACAO DE APOIO A PESQUISA DO DF                ;="150201";150201 - FUNDAÇÃO DE APOIO A PESQUISA DO DF - FAP          ;764910300 - TRANSFERÊNCIAS VOLU - ENCAMINHADO PARA DECISÃO DO ORDENADOR DE DESPESA;009475                                  ;-8256
;015201 - FUNDACAO DE APOIO A PESQUISA DO DF                ;="150201";150201 - FUNDAÇÃO DE APOIO A PESQUISA DO DF - FAP          ;764910300 - TRANSFERÊNCIAS VOLU - ENCAMINHADO PARA DECISÃO DO ORDENADOR DE DESPESA;009476                                  ;-2500
;015201 - FUNDACAO DE APOIO A PESQUISA DO DF                ;="150201";150201 - FUNDAÇÃO DE APOIO A PESQUISA DO DF - FAP          ;764910300 - TRANSFERÊNCIAS VOLU - ENCAMINHADO PARA DECISÃO DO ORDENADOR DE DESPESA;009477                                  ;-2485
;015201 - FUNDACAO DE APOIO A PESQUISA DO DF                ;="150201";150201 - FUNDAÇÃO DE APOIO A PESQUISA DO DF - FAP          ;764910300 - TRANSFERÊNCIAS VOLU - ENCAMINHADO PARA DECISÃO DO ORDENADOR DE DESPESA;009478                                  ;-1800
;015201 - FUNDACAO DE APOIO A PESQUISA DO DF                ;="150201";150201 - FUNDAÇÃO DE APOIO A PESQUISA DO DF - FAP          ;764910300 - TRANSFERÊNCIAS VOLU - ENCAMINHADO PARA DECISÃO DO ORDENADOR DE DESPESA;009480                                  ;-3000
;015201 - FUNDACAO DE APOIO A PESQUISA DO DF                ;="150201";150201 - FUNDAÇÃO DE APOIO A PESQUISA DO DF - FAP          ;764910300 - TRANSFERÊNCIAS VOLU - ENCAMINHADO PARA DECISÃO DO ORDENADOR DE DESPESA;009481                                  ;-10000
;015201 - FUNDACAO DE APOIO A PESQUISA DO DF                ;="150201";150201 - FUNDAÇÃO DE APOIO A PESQUISA DO DF - FAP          ;764910300 - TRANSFERÊNCIAS VOLU - ENCAMINHADO PARA DECISÃO DO ORDENADOR DE DESPESA;009488                                  ;-3000
;015201 - FUNDACAO DE APOIO A PESQUISA DO DF                ;="150201";150201 - FUNDAÇÃO DE APOIO A PESQUISA DO DF - FAP          ;764910300 - TRANSFERÊNCIAS VOLU - ENCAMINHADO PARA DECISÃO DO ORDENADOR DE DESPESA;009489                                  ;-8222
;015201 - FUNDACAO DE APOIO A PESQUISA DO DF                ;="150201";150201 - FUNDAÇÃO DE APOIO A PESQUISA DO DF - FAP          ;764910300 - TRANSFERÊNCIAS VOLU - ENCAMINHADO PARA DECISÃO DO ORDENADOR DE DESPESA;009491                                  ;-1960
;015201 - FUNDACAO DE APOIO A PESQUISA DO DF                ;="150201";150201 - FUNDAÇÃO DE APOIO A PESQUISA DO DF - FAP          ;764910300 - TRANSFERÊNCIAS VOLU - ENCAMINHADO PARA DECISÃO DO ORDENADOR DE DESPESA;009493                                  ;-2333
;015201 - FUNDACAO DE APOIO A PESQUISA DO DF                ;="150201";150201 - FUNDAÇÃO DE APOIO A PESQUISA DO DF - FAP          ;764910300 - TRANSFERÊNCIAS VOLU - ENCAMINHADO PARA DECISÃO DO ORDENADOR DE DESPESA;009495                                  ;-4400
;015201 - FUNDACAO DE APOIO A PESQUISA DO DF                ;="150201";150201 - FUNDAÇÃO DE APOIO A PESQUISA DO DF - FAP          ;764910300 - TRANSFERÊNCIAS VOLU - ENCAMINHADO PARA DECISÃO DO ORDENADOR DE DESPESA;009496                                  ;-49981,67
;015201 - FUNDACAO DE APOIO A PESQUISA DO DF                ;="150201";150201 - FUNDAÇÃO DE APOIO A PESQUISA DO DF - FAP          ;764910300 - TRANSFERÊNCIAS VOLU - ENCAMINHADO PARA DECISÃO DO ORDENADOR DE DESPESA;009508                                  ;-46220
;015201 - FUNDACAO DE APOIO A PESQUISA DO DF                ;="150201";150201 - FUNDAÇÃO DE APOIO A PESQUISA DO DF - FAP          ;764910300 - TRANSFERÊNCIAS VOLU - ENCAMINHADO PARA DECISÃO DO ORDENADOR DE DESPESA;009509                                  ;-2590
;015201 - FUNDACAO DE APOIO A PESQUISA DO DF                ;="150201";150201 - FUNDAÇÃO DE APOIO A PESQUISA DO DF - FAP          ;764910300 - TRANSFERÊNCIAS VOLU - ENCAMINHADO PARA DECISÃO DO ORDENADOR DE DESPESA;009510                                  ;-56620
;015201 - FUNDACAO DE APOIO A PESQUISA DO DF                ;="150201";150201 - FUNDAÇÃO DE APOIO A PESQUISA DO DF - FAP          ;764910300 - TRANSFERÊNCIAS VOLU - ENCAMINHADO PARA DECISÃO DO ORDENADOR DE DESPESA;009513                                  ;-1750
;015201 - FUNDACAO DE APOIO A PESQUISA DO DF                ;="150201";150201 - FUNDAÇÃO DE APOIO A PESQUISA DO DF - FAP          ;764910300 - TRANSFERÊNCIAS VOLU - ENCAMINHADO PARA DECISÃO DO ORDENADOR DE DESPESA;009514                                  ;-10000
;015201 - FUNDACAO DE APOIO A PESQUISA DO DF                ;="150201";150201 - FUNDAÇÃO DE APOIO A PESQUISA DO DF - FAP          ;764910300 - TRANSFERÊNCIAS VOLU - ENCAMINHADO PARA DECISÃO DO ORDENADOR DE DESPESA;009517                                  ;-20912,6
;015201 - FUNDACAO DE APOIO A PESQUISA DO DF                ;="150201";150201 - FUNDAÇÃO DE APOIO A PESQUISA DO DF - FAP          ;764910300 - TRANSFERÊNCIAS VOLU - ENCAMINHADO PARA DECISÃO DO ORDENADOR DE DESPESA;009518                                  ;-1750
;015201 - FUNDACAO DE APOIO A PESQUISA DO DF                ;="150201";150201 - FUNDAÇÃO DE APOIO A PESQUISA DO DF - FAP          ;764910300 - TRANSFERÊNCIAS VOLU - ENCAMINHADO PARA DECISÃO DO ORDENADOR DE DESPESA;009523                                  ;-765
;015201 - FUNDACAO DE APOIO A PESQUISA DO DF                ;="150201";150201 - FUNDAÇÃO DE APOIO A PESQUISA DO DF - FAP          ;764910300 - TRANSFERÊNCIAS VOLU - ENCAMINHADO PARA DECISÃO DO ORDENADOR DE DESPESA;009524                                  ;-6450
;015201 - FUNDACAO DE APOIO A PESQUISA DO DF                ;="150201";150201 - FUNDAÇÃO DE APOIO A PESQUISA DO DF - FAP          ;764910300 - TRANSFERÊNCIAS VOLU - ENCAMINHADO PARA DECISÃO DO ORDENADOR DE DESPESA;009525                                  ;-2110
;015201 - FUNDACAO DE APOIO A PESQUISA DO DF                ;="150201";150201 - FUNDAÇÃO DE APOIO A PESQUISA DO DF - FAP          ;764910300 - TRANSFERÊNCIAS VOLU - ENCAMINHADO PARA DECISÃO DO ORDENADOR DE DESPESA;009527                                  ;-9548
;015201 - FUNDACAO DE APOIO A PESQUISA DO DF                ;="150201";150201 - FUNDAÇÃO DE APOIO A PESQUISA DO DF - FAP          ;764910300 - TRANSFERÊNCIAS VOLU - ENCAMINHADO PARA DECISÃO DO ORDENADOR DE DESPESA;009528                                  ;-8452,94
;015201 - FUNDACAO DE APOIO A PESQUISA DO DF                ;="150201";150201 - FUNDAÇÃO DE APOIO A PESQUISA DO DF - FAP          ;764910300 - TRANSFERÊNCIAS VOLU - ENCAMINHADO PARA DECISÃO DO ORDENADOR DE DESPESA;009529                                  ;-1550
;015201 - FUNDACAO DE APOIO A PESQUISA DO DF                ;="150201";150201 - FUNDAÇÃO DE APOIO A PESQUISA DO DF - FAP          ;764910300 - TRANSFERÊNCIAS VOLU - ENCAMINHADO PARA DECISÃO DO ORDENADOR DE DESPESA;009532                                  ;-9990
;015201 - FUNDACAO DE APOIO A PESQUISA DO DF                ;="150201";150201 - FUNDAÇÃO DE APOIO A PESQUISA DO DF - FAP          ;764910300 - TRANSFERÊNCIAS VOLU - ENCAMINHADO PARA DECISÃO DO ORDENADOR DE DESPESA;009533                                  ;-9633
;015201 - FUNDACAO DE APOIO A PESQUISA DO DF                ;="150201";150201 - FUNDAÇÃO DE APOIO A PESQUISA DO DF - FAP          ;764910300 - TRANSFERÊNCIAS VOLU - ENCAMINHADO PARA DECISÃO DO ORDENADOR DE DESPESA;009534                                  ;-10000
;015201 - FUNDACAO DE APOIO A PESQUISA DO DF                ;="150201";150201 - FUNDAÇÃO DE APOIO A PESQUISA DO DF - FAP          ;764910300 - TRANSFERÊNCIAS VOLU - ENCAMINHADO PARA DECISÃO DO ORDENADOR DE DESPESA;009536                                  ;-10000
;015201 - FUNDACAO DE APOIO A PESQUISA DO DF                ;="150201";150201 - FUNDAÇÃO DE APOIO A PESQUISA DO DF - FAP          ;764910300 - TRANSFERÊNCIAS VOLU - ENCAMINHADO PARA DECISÃO DO ORDENADOR DE DESPESA;009537                                  ;-7714
;015201 - FUNDACAO DE APOIO A PESQUISA DO DF                ;="150201";150201 - FUNDAÇÃO DE APOIO A PESQUISA DO DF - FAP          ;764910300 - TRANSFERÊNCIAS VOLU - ENCAMINHADO PARA DECISÃO DO ORDENADOR DE DESPESA;009538                                  ;-3000
;015201 - FUNDACAO DE APOIO A PESQUISA DO DF                ;="150201";150201 - FUNDAÇÃO DE APOIO A PESQUISA DO DF - FAP          ;764910300 - TRANSFERÊNCIAS VOLU - ENCAMINHADO PARA DECISÃO DO ORDENADOR DE DESPESA;009539                                  ;-645
;015201 - FUNDACAO DE APOIO A PESQUISA DO DF                ;="150201";150201 - FUNDAÇÃO DE APOIO A PESQUISA DO DF - FAP          ;764910300 - TRANSFERÊNCIAS VOLU - ENCAMINHADO PARA DECISÃO DO ORDENADOR DE DESPESA;009542                                  ;-1700
;015201 - FUNDACAO DE APOIO A PESQUISA DO DF                ;="150201";150201 - FUNDAÇÃO DE APOIO A PESQUISA DO DF - FAP          ;764910300 - TRANSFERÊNCIAS VOLU - ENCAMINHADO PARA DECISÃO DO ORDENADOR DE DESPESA;009548                                  ;-8189,43
;015201 - FUNDACAO DE APOIO A PESQUISA DO DF                ;="150201";150201 - FUNDAÇÃO DE APOIO A PESQUISA DO DF - FAP          ;764910300 - TRANSFERÊNCIAS VOLU - ENCAMINHADO PARA DECISÃO DO ORDENADOR DE DESPESA;009549                                  ;-9959,24
;015201 - FUNDACAO DE APOIO A PESQUISA DO DF                ;="150201";150201 - FUNDAÇÃO DE APOIO A PESQUISA DO DF - FAP          ;764910300 - TRANSFERÊNCIAS VOLU - ENCAMINHADO PARA DECISÃO DO ORDENADOR DE DESPESA;009550                                  ;-6007
;015201 - FUNDACAO DE APOIO A PESQUISA DO DF                ;="150201";150201 - FUNDAÇÃO DE APOIO A PESQUISA DO DF - FAP          ;764910300 - TRANSFERÊNCIAS VOLU - ENCAMINHADO PARA DECISÃO DO ORDENADOR DE DESPESA;009552                                  ;-2975
;015201 - FUNDACAO DE APOIO A PESQUISA DO DF                ;="150201";150201 - FUNDAÇÃO DE APOIO A PESQUISA DO DF - FAP          ;764910300 - TRANSFERÊNCIAS VOLU - ENCAMINHADO PARA DECISÃO DO ORDENADOR DE DESPESA;009554                                  ;-5662,08
;015201 - FUNDACAO DE APOIO A PESQUISA DO DF                ;="150201";150201 - FUNDAÇÃO DE APOIO A PESQUISA DO DF - FAP          ;764910300 - TRANSFERÊNCIAS VOLU - ENCAMINHADO PARA DECISÃO DO ORDENADOR DE DESPESA;009555                                  ;-8200
;015201 - FUNDACAO DE APOIO A PESQUISA DO DF                ;="150201";150201 - FUNDAÇÃO DE APOIO A PESQUISA DO DF - FAP          ;764910300 - TRANSFERÊNCIAS VOLU - ENCAMINHADO PARA DECISÃO DO ORDENADOR DE DESPESA;009557                                  ;-7969
;015201 - FUNDACAO DE APOIO A PESQUISA DO DF                ;="150201";150201 - FUNDAÇÃO DE APOIO A PESQUISA DO DF - FAP          ;764910300 - TRANSFERÊNCIAS VOLU - ENCAMINHADO PARA DECISÃO DO ORDENADOR DE DESPESA;009559                                  ;-23450
;015201 - FUNDACAO DE APOIO A PESQUISA DO DF                ;="150201";150201 - FUNDAÇÃO DE APOIO A PESQUISA DO DF - FAP          ;764910300 - TRANSFERÊNCIAS VOLU - ENCAMINHADO PARA DECISÃO DO ORDENADOR DE DESPESA;009560                                  ;-2200
;015201 - FUNDACAO DE APOIO A PESQUISA DO DF                ;="150201";150201 - FUNDAÇÃO DE APOIO A PESQUISA DO DF - FAP          ;764910300 - TRANSFERÊNCIAS VOLU - ENCAMINHADO PARA DECISÃO DO ORDENADOR DE DESPESA;009561                                  ;-9200
;015201 - FUNDACAO DE APOIO A PESQUISA DO DF                ;="150201";150201 - FUNDAÇÃO DE APOIO A PESQUISA DO DF - FAP          ;764910300 - TRANSFERÊNCIAS VOLU - ENCAMINHADO PARA DECISÃO DO ORDENADOR DE DESPESA;009562                                  ;-9980,73
;015201 - FUNDACAO DE APOIO A PESQUISA DO DF                ;="150201";150201 - FUNDAÇÃO DE APOIO A PESQUISA DO DF - FAP          ;764910300 - TRANSFERÊNCIAS VOLU - ENCAMINHADO PARA DECISÃO DO ORDENADOR DE DESPESA;009566                                  ;-2000
;015201 - FUNDACAO DE APOIO A PESQUISA DO DF                ;="150201";150201 - FUNDAÇÃO DE APOIO A PESQUISA DO DF - FAP          ;764910300 - TRANSFERÊNCIAS VOLU - ENCAMINHADO PARA DECISÃO DO ORDENADOR DE DESPESA;009571                                  ;-9373
;015201 - FUNDACAO DE APOIO A PESQUISA DO DF                ;="150201";150201 - FUNDAÇÃO DE APOIO A PESQUISA DO DF - FAP          ;764910300 - TRANSFERÊNCIAS VOLU - ENCAMINHADO PARA DECISÃO DO ORDENADOR DE DESPESA;009573                                  ;-3000
;015201 - FUNDACAO DE APOIO A PESQUISA DO DF                ;="150201";150201 - FUNDAÇÃO DE APOIO A PESQUISA DO DF - FAP          ;764910300 - TRANSFERÊNCIAS VOLU - ENCAMINHADO PARA DECISÃO DO ORDENADOR DE DESPESA;009574                                  ;-3000
;015201 - FUNDACAO DE APOIO A PESQUISA DO DF                ;="150201";150201 - FUNDAÇÃO DE APOIO A PESQUISA DO DF - FAP          ;764910300 - TRANSFERÊNCIAS VOLU - ENCAMINHADO PARA DECISÃO DO ORDENADOR DE DESPESA;009575                                  ;-2660
;015201 - FUNDACAO DE APOIO A PESQUISA DO DF                ;="150201";150201 - FUNDAÇÃO DE APOIO A PESQUISA DO DF - FAP          ;764910300 - TRANSFERÊNCIAS VOLU - ENCAMINHADO PARA DECISÃO DO ORDENADOR DE DESPESA;009578                                  ;-7714
;015201 - FUNDACAO DE APOIO A PESQUISA DO DF                ;="150201";150201 - FUNDAÇÃO DE APOIO A PESQUISA DO DF - FAP          ;764910300 - TRANSFERÊNCIAS VOLU - ENCAMINHADO PARA DECISÃO DO ORDENADOR DE DESPESA;009580                                  ;-2940
;015201 - FUNDACAO DE APOIO A PESQUISA DO DF                ;="150201";150201 - FUNDAÇÃO DE APOIO A PESQUISA DO DF - FAP          ;764910300 - TRANSFERÊNCIAS VOLU - ENCAMINHADO PARA DECISÃO DO ORDENADOR DE DESPESA;009581                                  ;-3730,75
;015201 - FUNDACAO DE APOIO A PESQUISA DO DF                ;="150201";150201 - FUNDAÇÃO DE APOIO A PESQUISA DO DF - FAP          ;764910300 - TRANSFERÊNCIAS VOLU - ENCAMINHADO PARA DECISÃO DO ORDENADOR DE DESPESA;009582                                  ;-7714
;015201 - FUNDACAO DE APOIO A PESQUISA DO DF                ;="150201";150201 - FUNDAÇÃO DE APOIO A PESQUISA DO DF - FAP          ;764910300 - TRANSFERÊNCIAS VOLU - ENCAMINHADO PARA DECISÃO DO ORDENADOR DE DESPESA;009583                                  ;-9722,18
;015201 - FUNDACAO DE APOIO A PESQUISA DO DF                ;="150201";150201 - FUNDAÇÃO DE APOIO A PESQUISA DO DF - FAP          ;764910300 - TRANSFERÊNCIAS VOLU - ENCAMINHADO PARA DECISÃO DO ORDENADOR DE DESPESA;009584                                  ;-3000
;015201 - FUNDACAO DE APOIO A PESQUISA DO DF                ;="150201";150201 - FUNDAÇÃO DE APOIO A PESQUISA DO DF - FAP          ;764910300 - TRANSFERÊNCIAS VOLU - ENCAMINHADO PARA DECISÃO DO ORDENADOR DE DESPESA;009585                                  ;-8530
;015201 - FUNDACAO DE APOIO A PESQUISA DO DF                ;="150201";150201 - FUNDAÇÃO DE APOIO A PESQUISA DO DF - FAP          ;764910300 - TRANSFERÊNCIAS VOLU - ENCAMINHADO PARA DECISÃO DO ORDENADOR DE DESPESA;009586                                  ;-9519,4
;015201 - FUNDACAO DE APOIO A PESQUISA DO DF                ;="150201";150201 - FUNDAÇÃO DE APOIO A PESQUISA DO DF - FAP          ;764910300 - TRANSFERÊNCIAS VOLU - ENCAMINHADO PARA DECISÃO DO ORDENADOR DE DESPESA;009587                                  ;-5170
;015201 - FUNDACAO DE APOIO A PESQUISA DO DF                ;="150201";150201 - FUNDAÇÃO DE APOIO A PESQUISA DO DF - FAP          ;764910300 - TRANSFERÊNCIAS VOLU - ENCAMINHADO PARA DECISÃO DO ORDENADOR DE DESPESA;009588                                  ;-10000
;015201 - FUNDACAO DE APOIO A PESQUISA DO DF                ;="150201";150201 - FUNDAÇÃO DE APOIO A PESQUISA DO DF - FAP          ;764910300 - TRANSFERÊNCIAS VOLU - ENCAMINHADO PARA DECISÃO DO ORDENADOR DE DESPESA;009589                                  ;-3200
;015201 - FUNDACAO DE APOIO A PESQUISA DO DF                ;="150201";150201 - FUNDAÇÃO DE APOIO A PESQUISA DO DF - FAP          ;764910300 - TRANSFERÊNCIAS VOLU - ENCAMINHADO PARA DECISÃO DO ORDENADOR DE DESPESA;009590                                  ;-3058,8
;015201 - FUNDACAO DE APOIO A PESQUISA DO DF                ;="150201";150201 - FUNDAÇÃO DE APOIO A PESQUISA DO DF - FAP          ;764910300 - TRANSFERÊNCIAS VOLU - ENCAMINHADO PARA DECISÃO DO ORDENADOR DE DESPESA;009592                                  ;-9999,96
;015201 - FUNDACAO DE APOIO A PESQUISA DO DF                ;="150201";150201 - FUNDAÇÃO DE APOIO A PESQUISA DO DF - FAP          ;764910300 - TRANSFERÊNCIAS VOLU - ENCAMINHADO PARA DECISÃO DO ORDENADOR DE DESPESA;009593                                  ;-2326
;015201 - FUNDACAO DE APOIO A PESQUISA DO DF                ;="150201";150201 - FUNDAÇÃO DE APOIO A PESQUISA DO DF - FAP          ;764910300 - TRANSFERÊNCIAS VOLU - ENCAMINHADO PARA DECISÃO DO ORDENADOR DE DESPESA;009594                                  ;-2320
;015201 - FUNDACAO DE APOIO A PESQUISA DO DF                ;="150201";150201 - FUNDAÇÃO DE APOIO A PESQUISA DO DF - FAP          ;764910300 - TRANSFERÊNCIAS VOLU - ENCAMINHADO PARA DECISÃO DO ORDENADOR DE DESPESA;009596                                  ;-7270
;015201 - FUNDACAO DE APOIO A PESQUISA DO DF                ;="150201";150201 - FUNDAÇÃO DE APOIO A PESQUISA DO DF - FAP          ;764910300 - TRANSFERÊNCIAS VOLU - ENCAMINHADO PARA DECISÃO DO ORDENADOR DE DESPESA;009597                                  ;-2830
;015201 - FUNDACAO DE APOIO A PESQUISA DO DF                ;="150201";150201 - FUNDAÇÃO DE APOIO A PESQUISA DO DF - FAP          ;764910300 - TRANSFERÊNCIAS VOLU - ENCAMINHADO PARA DECISÃO DO ORDENADOR DE DESPESA;009599                                  ;-3400
;015201 - FUNDACAO DE APOIO A PESQUISA DO DF                ;="150201";150201 - FUNDAÇÃO DE APOIO A PESQUISA DO DF - FAP          ;764910300 - TRANSFERÊNCIAS VOLU - ENCAMINHADO PARA DECISÃO DO ORDENADOR DE DESPESA;009600                                  ;-3000
;015201 - FUNDACAO DE APOIO A PESQUISA DO DF                ;="150201";150201 - FUNDAÇÃO DE APOIO A PESQUISA DO DF - FAP          ;764910300 - TRANSFERÊNCIAS VOLU - ENCAMINHADO PARA DECISÃO DO ORDENADOR DE DESPESA;009601                                  ;-4945
;015201 - FUNDACAO DE APOIO A PESQUISA DO DF                ;="150201";150201 - FUNDAÇÃO DE APOIO A PESQUISA DO DF - FAP          ;764910300 - TRANSFERÊNCIAS VOLU - ENCAMINHADO PARA DECISÃO DO ORDENADOR DE DESPESA;009602                                  ;-2550
;015201 - FUNDACAO DE APOIO A PESQUISA DO DF                ;="150201";150201 - FUNDAÇÃO DE APOIO A PESQUISA DO DF - FAP          ;764910300 - TRANSFERÊNCIAS VOLU - ENCAMINHADO PARA DECISÃO DO ORDENADOR DE DESPESA;009603                                  ;-6370
;015201 - FUNDACAO DE APOIO A PESQUISA DO DF                ;="150201";150201 - FUNDAÇÃO DE APOIO A PESQUISA DO DF - FAP          ;764910300 - TRANSFERÊNCIAS VOLU - ENCAMINHADO PARA DECISÃO DO ORDENADOR DE DESPESA;009604                                  ;-6370
;015201 - FUNDACAO DE APOIO A PESQUISA DO DF                ;="150201";150201 - FUNDAÇÃO DE APOIO A PESQUISA DO DF - FAP          ;764910300 - TRANSFERÊNCIAS VOLU - ENCAMINHADO PARA DECISÃO DO ORDENADOR DE DESPESA;009605                                  ;-9365,3
;015201 - FUNDACAO DE APOIO A PESQUISA DO DF                ;="150201";150201 - FUNDAÇÃO DE APOIO A PESQUISA DO DF - FAP          ;764910300 - TRANSFERÊNCIAS VOLU - ENCAMINHADO PARA DECISÃO DO ORDENADOR DE DESPESA;009606                                  ;-4160
;015201 - FUNDACAO DE APOIO A PESQUISA DO DF                ;="150201";150201 - FUNDAÇÃO DE APOIO A PESQUISA DO DF - FAP          ;764910300 - TRANSFERÊNCIAS VOLU - ENCAMINHADO PARA DECISÃO DO ORDENADOR DE DESPESA;009607                                  ;-6370
;015201 - FUNDACAO DE APOIO A PESQUISA DO DF                ;="150201";150201 - FUNDAÇÃO DE APOIO A PESQUISA DO DF - FAP          ;764910300 - TRANSFERÊNCIAS VOLU - ENCAMINHADO PARA DECISÃO DO ORDENADOR DE DESPESA;009608                                  ;-2550
;015201 - FUNDACAO DE APOIO A PESQUISA DO DF                ;="150201";150201 - FUNDAÇÃO DE APOIO A PESQUISA DO DF - FAP          ;764910300 - TRANSFERÊNCIAS VOLU - ENCAMINHADO PARA DECISÃO DO ORDENADOR DE DESPESA;009609                                  ;-9970
;015201 - FUNDACAO DE APOIO A PESQUISA DO DF                ;="150201";150201 - FUNDAÇÃO DE APOIO A PESQUISA DO DF - FAP          ;764910300 - TRANSFERÊNCIAS VOLU - ENCAMINHADO PARA DECISÃO DO ORDENADOR DE DESPESA;009610                                  ;-7285
;015201 - FUNDACAO DE APOIO A PESQUISA DO DF                ;="150201";150201 - FUNDAÇÃO DE APOIO A PESQUISA DO DF - FAP          ;764910300 - TRANSFERÊNCIAS VOLU - ENCAMINHADO PARA DECISÃO DO ORDENADOR DE DESPESA;009615                                  ;-2323
;015201 - FUNDACAO DE APOIO A PESQUISA DO DF                ;="150201";150201 - FUNDAÇÃO DE APOIO A PESQUISA DO DF - FAP          ;764910300 - TRANSFERÊNCIAS VOLU - ENCAMINHADO PARA DECISÃO DO ORDENADOR DE DESPESA;009639                                  ;-31781
;015201 - FUNDACAO DE APOIO A PESQUISA DO DF                ;="150201";150201 - FUNDAÇÃO DE APOIO A PESQUISA DO DF - FAP          ;764910300 - TRANSFERÊNCIAS VOLU - ENCAMINHADO PARA DECISÃO DO ORDENADOR DE DESPESA;009640                                  ;-40300
;015201 - FUNDACAO DE APOIO A PESQUISA DO DF                ;="150201";150201 - FUNDAÇÃO DE APOIO A PESQUISA DO DF - FAP          ;764910300 - TRANSFERÊNCIAS VOLU - ENCAMINHADO PARA DECISÃO DO ORDENADOR DE DESPESA;009641                                  ;-20900
;015201 - FUNDACAO DE APOIO A PESQUISA DO DF                ;="150201";150201 - FUNDAÇÃO DE APOIO A PESQUISA DO DF - FAP          ;764910300 - TRANSFERÊNCIAS VOLU - ENCAMINHADO PARA DECISÃO DO ORDENADOR DE DESPESA;009642                                  ;-8430
;015201 - FUNDACAO DE APOIO A PESQUISA DO DF                ;="150201";150201 - FUNDAÇÃO DE APOIO A PESQUISA DO DF - FAP          ;764910300 - TRANSFERÊNCIAS VOLU - ENCAMINHADO PARA DECISÃO DO ORDENADOR DE DESPESA;009643                                  ;-31130
;015201 - FUNDACAO DE APOIO A PESQUISA DO DF                ;="150201";150201 - FUNDAÇÃO DE APOIO A PESQUISA DO DF - FAP          ;764910300 - TRANSFERÊNCIAS VOLU - ENCAMINHADO PARA DECISÃO DO ORDENADOR DE DESPESA;009644                                  ;-39852,6
;015201 - FUNDACAO DE APOIO A PESQUISA DO DF                ;="150201";150201 - FUNDAÇÃO DE APOIO A PESQUISA DO DF - FAP          ;764910300 - TRANSFERÊNCIAS VOLU - ENCAMINHADO PARA DECISÃO DO ORDENADOR DE DESPESA;009645                                  ;-2994
;015201 - FUNDACAO DE APOIO A PESQUISA DO DF                ;="150201";150201 - FUNDAÇÃO DE APOIO A PESQUISA DO DF - FAP          ;764910300 - TRANSFERÊNCIAS VOLU - ENCAMINHADO PARA DECISÃO DO ORDENADOR DE DESPESA;009646                                  ;-2650
;015201 - FUNDACAO DE APOIO A PESQUISA DO DF                ;="150201";150201 - FUNDAÇÃO DE APOIO A PESQUISA DO DF - FAP          ;764910300 - TRANSFERÊNCIAS VOLU - ENCAMINHADO PARA DECISÃO DO ORDENADOR DE DESPESA;009647                                  ;-9721,5
;015201 - FUNDACAO DE APOIO A PESQUISA DO DF                ;="150201";150201 - FUNDAÇÃO DE APOIO A PESQUISA DO DF - FAP          ;764910300 - TRANSFERÊNCIAS VOLU - ENCAMINHADO PARA DECISÃO DO ORDENADOR DE DESPESA;009650                                  ;-2190
;015201 - FUNDACAO DE APOIO A PESQUISA DO DF                ;="150201";150201 - FUNDAÇÃO DE APOIO A PESQUISA DO DF - FAP          ;764910300 - TRANSFERÊNCIAS VOLU - ENCAMINHADO PARA DECISÃO DO ORDENADOR DE DESPESA;009651                                  ;-7138,28
;015201 - FUNDACAO DE APOIO A PESQUISA DO DF                ;="150201";150201 - FUNDAÇÃO DE APOIO A PESQUISA DO DF - FAP          ;764910300 - TRANSFERÊNCIAS VOLU - ENCAMINHADO PARA DECISÃO DO ORDENADOR DE DESPESA;009654                                  ;-1700
;015201 - FUNDACAO DE APOIO A PESQUISA DO DF                ;="150201";150201 - FUNDAÇÃO DE APOIO A PESQUISA DO DF - FAP          ;764910300 - TRANSFERÊNCIAS VOLU - ENCAMINHADO PARA DECISÃO DO ORDENADOR DE DESPESA;009655                                  ;-28200
;015201 - FUNDACAO DE APOIO A PESQUISA DO DF                ;="150201";150201 - FUNDAÇÃO DE APOIO A PESQUISA DO DF - FAP          ;764910300 - TRANSFERÊNCIAS VOLU - ENCAMINHADO PARA DECISÃO DO ORDENADOR DE DESPESA;009656                                  ;-32493,49
;015201 - FUNDACAO DE APOIO A PESQUISA DO DF                ;="150201";150201 - FUNDAÇÃO DE APOIO A PESQUISA DO DF - FAP          ;764910300 - TRANSFERÊNCIAS VOLU - ENCAMINHADO PARA DECISÃO DO ORDENADOR DE DESPESA;009658                                  ;-9941,03
;015201 - FUNDACAO DE APOIO A PESQUISA DO DF                ;="150201";150201 - FUNDAÇÃO DE APOIO A PESQUISA DO DF - FAP          ;764910300 - TRANSFERÊNCIAS VOLU - ENCAMINHADO PARA DECISÃO DO ORDENADOR DE DESPESA;009660                                  ;-9450
;015201 - FUNDACAO DE APOIO A PESQUISA DO DF                ;="150201";150201 - FUNDAÇÃO DE APOIO A PESQUISA DO DF - FAP          ;764910300 - TRANSFERÊNCIAS VOLU - ENCAMINHADO PARA DECISÃO DO ORDENADOR DE DESPESA;009661                                  ;-10000
;015201 - FUNDACAO DE APOIO A PESQUISA DO DF                ;="150201";150201 - FUNDAÇÃO DE APOIO A PESQUISA DO DF - FAP          ;764910300 - TRANSFERÊNCIAS VOLU - ENCAMINHADO PARA DECISÃO DO ORDENADOR DE DESPESA;009663                                  ;-9940
;015201 - FUNDACAO DE APOIO A PESQUISA DO DF                ;="150201";150201 - FUNDAÇÃO DE APOIO A PESQUISA DO DF - FAP          ;764910300 - TRANSFERÊNCIAS VOLU - ENCAMINHADO PARA DECISÃO DO ORDENADOR DE DESPESA;009665                                  ;-6294
;015201 - FUNDACAO DE APOIO A PESQUISA DO DF                ;="150201";150201 - FUNDAÇÃO DE APOIO A PESQUISA DO DF - FAP          ;764910300 - TRANSFERÊNCIAS VOLU - ENCAMINHADO PARA DECISÃO DO ORDENADOR DE DESPESA;009667                                  ;-2800
;015201 - FUNDACAO DE APOIO A PESQUISA DO DF                ;="150201";150201 - FUNDAÇÃO DE APOIO A PESQUISA DO DF - FAP          ;764910300 - TRANSFERÊNCIAS VOLU - ENCAMINHADO PARA DECISÃO DO ORDENADOR DE DESPESA;009668                                  ;-4751
;015201 - FUNDACAO DE APOIO A PESQUISA DO DF                ;="150201";150201 - FUNDAÇÃO DE APOIO A PESQUISA DO DF - FAP          ;764910300 - TRANSFERÊNCIAS VOLU - ENCAMINHADO PARA DECISÃO DO ORDENADOR DE DESPESA;009669                                  ;-7050
;015201 - FUNDACAO DE APOIO A PESQUISA DO DF                ;="150201";150201 - FUNDAÇÃO DE APOIO A PESQUISA DO DF - FAP          ;764910300 - TRANSFERÊNCIAS VOLU - ENCAMINHADO PARA DECISÃO DO ORDENADOR DE DESPESA;009670                                  ;-10000
;015201 - FUNDACAO DE APOIO A PESQUISA DO DF                ;="150201";150201 - FUNDAÇÃO DE APOIO A PESQUISA DO DF - FAP          ;764910300 - TRANSFERÊNCIAS VOLU - ENCAMINHADO PARA DECISÃO DO ORDENADOR DE DESPESA;009678                                  ;-9805
;015201 - FUNDACAO DE APOIO A PESQUISA DO DF                ;="150201";150201 - FUNDAÇÃO DE APOIO A PESQUISA DO DF - FAP          ;764910300 - TRANSFERÊNCIAS VOLU - ENCAMINHADO PARA DECISÃO DO ORDENADOR DE DESPESA;009686                                  ;-10000
;015201 - FUNDACAO DE APOIO A PESQUISA DO DF                ;="150201";150201 - FUNDAÇÃO DE APOIO A PESQUISA DO DF - FAP          ;764910300 - TRANSFERÊNCIAS VOLU - ENCAMINHADO PARA DECISÃO DO ORDENADOR DE DESPESA;009687                                  ;-9500
;015201 - FUNDACAO DE APOIO A PESQUISA DO DF                ;="150201";150201 - FUNDAÇÃO DE APOIO A PESQUISA DO DF - FAP          ;764910300 - TRANSFERÊNCIAS VOLU - ENCAMINHADO PARA DECISÃO DO ORDENADOR DE DESPESA;009689                                  ;-10000
;015201 - FUNDACAO DE APOIO A PESQUISA DO DF                ;="150201";150201 - FUNDAÇÃO DE APOIO A PESQUISA DO DF - FAP          ;764910300 - TRANSFERÊNCIAS VOLU - ENCAMINHADO PARA DECISÃO DO ORDENADOR DE DESPESA;009691                                  ;-3000
;015201 - FUNDACAO DE APOIO A PESQUISA DO DF                ;="150201";150201 - FUNDAÇÃO DE APOIO A PESQUISA DO DF - FAP          ;764910300 - TRANSFERÊNCIAS VOLU - ENCAMINHADO PARA DECISÃO DO ORDENADOR DE DESPESA;009693                                  ;-48502
;015201 - FUNDACAO DE APOIO A PESQUISA DO DF                ;="150201";150201 - FUNDAÇÃO DE APOIO A PESQUISA DO DF - FAP          ;764910300 - TRANSFERÊNCIAS VOLU - ENCAMINHADO PARA DECISÃO DO ORDENADOR DE DESPESA;009696                                  ;-9984
;015201 - FUNDACAO DE APOIO A PESQUISA DO DF                ;="150201";150201 - FUNDAÇÃO DE APOIO A PESQUISA DO DF - FAP          ;764910300 - TRANSFERÊNCIAS VOLU - ENCAMINHADO PARA DECISÃO DO ORDENADOR DE DESPESA;009697                                  ;-9994
;015201 - FUNDACAO DE APOIO A PESQUISA DO DF                ;="150201";150201 - FUNDAÇÃO DE APOIO A PESQUISA DO DF - FAP          ;764910300 - TRANSFERÊNCIAS VOLU - ENCAMINHADO PARA DECISÃO DO ORDENADOR DE DESPESA;009698                                  ;-9750
;015201 - FUNDACAO DE APOIO A PESQUISA DO DF                ;="150201";150201 - FUNDAÇÃO DE APOIO A PESQUISA DO DF - FAP          ;764910300 - TRANSFERÊNCIAS VOLU - ENCAMINHADO PARA DECISÃO DO ORDENADOR DE DESPESA;009699                                  ;-2500
;015201 - FUNDACAO DE APOIO A PESQUISA DO DF                ;="150201";150201 - FUNDAÇÃO DE APOIO A PESQUISA DO DF - FAP          ;764910300 - TRANSFERÊNCIAS VOLU - ENCAMINHADO PARA DECISÃO DO ORDENADOR DE DESPESA;009700                                  ;-10000
;015201 - FUNDACAO DE APOIO A PESQUISA DO DF                ;="150201";150201 - FUNDAÇÃO DE APOIO A PESQUISA DO DF - FAP          ;764910300 - TRANSFERÊNCIAS VOLU - ENCAMINHADO PARA DECISÃO DO ORDENADOR DE DESPESA;009701                                  ;-10000
;015201 - FUNDACAO DE APOIO A PESQUISA DO DF                ;="150201";150201 - FUNDAÇÃO DE APOIO A PESQUISA DO DF - FAP          ;764910300 - TRANSFERÊNCIAS VOLU - ENCAMINHADO PARA DECISÃO DO ORDENADOR DE DESPESA;009702                                  ;-9100
;015201 - FUNDACAO DE APOIO A PESQUISA DO DF                ;="150201";150201 - FUNDAÇÃO DE APOIO A PESQUISA DO DF - FAP          ;764910300 - TRANSFERÊNCIAS VOLU - ENCAMINHADO PARA DECISÃO DO ORDENADOR DE DESPESA;009703                                  ;-2998
;015201 - FUNDACAO DE APOIO A PESQUISA DO DF                ;="150201";150201 - FUNDAÇÃO DE APOIO A PESQUISA DO DF - FAP          ;764910300 - TRANSFERÊNCIAS VOLU - ENCAMINHADO PARA DECISÃO DO ORDENADOR DE DESPESA;009704                                  ;-1800
;015201 - FUNDACAO DE APOIO A PESQUISA DO DF                ;="150201";150201 - FUNDAÇÃO DE APOIO A PESQUISA DO DF - FAP          ;764910300 - TRANSFERÊNCIAS VOLU - ENCAMINHADO PARA DECISÃO DO ORDENADOR DE DESPESA;009705                                  ;-2800
;015201 - FUNDACAO DE APOIO A PESQUISA DO DF                ;="150201";150201 - FUNDAÇÃO DE APOIO A PESQUISA DO DF - FAP          ;764910300 - TRANSFERÊNCIAS VOLU - ENCAMINHADO PARA DECISÃO DO ORDENADOR DE DESPESA;009708                                  ;-39520
;015201 - FUNDACAO DE APOIO A PESQUISA DO DF                ;="150201";150201 - FUNDAÇÃO DE APOIO A PESQUISA DO DF - FAP          ;764910300 - TRANSFERÊNCIAS VOLU - ENCAMINHADO PARA DECISÃO DO ORDENADOR DE DESPESA;009709                                  ;-9800
;015201 - FUNDACAO DE APOIO A PESQUISA DO DF                ;="150201";150201 - FUNDAÇÃO DE APOIO A PESQUISA DO DF - FAP          ;764910300 - TRANSFERÊNCIAS VOLU - ENCAMINHADO PARA DECISÃO DO ORDENADOR DE DESPESA;009716                                  ;-39260
;015201 - FUNDACAO DE APOIO A PESQUISA DO DF                ;="150201";150201 - FUNDAÇÃO DE APOIO A PESQUISA DO DF - FAP          ;764910300 - TRANSFERÊNCIAS VOLU - ENCAMINHADO PARA DECISÃO DO ORDENADOR DE DESPESA;009719                                  ;-99840
;015201 - FUNDACAO DE APOIO A PESQUISA DO DF                ;="150201";150201 - FUNDAÇÃO DE APOIO A PESQUISA DO DF - FAP          ;764910300 - TRANSFERÊNCIAS VOLU - ENCAMINHADO PARA DECISÃO DO ORDENADOR DE DESPESA;009720                                  ;-9950
;015201 - FUNDACAO DE APOIO A PESQUISA DO DF                ;="150201";150201 - FUNDAÇÃO DE APOIO A PESQUISA DO DF - FAP          ;764910300 - TRANSFERÊNCIAS VOLU - ENCAMINHADO PARA DECISÃO DO ORDENADOR DE DESPESA;009722                                  ;-9990,05
;015201 - FUNDACAO DE APOIO A PESQUISA DO DF                ;="150201";150201 - FUNDAÇÃO DE APOIO A PESQUISA DO DF - FAP          ;764910300 - TRANSFERÊNCIAS VOLU - ENCAMINHADO PARA DECISÃO DO ORDENADOR DE DESPESA;009723                                  ;-100000
;015201 - FUNDACAO DE APOIO A PESQUISA DO DF                ;="150201";150201 - FUNDAÇÃO DE APOIO A PESQUISA DO DF - FAP          ;764910300 - TRANSFERÊNCIAS VOLU - ENCAMINHADO PARA DECISÃO DO ORDENADOR DE DESPESA;009727                                  ;-10000
;015201 - FUNDACAO DE APOIO A PESQUISA DO DF                ;="150201";150201 - FUNDAÇÃO DE APOIO A PESQUISA DO DF - FAP          ;764910300 - TRANSFERÊNCIAS VOLU - ENCAMINHADO PARA DECISÃO DO ORDENADOR DE DESPESA;009730                                  ;-9967,92
;015201 - FUNDACAO DE APOIO A PESQUISA DO DF                ;="150201";150201 - FUNDAÇÃO DE APOIO A PESQUISA DO DF - FAP          ;764910300 - TRANSFERÊNCIAS VOLU - ENCAMINHADO PARA DECISÃO DO ORDENADOR DE DESPESA;009731                                  ;-10000
;015201 - FUNDACAO DE APOIO A PESQUISA DO DF                ;="150201";150201 - FUNDAÇÃO DE APOIO A PESQUISA DO DF - FAP          ;764910300 - TRANSFERÊNCIAS VOLU - ENCAMINHADO PARA DECISÃO DO ORDENADOR DE DESPESA;009732                                  ;-10000
;015201 - FUNDACAO DE APOIO A PESQUISA DO DF                ;="150201";150201 - FUNDAÇÃO DE APOIO A PESQUISA DO DF - FAP          ;764910300 - TRANSFERÊNCIAS VOLU - ENCAMINHADO PARA DECISÃO DO ORDENADOR DE DESPESA;009733                                  ;-5465
;015201 - FUNDACAO DE APOIO A PESQUISA DO DF                ;="150201";150201 - FUNDAÇÃO DE APOIO A PESQUISA DO DF - FAP          ;764910300 - TRANSFERÊNCIAS VOLU - ENCAMINHADO PARA DECISÃO DO ORDENADOR DE DESPESA;009739                                  ;-85266
;015201 - FUNDACAO DE APOIO A PESQUISA DO DF                ;="150201";150201 - FUNDAÇÃO DE APOIO A PESQUISA DO DF - FAP          ;764910300 - TRANSFERÊNCIAS VOLU - ENCAMINHADO PARA DECISÃO DO ORDENADOR DE DESPESA;009740                                  ;-9981,32
;015201 - FUNDACAO DE APOIO A PESQUISA DO DF                ;="150201";150201 - FUNDAÇÃO DE APOIO A PESQUISA DO DF - FAP          ;764910300 - TRANSFERÊNCIAS VOLU - ENCAMINHADO PARA DECISÃO DO ORDENADOR DE DESPESA;009741                                  ;-10000
;015201 - FUNDACAO DE APOIO A PESQUISA DO DF                ;="150201";150201 - FUNDAÇÃO DE APOIO A PESQUISA DO DF - FAP          ;764910300 - TRANSFERÊNCIAS VOLU - ENCAMINHADO PARA DECISÃO DO ORDENADOR DE DESPESA;009743                                  ;-10000
;015201 - FUNDACAO DE APOIO A PESQUISA DO DF                ;="150201";150201 - FUNDAÇÃO DE APOIO A PESQUISA DO DF - FAP          ;764910300 - TRANSFERÊNCIAS VOLU - ENCAMINHADO PARA DECISÃO DO ORDENADOR DE DESPESA;009747                                  ;-10000
;015201 - FUNDACAO DE APOIO A PESQUISA DO DF                ;="150201";150201 - FUNDAÇÃO DE APOIO A PESQUISA DO DF - FAP          ;764910300 - TRANSFERÊNCIAS VOLU - ENCAMINHADO PARA DECISÃO DO ORDENADOR DE DESPESA;009756                                  ;-9900
;015201 - FUNDACAO DE APOIO A PESQUISA DO DF                ;="150201";150201 - FUNDAÇÃO DE APOIO A PESQUISA DO DF - FAP          ;764910300 - TRANSFERÊNCIAS VOLU - ENCAMINHADO PARA DECISÃO DO ORDENADOR DE DESPESA;009759                                  ;-40200
;015201 - FUNDACAO DE APOIO A PESQUISA DO DF                ;="150201";150201 - FUNDAÇÃO DE APOIO A PESQUISA DO DF - FAP          ;764910300 - TRANSFERÊNCIAS VOLU - ENCAMINHADO PARA DECISÃO DO ORDENADOR DE DESPESA;009762                                  ;-9600
;015201 - FUNDACAO DE APOIO A PESQUISA DO DF                ;="150201";150201 - FUNDAÇÃO DE APOIO A PESQUISA DO DF - FAP          ;764910300 - TRANSFERÊNCIAS VOLU - ENCAMINHADO PARA DECISÃO DO ORDENADOR DE DESPESA;009780                                  ;-5993,49
;015201 - FUNDACAO DE APOIO A PESQUISA DO DF                ;="150201";150201 - FUNDAÇÃO DE APOIO A PESQUISA DO DF - FAP          ;764910300 - TRANSFERÊNCIAS VOLU - ENCAMINHADO PARA DECISÃO DO ORDENADOR DE DESPESA;009782                                  ;-10000
;015201 - FUNDACAO DE APOIO A PESQUISA DO DF                ;="150201";150201 - FUNDAÇÃO DE APOIO A PESQUISA DO DF - FAP          ;764910300 - TRANSFERÊNCIAS VOLU - ENCAMINHADO PARA DECISÃO DO ORDENADOR DE DESPESA;009784                                  ;-1490
;015201 - FUNDACAO DE APOIO A PESQUISA DO DF                ;="150201";150201 - FUNDAÇÃO DE APOIO A PESQUISA DO DF - FAP          ;764910300 - TRANSFERÊNCIAS VOLU - ENCAMINHADO PARA DECISÃO DO ORDENADOR DE DESPESA;009785                                  ;-60000
;015201 - FUNDACAO DE APOIO A PESQUISA DO DF                ;="150201";150201 - FUNDAÇÃO DE APOIO A PESQUISA DO DF - FAP          ;764910300 - TRANSFERÊNCIAS VOLU - ENCAMINHADO PARA DECISÃO DO ORDENADOR DE DESPESA;009786                                  ;-20000
;015201 - FUNDACAO DE APOIO A PESQUISA DO DF                ;="150201";150201 - FUNDAÇÃO DE APOIO A PESQUISA DO DF - FAP          ;764910300 - TRANSFERÊNCIAS VOLU - ENCAMINHADO PARA DECISÃO DO ORDENADOR DE DESPESA;009793                                  ;-20000
;015201 - FUNDACAO DE APOIO A PESQUISA DO DF                ;="150201";150201 - FUNDAÇÃO DE APOIO A PESQUISA DO DF - FAP          ;764910300 - TRANSFERÊNCIAS VOLU - ENCAMINHADO PARA DECISÃO DO ORDENADOR DE DESPESA;009801                                  ;-9950
;015201 - FUNDACAO DE APOIO A PESQUISA DO DF                ;="150201";150201 - FUNDAÇÃO DE APOIO A PESQUISA DO DF - FAP          ;764910300 - TRANSFERÊNCIAS VOLU - ENCAMINHADO PARA DECISÃO DO ORDENADOR DE DESPESA;009802                                  ;-10000
;015201 - FUNDACAO DE APOIO A PESQUISA DO DF                ;="150201";150201 - FUNDAÇÃO DE APOIO A PESQUISA DO DF - FAP          ;764910300 - TRANSFERÊNCIAS VOLU - ENCAMINHADO PARA DECISÃO DO ORDENADOR DE DESPESA;009807                                  ;-59200
;015201 - FUNDACAO DE APOIO A PESQUISA DO DF                ;="150201";150201 - FUNDAÇÃO DE APOIO A PESQUISA DO DF - FAP          ;764910300 - TRANSFERÊNCIAS VOLU - ENCAMINHADO PARA DECISÃO DO ORDENADOR DE DESPESA;009815                                  ;-59658
;015201 - FUNDACAO DE APOIO A PESQUISA DO DF                ;="150201";150201 - FUNDAÇÃO DE APOIO A PESQUISA DO DF - FAP          ;764910300 - TRANSFERÊNCIAS VOLU - ENCAMINHADO PARA DECISÃO DO ORDENADOR DE DESPESA;009816                                  ;-24700
;015201 - FUNDACAO DE APOIO A PESQUISA DO DF                ;="150201";150201 - FUNDAÇÃO DE APOIO A PESQUISA DO DF - FAP          ;764910300 - TRANSFERÊNCIAS VOLU - ENCAMINHADO PARA DECISÃO DO ORDENADOR DE DESPESA;009821                                  ;-29778,2
;015201 - FUNDACAO DE APOIO A PESQUISA DO DF                ;="150201";150201 - FUNDAÇÃO DE APOIO A PESQUISA DO DF - FAP          ;764910300 - TRANSFERÊNCIAS VOLU - ENCAMINHADO PARA DECISÃO DO ORDENADOR DE DESPESA;009823                                  ;-73970
;015201 - FUNDACAO DE APOIO A PESQUISA DO DF                ;="150201";150201 - FUNDAÇÃO DE APOIO A PESQUISA DO DF - FAP          ;764910300 - TRANSFERÊNCIAS VOLU - ENCAMINHADO PARA DECISÃO DO ORDENADOR DE DESPESA;009852                                  ;-100000
;015201 - FUNDACAO DE APOIO A PESQUISA DO DF                ;="150201";150201 - FUNDAÇÃO DE APOIO A PESQUISA DO DF - FAP          ;764910300 - TRANSFERÊNCIAS VOLU - ENCAMINHADO PARA DECISÃO DO ORDENADOR DE DESPESA;009853                                  ;-29998,55
;015201 - FUNDACAO DE APOIO A PESQUISA DO DF                ;="150201";150201 - FUNDAÇÃO DE APOIO A PESQUISA DO DF - FAP          ;764910300 - TRANSFERÊNCIAS VOLU - ENCAMINHADO PARA DECISÃO DO ORDENADOR DE DESPESA;009862                                  ;-20399,64
;015201 - FUNDACAO DE APOIO A PESQUISA DO DF                ;="150201";150201 - FUNDAÇÃO DE APOIO A PESQUISA DO DF - FAP          ;764910300 - TRANSFERÊNCIAS VOLU - ENCAMINHADO PARA DECISÃO DO ORDENADOR DE DESPESA;009872                                  ;-55200
;015201 - FUNDACAO DE APOIO A PESQUISA DO DF                ;="150201";150201 - FUNDAÇÃO DE APOIO A PESQUISA DO DF - FAP          ;764910300 - TRANSFERÊNCIAS VOLU - ENCAMINHADO PARA DECISÃO DO ORDENADOR DE DESPESA;009878                                  ;-60652
;015201 - FUNDACAO DE APOIO A PESQUISA DO DF                ;="150201";150201 - FUNDAÇÃO DE APOIO A PESQUISA DO DF - FAP          ;764910300 - TRANSFERÊNCIAS VOLU - ENCAMINHADO PARA DECISÃO DO ORDENADOR DE DESPESA;009879                                  ;-60652
;015201 - FUNDACAO DE APOIO A PESQUISA DO DF                ;="150201";150201 - FUNDAÇÃO DE APOIO A PESQUISA DO DF - FAP          ;764910300 - TRANSFERÊNCIAS VOLU - ENCAMINHADO PARA DECISÃO DO ORDENADOR DE DESPESA;009880                                  ;-99450
;015201 - FUNDACAO DE APOIO A PESQUISA DO DF                ;="150201";150201 - FUNDAÇÃO DE APOIO A PESQUISA DO DF - FAP          ;764910300 - TRANSFERÊNCIAS VOLU - ENCAMINHADO PARA DECISÃO DO ORDENADOR DE DESPESA;009881                                  ;-117500
;015201 - FUNDACAO DE APOIO A PESQUISA DO DF                ;="150201";150201 - FUNDAÇÃO DE APOIO A PESQUISA DO DF - FAP          ;764910300 - TRANSFERÊNCIAS VOLU - ENCAMINHADO PARA DECISÃO DO ORDENADOR DE DESPESA;009885                                  ;-46400
;015201 - FUNDACAO DE APOIO A PESQUISA DO DF                ;="150201";150201 - FUNDAÇÃO DE APOIO A PESQUISA DO DF - FAP          ;764910300 - TRANSFERÊNCIAS VOLU - ENCAMINHADO PARA DECISÃO DO ORDENADOR DE DESPESA;009886                                  ;-116000
;015201 - FUNDACAO DE APOIO A PESQUISA DO DF                ;="150201";150201 - FUNDAÇÃO DE APOIO A PESQUISA DO DF - FAP          ;764910300 - TRANSFERÊNCIAS VOLU - ENCAMINHADO PARA DECISÃO DO ORDENADOR DE DESPESA;009889                                  ;-50000
;015201 - FUNDACAO DE APOIO A PESQUISA DO DF                ;="150201";150201 - FUNDAÇÃO DE APOIO A PESQUISA DO DF - FAP          ;764910300 - TRANSFERÊNCIAS VOLU - ENCAMINHADO PARA DECISÃO DO ORDENADOR DE DESPESA;009895                                  ;-170980
;015201 - FUNDACAO DE APOIO A PESQUISA DO DF                ;="150201";150201 - FUNDAÇÃO DE APOIO A PESQUISA DO DF - FAP          ;764910300 - TRANSFERÊNCIAS VOLU - ENCAMINHADO PARA DECISÃO DO ORDENADOR DE DESPESA;009909                                  ;-60000
;015201 - FUNDACAO DE APOIO A PESQUISA DO DF                ;="150201";150201 - FUNDAÇÃO DE APOIO A PESQUISA DO DF - FAP          ;764910300 - TRANSFERÊNCIAS VOLU - ENCAMINHADO PARA DECISÃO DO ORDENADOR DE DESPESA;009911                                  ;-29950
;015201 - FUNDACAO DE APOIO A PESQUISA DO DF                ;="150201";150201 - FUNDAÇÃO DE APOIO A PESQUISA DO DF - FAP          ;764910300 - TRANSFERÊNCIAS VOLU - ENCAMINHADO PARA DECISÃO DO ORDENADOR DE DESPESA;009916                                  ;-31230,1
;015201 - FUNDACAO DE APOIO A PESQUISA DO DF                ;="150201";150201 - FUNDAÇÃO DE APOIO A PESQUISA DO DF - FAP          ;764910300 - TRANSFERÊNCIAS VOLU - ENCAMINHADO PARA DECISÃO DO ORDENADOR DE DESPESA;009919                                  ;-32708,82
;015201 - FUNDACAO DE APOIO A PESQUISA DO DF                ;="150201";150201 - FUNDAÇÃO DE APOIO A PESQUISA DO DF - FAP          ;764910300 - TRANSFERÊNCIAS VOLU - ENCAMINHADO PARA DECISÃO DO ORDENADOR DE DESPESA;009923                                  ;-100000
;015201 - FUNDACAO DE APOIO A PESQUISA DO DF                ;="150201";150201 - FUNDAÇÃO DE APOIO A PESQUISA DO DF - FAP          ;764910300 - TRANSFERÊNCIAS VOLU - ENCAMINHADO PARA DECISÃO DO ORDENADOR DE DESPESA;009930                                  ;-27582
;015201 - FUNDACAO DE APOIO A PESQUISA DO DF                ;="150201";150201 - FUNDAÇÃO DE APOIO A PESQUISA DO DF - FAP          ;764910300 - TRANSFERÊNCIAS VOLU - ENCAMINHADO PARA DECISÃO DO ORDENADOR DE DESPESA;009932                                  ;-52140
;015201 - FUNDACAO DE APOIO A PESQUISA DO DF                ;="150201";150201 - FUNDAÇÃO DE APOIO A PESQUISA DO DF - FAP          ;764910300 - TRANSFERÊNCIAS VOLU - ENCAMINHADO PARA DECISÃO DO ORDENADOR DE DESPESA;009933                                  ;-55175
;015201 - FUNDACAO DE APOIO A PESQUISA DO DF                ;="150201";150201 - FUNDAÇÃO DE APOIO A PESQUISA DO DF - FAP          ;764910300 - TRANSFERÊNCIAS VOLU - ENCAMINHADO PARA DECISÃO DO ORDENADOR DE DESPESA;009944                                  ;-59250
;015201 - FUNDACAO DE APOIO A PESQUISA DO DF                ;="150201";150201 - FUNDAÇÃO DE APOIO A PESQUISA DO DF - FAP          ;764910300 - TRANSFERÊNCIAS VOLU - ENCAMINHADO PARA DECISÃO DO ORDENADOR DE DESPESA;009947                                  ;-29934,47
;015201 - FUNDACAO DE APOIO A PESQUISA DO DF                ;="150201";150201 - FUNDAÇÃO DE APOIO A PESQUISA DO DF - FAP          ;764910300 - TRANSFERÊNCIAS VOLU - ENCAMINHADO PARA DECISÃO DO ORDENADOR DE DESPESA;009948                                  ;-64400
;015201 - FUNDACAO DE APOIO A PESQUISA DO DF                ;="150201";150201 - FUNDAÇÃO DE APOIO A PESQUISA DO DF - FAP          ;764910300 - TRANSFERÊNCIAS VOLU - ENCAMINHADO PARA DECISÃO DO ORDENADOR DE DESPESA;009950                                  ;-100000
;015201 - FUNDACAO DE APOIO A PESQUISA DO DF                ;="150201";150201 - FUNDAÇÃO DE APOIO A PESQUISA DO DF - FAP          ;764910300 - TRANSFERÊNCIAS VOLU - ENCAMINHADO PARA DECISÃO DO ORDENADOR DE DESPESA;009959                                  ;-75800
;015201 - FUNDACAO DE APOIO A PESQUISA DO DF                ;="150201";150201 - FUNDAÇÃO DE APOIO A PESQUISA DO DF - FAP          ;764910300 - TRANSFERÊNCIAS VOLU - ENCAMINHADO PARA DECISÃO DO ORDENADOR DE DESPESA;009960                                  ;-78375
;015201 - FUNDACAO DE APOIO A PESQUISA DO DF                ;="150201";150201 - FUNDAÇÃO DE APOIO A PESQUISA DO DF - FAP          ;764910300 - TRANSFERÊNCIAS VOLU - ENCAMINHADO PARA DECISÃO DO ORDENADOR DE DESPESA;009961                                  ;-56695
;015201 - FUNDACAO DE APOIO A PESQUISA DO DF                ;="150201";150201 - FUNDAÇÃO DE APOIO A PESQUISA DO DF - FAP          ;764910300 - TRANSFERÊNCIAS VOLU - ENCAMINHADO PARA DECISÃO DO ORDENADOR DE DESPESA;009964                                  ;-59920,5
;015201 - FUNDACAO DE APOIO A PESQUISA DO DF                ;="150201";150201 - FUNDAÇÃO DE APOIO A PESQUISA DO DF - FAP          ;764910300 - TRANSFERÊNCIAS VOLU - ENCAMINHADO PARA DECISÃO DO ORDENADOR DE DESPESA;009974                                  ;-5200
;015201 - FUNDACAO DE APOIO A PESQUISA DO DF                ;="150201";150201 - FUNDAÇÃO DE APOIO A PESQUISA DO DF - FAP          ;764910300 - TRANSFERÊNCIAS VOLU - ENCAMINHADO PARA DECISÃO DO ORDENADOR DE DESPESA;009975                                  ;-36400
;015201 - FUNDACAO DE APOIO A PESQUISA DO DF                ;="150201";150201 - FUNDAÇÃO DE APOIO A PESQUISA DO DF - FAP          ;764910300 - TRANSFERÊNCIAS VOLU - ENCAMINHADO PARA DECISÃO DO ORDENADOR DE DESPESA;009986                                  ;-46922,55
;015201 - FUNDACAO DE APOIO A PESQUISA DO DF                ;="150201";150201 - FUNDAÇÃO DE APOIO A PESQUISA DO DF - FAP          ;764910300 - TRANSFERÊNCIAS VOLU - ENCAMINHADO PARA DECISÃO DO ORDENADOR DE DESPESA;010103                                  ;-52282
;015201 - FUNDACAO DE APOIO A PESQUISA DO DF                ;="150201";150201 - FUNDAÇÃO DE APOIO A PESQUISA DO DF - FAP          ;764910300 - TRANSFERÊNCIAS VOLU - ENCAMINHADO PARA DECISÃO DO ORDENADOR DE DESPESA;010120                                  ;-77500
;015201 - FUNDACAO DE APOIO A PESQUISA DO DF                ;="150201";150201 - FUNDAÇÃO DE APOIO A PESQUISA DO DF - FAP          ;764910300 - TRANSFERÊNCIAS VOLU - ENCAMINHADO PARA DECISÃO DO ORDENADOR DE DESPESA;010156                                  ;-117800
;015201 - FUNDACAO DE APOIO A PESQUISA DO DF                ;="150201";150201 - FUNDAÇÃO DE APOIO A PESQUISA DO DF - FAP          ;764910300 - TRANSFERÊNCIAS VOLU - ENCAMINHADO PARA DECISÃO DO ORDENADOR DE DESPESA;010245                                  ;-18000
;015201 - FUNDACAO DE APOIO A PESQUISA DO DF                ;="150201";150201 - FUNDAÇÃO DE APOIO A PESQUISA DO DF - FAP          ;764910300 - TRANSFERÊNCIAS VOLU - ENCAMINHADO PARA DECISÃO DO ORDENADOR DE DESPESA;010261                                  ;-192000
;015201 - FUNDACAO DE APOIO A PESQUISA DO DF                ;="150201";150201 - FUNDAÇÃO DE APOIO A PESQUISA DO DF - FAP          ;764910300 - TRANSFERÊNCIAS VOLU - ENCAMINHADO PARA DECISÃO DO ORDENADOR DE DESPESA;010283                                  ;-10000
;015201 - FUNDACAO DE APOIO A PESQUISA DO DF                ;="150201";150201 - FUNDAÇÃO DE APOIO A PESQUISA DO DF - FAP          ;764910300 - TRANSFERÊNCIAS VOLU - ENCAMINHADO PARA DECISÃO DO ORDENADOR DE DESPESA;010299                                  ;-78614,13
;015201 - FUNDACAO DE APOIO A PESQUISA DO DF                ;="150201";150201 - FUNDAÇÃO DE APOIO A PESQUISA DO DF - FAP          ;764910300 - TRANSFERÊNCIAS VOLU - ENCAMINHADO PARA DECISÃO DO ORDENADOR DE DESPESA;010336                                  ;-297500
;015201 - FUNDACAO DE APOIO A PESQUISA DO DF                ;="150201";150201 - FUNDAÇÃO DE APOIO A PESQUISA DO DF - FAP          ;764910300 - TRANSFERÊNCIAS VOLU - ENCAMINHADO PARA DECISÃO DO ORDENADOR DE DESPESA;010340                                  ;-49000
;015201 - FUNDACAO DE APOIO A PESQUISA DO DF                ;="150201";150201 - FUNDAÇÃO DE APOIO A PESQUISA DO DF - FAP          ;764910300 - TRANSFERÊNCIAS VOLU - ENCAMINHADO PARA DECISÃO DO ORDENADOR DE DESPESA;010360                                  ;-10000
;015201 - FUNDACAO DE APOIO A PESQUISA DO DF                ;="150201";150201 - FUNDAÇÃO DE APOIO A PESQUISA DO DF - FAP          ;764910300 - TRANSFERÊNCIAS VOLU - ENCAMINHADO PARA DECISÃO DO ORDENADOR DE DESPESA;010362                                  ;-8280
;015201 - FUNDACAO DE APOIO A PESQUISA DO DF                ;="150201";150201 - FUNDAÇÃO DE APOIO A PESQUISA DO DF - FAP          ;764910300 - TRANSFERÊNCIAS VOLU - ENCAMINHADO PARA DECISÃO DO ORDENADOR DE DESPESA;010389                                  ;-9991,78
;015201 - FUNDACAO DE APOIO A PESQUISA DO DF                ;="150201";150201 - FUNDAÇÃO DE APOIO A PESQUISA DO DF - FAP          ;764910300 - TRANSFERÊNCIAS VOLU - ENCAMINHADO PARA DECISÃO DO ORDENADOR DE DESPESA;010430                                  ;-9546
;015201 - FUNDACAO DE APOIO A PESQUISA DO DF                ;="150201";150201 - FUNDAÇÃO DE APOIO A PESQUISA DO DF - FAP          ;764910300 - TRANSFERÊNCIAS VOLU - ENCAMINHADO PARA DECISÃO DO ORDENADOR DE DESPESA;010475                                  ;-5449
;015201 - FUNDACAO DE APOIO A PESQUISA DO DF                ;="150201";150201 - FUNDAÇÃO DE APOIO A PESQUISA DO DF - FAP          ;764910300 - TRANSFERÊNCIAS VOLU - ENCAMINHADO PARA DECISÃO DO ORDENADOR DE DESPESA;010519                                  ;-5091
;015201 - FUNDACAO DE APOIO A PESQUISA DO DF                ;="150201";150201 - FUNDAÇÃO DE APOIO A PESQUISA DO DF - FAP          ;764910300 - TRANSFERÊNCIAS VOLU - ENCAMINHADO PARA DECISÃO DO ORDENADOR DE DESPESA;010561                                  ;-62799
;015201 - FUNDACAO DE APOIO A PESQUISA DO DF                ;="150201";150201 - FUNDAÇÃO DE APOIO A PESQUISA DO DF - FAP          ;764910300 - TRANSFERÊNCIAS VOLU - ENCAMINHADO PARA DECISÃO DO ORDENADOR DE DESPESA;010564                                  ;-9110
;015201 - FUNDACAO DE APOIO A PESQUISA DO DF                ;="150201";150201 - FUNDAÇÃO DE APOIO A PESQUISA DO DF - FAP          ;764910300 - TRANSFERÊNCIAS VOLU - ENCAMINHADO PARA DECISÃO DO ORDENADOR DE DESPESA;010590                                  ;-9109
;015201 - FUNDACAO DE APOIO A PESQUISA DO DF                ;="150201";150201 - FUNDAÇÃO DE APOIO A PESQUISA DO DF - FAP          ;764910300 - TRANSFERÊNCIAS VOLU - ENCAMINHADO PARA DECISÃO DO ORDENADOR DE DESPESA;010598                                  ;-28671
;015201 - FUNDACAO DE APOIO A PESQUISA DO DF                ;="150201";150201 - FUNDAÇÃO DE APOIO A PESQUISA DO DF - FAP          ;764910300 - TRANSFERÊNCIAS VOLU - ENCAMINHADO PARA DECISÃO DO ORDENADOR DE DESPESA;010602                                  ;-5880
;015201 - FUNDACAO DE APOIO A PESQUISA DO DF                ;="150201";150201 - FUNDAÇÃO DE APOIO A PESQUISA DO DF - FAP          ;764910300 - TRANSFERÊNCIAS VOLU - ENCAMINHADO PARA DECISÃO DO ORDENADOR DE DESPESA;010637                                  ;-9850
;015201 - FUNDACAO DE APOIO A PESQUISA DO DF                ;="150201";150201 - FUNDAÇÃO DE APOIO A PESQUISA DO DF - FAP          ;764910300 - TRANSFERÊNCIAS VOLU - ENCAMINHADO PARA DECISÃO DO ORDENADOR DE DESPESA;010704                                  ;-2550
;015201 - FUNDACAO DE APOIO A PESQUISA DO DF                ;="150201";150201 - FUNDAÇÃO DE APOIO A PESQUISA DO DF - FAP          ;764910300 - TRANSFERÊNCIAS VOLU - ENCAMINHADO PARA DECISÃO DO ORDENADOR DE DESPESA;010715                                  ;-9984
;015201 - FUNDACAO DE APOIO A PESQUISA DO DF                ;="150201";150201 - FUNDAÇÃO DE APOIO A PESQUISA DO DF - FAP          ;764910300 - TRANSFERÊNCIAS VOLU - ENCAMINHADO PARA DECISÃO DO ORDENADOR DE DESPESA;010720                                  ;-9999,56
;015201 - FUNDACAO DE APOIO A PESQUISA DO DF                ;="150201";150201 - FUNDAÇÃO DE APOIO A PESQUISA DO DF - FAP          ;764910300 - TRANSFERÊNCIAS VOLU - ENCAMINHADO PARA DECISÃO DO ORDENADOR DE DESPESA;010730                                  ;-10000
;015201 - FUNDACAO DE APOIO A PESQUISA DO DF                ;="150201";150201 - FUNDAÇÃO DE APOIO A PESQUISA DO DF - FAP          ;764910300 - TRANSFERÊNCIAS VOLU - ENCAMINHADO PARA DECISÃO DO ORDENADOR DE DESPESA;010746                                  ;-7480
;015201 - FUNDACAO DE APOIO A PESQUISA DO DF                ;="150201";150201 - FUNDAÇÃO DE APOIO A PESQUISA DO DF - FAP          ;764910300 - TRANSFERÊNCIAS VOLU - ENCAMINHADO PARA DECISÃO DO ORDENADOR DE DESPESA;010775                                  ;-10000
;015201 - FUNDACAO DE APOIO A PESQUISA DO DF                ;="150201";150201 - FUNDAÇÃO DE APOIO A PESQUISA DO DF - FAP          ;764910300 - TRANSFERÊNCIAS VOLU - ENCAMINHADO PARA DECISÃO DO ORDENADOR DE DESPESA;010780                                  ;-9999,44
;015201 - FUNDACAO DE APOIO A PESQUISA DO DF                ;="150201";150201 - FUNDAÇÃO DE APOIO A PESQUISA DO DF - FAP          ;764910300 - TRANSFERÊNCIAS VOLU - ENCAMINHADO PARA DECISÃO DO ORDENADOR DE DESPESA;010781                                  ;-7050
;015201 - FUNDACAO DE APOIO A PESQUISA DO DF                ;="150201";150201 - FUNDAÇÃO DE APOIO A PESQUISA DO DF - FAP          ;764910300 - TRANSFERÊNCIAS VOLU - ENCAMINHADO PARA DECISÃO DO ORDENADOR DE DESPESA;010786                                  ;-8608,4
;015201 - FUNDACAO DE APOIO A PESQUISA DO DF                ;="150201";150201 - FUNDAÇÃO DE APOIO A PESQUISA DO DF - FAP          ;764910300 - TRANSFERÊNCIAS VOLU - ENCAMINHADO PARA DECISÃO DO ORDENADOR DE DESPESA;010787                                  ;-6753,97
;015201 - FUNDACAO DE APOIO A PESQUISA DO DF                ;="150201";150201 - FUNDAÇÃO DE APOIO A PESQUISA DO DF - FAP          ;764910300 - TRANSFERÊNCIAS VOLU - ENCAMINHADO PARA DECISÃO DO ORDENADOR DE DESPESA;010791                                  ;-9900,5
;015201 - FUNDACAO DE APOIO A PESQUISA DO DF                ;="150201";150201 - FUNDAÇÃO DE APOIO A PESQUISA DO DF - FAP          ;764910300 - TRANSFERÊNCIAS VOLU - ENCAMINHADO PARA DECISÃO DO ORDENADOR DE DESPESA;010796                                  ;-9260
;015201 - FUNDACAO DE APOIO A PESQUISA DO DF                ;="150201";150201 - FUNDAÇÃO DE APOIO A PESQUISA DO DF - FAP          ;764910300 - TRANSFERÊNCIAS VOLU - ENCAMINHADO PARA DECISÃO DO ORDENADOR DE DESPESA;010797                                  ;-7336
;015201 - FUNDACAO DE APOIO A PESQUISA DO DF                ;="150201";150201 - FUNDAÇÃO DE APOIO A PESQUISA DO DF - FAP          ;764910300 - TRANSFERÊNCIAS VOLU - ENCAMINHADO PARA DECISÃO DO ORDENADOR DE DESPESA;010803                                  ;-10000
;015201 - FUNDACAO DE APOIO A PESQUISA DO DF                ;="150201";150201 - FUNDAÇÃO DE APOIO A PESQUISA DO DF - FAP          ;764910300 - TRANSFERÊNCIAS VOLU - ENCAMINHADO PARA DECISÃO DO ORDENADOR DE DESPESA;010806                                  ;-9999,99
;015201 - FUNDACAO DE APOIO A PESQUISA DO DF                ;="150201";150201 - FUNDAÇÃO DE APOIO A PESQUISA DO DF - FAP          ;764910300 - TRANSFERÊNCIAS VOLU - ENCAMINHADO PARA DECISÃO DO ORDENADOR DE DESPESA;010809                                  ;-8161,64
;015201 - FUNDACAO DE APOIO A PESQUISA DO DF                ;="150201";150201 - FUNDAÇÃO DE APOIO A PESQUISA DO DF - FAP          ;764910300 - TRANSFERÊNCIAS VOLU - ENCAMINHADO PARA DECISÃO DO ORDENADOR DE DESPESA;010813                                  ;-8750
;015201 - FUNDACAO DE APOIO A PESQUISA DO DF                ;="150201";150201 - FUNDAÇÃO DE APOIO A PESQUISA DO DF - FAP          ;764910300 - TRANSFERÊNCIAS VOLU - ENCAMINHADO PARA DECISÃO DO ORDENADOR DE DESPESA;010822                                  ;-9972
;015201 - FUNDACAO DE APOIO A PESQUISA DO DF                ;="150201";150201 - FUNDAÇÃO DE APOIO A PESQUISA DO DF - FAP          ;764910300 - TRANSFERÊNCIAS VOLU - ENCAMINHADO PARA DECISÃO DO ORDENADOR DE DESPESA;010824                                  ;-8750
;015201 - FUNDACAO DE APOIO A PESQUISA DO DF                ;="150201";150201 - FUNDAÇÃO DE APOIO A PESQUISA DO DF - FAP          ;764910300 - TRANSFERÊNCIAS VOLU - ENCAMINHADO PARA DECISÃO DO ORDENADOR DE DESPESA;010826                                  ;-3000
;015201 - FUNDACAO DE APOIO A PESQUISA DO DF                ;="150201";150201 - FUNDAÇÃO DE APOIO A PESQUISA DO DF - FAP          ;764910300 - TRANSFERÊNCIAS VOLU - ENCAMINHADO PARA DECISÃO DO ORDENADOR DE DESPESA;010832                                  ;-2633,24
;015201 - FUNDACAO DE APOIO A PESQUISA DO DF                ;="150201";150201 - FUNDAÇÃO DE APOIO A PESQUISA DO DF - FAP          ;764910300 - TRANSFERÊNCIAS VOLU - ENCAMINHADO PARA DECISÃO DO ORDENADOR DE DESPESA;010838                                  ;-3000
;015201 - FUNDACAO DE APOIO A PESQUISA DO DF                ;="150201";150201 - FUNDAÇÃO DE APOIO A PESQUISA DO DF - FAP          ;764910300 - TRANSFERÊNCIAS VOLU - ENCAMINHADO PARA DECISÃO DO ORDENADOR DE DESPESA;010842                                  ;-9999,98
;015201 - FUNDACAO DE APOIO A PESQUISA DO DF                ;="150201";150201 - FUNDAÇÃO DE APOIO A PESQUISA DO DF - FAP          ;764910300 - TRANSFERÊNCIAS VOLU - ENCAMINHADO PARA DECISÃO DO ORDENADOR DE DESPESA;010877                                  ;-3000
;015201 - FUNDACAO DE APOIO A PESQUISA DO DF                ;="150201";150201 - FUNDAÇÃO DE APOIO A PESQUISA DO DF - FAP          ;764910300 - TRANSFERÊNCIAS VOLU - ENCAMINHADO PARA DECISÃO DO ORDENADOR DE DESPESA;010920                                  ;-3000
;015201 - FUNDACAO DE APOIO A PESQUISA DO DF                ;="150201";150201 - FUNDAÇÃO DE APOIO A PESQUISA DO DF - FAP          ;764910300 - TRANSFERÊNCIAS VOLU - ENCAMINHADO PARA DECISÃO DO ORDENADOR DE DESPESA;010922                                  ;-2300
;015201 - FUNDACAO DE APOIO A PESQUISA DO DF                ;="150201";150201 - FUNDAÇÃO DE APOIO A PESQUISA DO DF - FAP          ;764910300 - TRANSFERÊNCIAS VOLU - ENCAMINHADO PARA DECISÃO DO ORDENADOR DE DESPESA;010924                                  ;-2230
;015201 - FUNDACAO DE APOIO A PESQUISA DO DF                ;="150201";150201 - FUNDAÇÃO DE APOIO A PESQUISA DO DF - FAP          ;764910300 - TRANSFERÊNCIAS VOLU - ENCAMINHADO PARA DECISÃO DO ORDENADOR DE DESPESA;010926                                  ;-43540
;015201 - FUNDACAO DE APOIO A PESQUISA DO DF                ;="150201";150201 - FUNDAÇÃO DE APOIO A PESQUISA DO DF - FAP          ;764910300 - TRANSFERÊNCIAS VOLU - ENCAMINHADO PARA DECISÃO DO ORDENADOR DE DESPESA;010930                                  ;-10000
;015201 - FUNDACAO DE APOIO A PESQUISA DO DF                ;="150201";150201 - FUNDAÇÃO DE APOIO A PESQUISA DO DF - FAP          ;764910300 - TRANSFERÊNCIAS VOLU - ENCAMINHADO PARA DECISÃO DO ORDENADOR DE DESPESA;010931                                  ;-9055
;015201 - FUNDACAO DE APOIO A PESQUISA DO DF                ;="150201";150201 - FUNDAÇÃO DE APOIO A PESQUISA DO DF - FAP          ;764910300 - TRANSFERÊNCIAS VOLU - ENCAMINHADO PARA DECISÃO DO ORDENADOR DE DESPESA;010932                                  ;-10000
;015201 - FUNDACAO DE APOIO A PESQUISA DO DF                ;="150201";150201 - FUNDAÇÃO DE APOIO A PESQUISA DO DF - FAP          ;764910300 - TRANSFERÊNCIAS VOLU - ENCAMINHADO PARA DECISÃO DO ORDENADOR DE DESPESA;010936                                  ;-10000
;015201 - FUNDACAO DE APOIO A PESQUISA DO DF                ;="150201";150201 - FUNDAÇÃO DE APOIO A PESQUISA DO DF - FAP          ;764910300 - TRANSFERÊNCIAS VOLU - ENCAMINHADO PARA DECISÃO DO ORDENADOR DE DESPESA;010945                                  ;-121985
;015201 - FUNDACAO DE APOIO A PESQUISA DO DF                ;="150201";150201 - FUNDAÇÃO DE APOIO A PESQUISA DO DF - FAP          ;764910300 - TRANSFERÊNCIAS VOLU - ENCAMINHADO PARA DECISÃO DO ORDENADOR DE DESPESA;010948                                  ;-6480
;015201 - FUNDACAO DE APOIO A PESQUISA DO DF                ;="150201";150201 - FUNDAÇÃO DE APOIO A PESQUISA DO DF - FAP          ;764910300 - TRANSFERÊNCIAS VOLU - ENCAMINHADO PARA DECISÃO DO ORDENADOR DE DESPESA;010951                                  ;-8683,2
;015201 - FUNDACAO DE APOIO A PESQUISA DO DF                ;="150201";150201 - FUNDAÇÃO DE APOIO A PESQUISA DO DF - FAP          ;764910300 - TRANSFERÊNCIAS VOLU - ENCAMINHADO PARA DECISÃO DO ORDENADOR DE DESPESA;010954                                  ;-2700
;015201 - FUNDACAO DE APOIO A PESQUISA DO DF                ;="150201";150201 - FUNDAÇÃO DE APOIO A PESQUISA DO DF - FAP          ;764910300 - TRANSFERÊNCIAS VOLU - ENCAMINHADO PARA DECISÃO DO ORDENADOR DE DESPESA;010955                                  ;-10000
;015201 - FUNDACAO DE APOIO A PESQUISA DO DF                ;="150201";150201 - FUNDAÇÃO DE APOIO A PESQUISA DO DF - FAP          ;764910300 - TRANSFERÊNCIAS VOLU - ENCAMINHADO PARA DECISÃO DO ORDENADOR DE DESPESA;010961                                  ;-10000
;015201 - FUNDACAO DE APOIO A PESQUISA DO DF                ;="150201";150201 - FUNDAÇÃO DE APOIO A PESQUISA DO DF - FAP          ;764910300 - TRANSFERÊNCIAS VOLU - ENCAMINHADO PARA DECISÃO DO ORDENADOR DE DESPESA;010967                                  ;-10000
;015201 - FUNDACAO DE APOIO A PESQUISA DO DF                ;="150201";150201 - FUNDAÇÃO DE APOIO A PESQUISA DO DF - FAP          ;764910300 - TRANSFERÊNCIAS VOLU - ENCAMINHADO PARA DECISÃO DO ORDENADOR DE DESPESA;010979                                  ;-1902
;015201 - FUNDACAO DE APOIO A PESQUISA DO DF                ;="150201";150201 - FUNDAÇÃO DE APOIO A PESQUISA DO DF - FAP          ;764910300 - TRANSFERÊNCIAS VOLU - ENCAMINHADO PARA DECISÃO DO ORDENADOR DE DESPESA;010980                                  ;-2600
;015201 - FUNDACAO DE APOIO A PESQUISA DO DF                ;="150201";150201 - FUNDAÇÃO DE APOIO A PESQUISA DO DF - FAP          ;764910300 - TRANSFERÊNCIAS VOLU - ENCAMINHADO PARA DECISÃO DO ORDENADOR DE DESPESA;010983                                  ;-3000
;015201 - FUNDACAO DE APOIO A PESQUISA DO DF                ;="150201";150201 - FUNDAÇÃO DE APOIO A PESQUISA DO DF - FAP          ;764910300 - TRANSFERÊNCIAS VOLU - ENCAMINHADO PARA DECISÃO DO ORDENADOR DE DESPESA;010989                                  ;-8730
;015201 - FUNDACAO DE APOIO A PESQUISA DO DF                ;="150201";150201 - FUNDAÇÃO DE APOIO A PESQUISA DO DF - FAP          ;764910300 - TRANSFERÊNCIAS VOLU - ENCAMINHADO PARA DECISÃO DO ORDENADOR DE DESPESA;010990                                  ;-3000
;015201 - FUNDACAO DE APOIO A PESQUISA DO DF                ;="150201";150201 - FUNDAÇÃO DE APOIO A PESQUISA DO DF - FAP          ;764910300 - TRANSFERÊNCIAS VOLU - ENCAMINHADO PARA DECISÃO DO ORDENADOR DE DESPESA;010996                                  ;-9980
;015201 - FUNDACAO DE APOIO A PESQUISA DO DF                ;="150201";150201 - FUNDAÇÃO DE APOIO A PESQUISA DO DF - FAP          ;764910300 - TRANSFERÊNCIAS VOLU - ENCAMINHADO PARA DECISÃO DO ORDENADOR DE DESPESA;010997                                  ;-9200
;015201 - FUNDACAO DE APOIO A PESQUISA DO DF                ;="150201";150201 - FUNDAÇÃO DE APOIO A PESQUISA DO DF - FAP          ;764910300 - TRANSFERÊNCIAS VOLU - ENCAMINHADO PARA DECISÃO DO ORDENADOR DE DESPESA;010999                                  ;-7980
;015201 - FUNDACAO DE APOIO A PESQUISA DO DF                ;="150201";150201 - FUNDAÇÃO DE APOIO A PESQUISA DO DF - FAP          ;764910300 - TRANSFERÊNCIAS VOLU - ENCAMINHADO PARA DECISÃO DO ORDENADOR DE DESPESA;011001                                  ;-3000
;015201 - FUNDACAO DE APOIO A PESQUISA DO DF                ;="150201";150201 - FUNDAÇÃO DE APOIO A PESQUISA DO DF - FAP          ;764910300 - TRANSFERÊNCIAS VOLU - ENCAMINHADO PARA DECISÃO DO ORDENADOR DE DESPESA;011003                                  ;-4440
;015201 - FUNDACAO DE APOIO A PESQUISA DO DF                ;="150201";150201 - FUNDAÇÃO DE APOIO A PESQUISA DO DF - FAP          ;764910300 - TRANSFERÊNCIAS VOLU - ENCAMINHADO PARA DECISÃO DO ORDENADOR DE DESPESA;011006                                  ;-10000
;015201 - FUNDACAO DE APOIO A PESQUISA DO DF                ;="150201";150201 - FUNDAÇÃO DE APOIO A PESQUISA DO DF - FAP          ;764910300 - TRANSFERÊNCIAS VOLU - ENCAMINHADO PARA DECISÃO DO ORDENADOR DE DESPESA;011012                                  ;-2080
;015201 - FUNDACAO DE APOIO A PESQUISA DO DF                ;="150201";150201 - FUNDAÇÃO DE APOIO A PESQUISA DO DF - FAP          ;764910300 - TRANSFERÊNCIAS VOLU - ENCAMINHADO PARA DECISÃO DO ORDENADOR DE DESPESA;011013                                  ;-2900
;015201 - FUNDACAO DE APOIO A PESQUISA DO DF                ;="150201";150201 - FUNDAÇÃO DE APOIO A PESQUISA DO DF - FAP          ;764910300 - TRANSFERÊNCIAS VOLU - ENCAMINHADO PARA DECISÃO DO ORDENADOR DE DESPESA;011014                                  ;-3000
;015201 - FUNDACAO DE APOIO A PESQUISA DO DF                ;="150201";150201 - FUNDAÇÃO DE APOIO A PESQUISA DO DF - FAP          ;764910300 - TRANSFERÊNCIAS VOLU - ENCAMINHADO PARA DECISÃO DO ORDENADOR DE DESPESA;011015                                  ;-2250
;015201 - FUNDACAO DE APOIO A PESQUISA DO DF                ;="150201";150201 - FUNDAÇÃO DE APOIO A PESQUISA DO DF - FAP          ;764910300 - TRANSFERÊNCIAS VOLU - ENCAMINHADO PARA DECISÃO DO ORDENADOR DE DESPESA;011016                                  ;-2599
;015201 - FUNDACAO DE APOIO A PESQUISA DO DF                ;="150201";150201 - FUNDAÇÃO DE APOIO A PESQUISA DO DF - FAP          ;764910300 - TRANSFERÊNCIAS VOLU - ENCAMINHADO PARA DECISÃO DO ORDENADOR DE DESPESA;011024                                  ;-2700
;015201 - FUNDACAO DE APOIO A PESQUISA DO DF                ;="150201";150201 - FUNDAÇÃO DE APOIO A PESQUISA DO DF - FAP          ;764910300 - TRANSFERÊNCIAS VOLU - ENCAMINHADO PARA DECISÃO DO ORDENADOR DE DESPESA;011025                                  ;-2600
;015201 - FUNDACAO DE APOIO A PESQUISA DO DF                ;="150201";150201 - FUNDAÇÃO DE APOIO A PESQUISA DO DF - FAP          ;764910300 - TRANSFERÊNCIAS VOLU - ENCAMINHADO PARA DECISÃO DO ORDENADOR DE DESPESA;011078                                  ;-29200
;015201 - FUNDACAO DE APOIO A PESQUISA DO DF                ;="150201";150201 - FUNDAÇÃO DE APOIO A PESQUISA DO DF - FAP          ;764910300 - TRANSFERÊNCIAS VOLU - ENCAMINHADO PARA DECISÃO DO ORDENADOR DE DESPESA;011081                                  ;-2200
;015201 - FUNDACAO DE APOIO A PESQUISA DO DF                ;="150201";150201 - FUNDAÇÃO DE APOIO A PESQUISA DO DF - FAP          ;764910300 - TRANSFERÊNCIAS VOLU - ENCAMINHADO PARA DECISÃO DO ORDENADOR DE DESPESA;011123                                  ;-2400
;015201 - FUNDACAO DE APOIO A PESQUISA DO DF                ;="150201";150201 - FUNDAÇÃO DE APOIO A PESQUISA DO DF - FAP          ;764910300 - TRANSFERÊNCIAS VOLU - ENCAMINHADO PARA DECISÃO DO ORDENADOR DE DESPESA;011125                                  ;-6300
;015201 - FUNDACAO DE APOIO A PESQUISA DO DF                ;="150201";150201 - FUNDAÇÃO DE APOIO A PESQUISA DO DF - FAP          ;764910300 - TRANSFERÊNCIAS VOLU - ENCAMINHADO PARA DECISÃO DO ORDENADOR DE DESPESA;011129                                  ;-7940
;015201 - FUNDACAO DE APOIO A PESQUISA DO DF                ;="150201";150201 - FUNDAÇÃO DE APOIO A PESQUISA DO DF - FAP          ;764910300 - TRANSFERÊNCIAS VOLU - ENCAMINHADO PARA DECISÃO DO ORDENADOR DE DESPESA;011134                                  ;-5110
;015201 - FUNDACAO DE APOIO A PESQUISA DO DF                ;="150201";150201 - FUNDAÇÃO DE APOIO A PESQUISA DO DF - FAP          ;764910300 - TRANSFERÊNCIAS VOLU - ENCAMINHADO PARA DECISÃO DO ORDENADOR DE DESPESA;011135                                  ;-2200
;015201 - FUNDACAO DE APOIO A PESQUISA DO DF                ;="150201";150201 - FUNDAÇÃO DE APOIO A PESQUISA DO DF - FAP          ;764910300 - TRANSFERÊNCIAS VOLU - ENCAMINHADO PARA DECISÃO DO ORDENADOR DE DESPESA;011137                                  ;-9821,32
;015201 - FUNDACAO DE APOIO A PESQUISA DO DF                ;="150201";150201 - FUNDAÇÃO DE APOIO A PESQUISA DO DF - FAP          ;764910300 - TRANSFERÊNCIAS VOLU - ENCAMINHADO PARA DECISÃO DO ORDENADOR DE DESPESA;011138                                  ;-2400
;015201 - FUNDACAO DE APOIO A PESQUISA DO DF                ;="150201";150201 - FUNDAÇÃO DE APOIO A PESQUISA DO DF - FAP          ;764910300 - TRANSFERÊNCIAS VOLU - ENCAMINHADO PARA DECISÃO DO ORDENADOR DE DESPESA;011147                                  ;-7664
;015201 - FUNDACAO DE APOIO A PESQUISA DO DF                ;="150201";150201 - FUNDAÇÃO DE APOIO A PESQUISA DO DF - FAP          ;764910300 - TRANSFERÊNCIAS VOLU - ENCAMINHADO PARA DECISÃO DO ORDENADOR DE DESPESA;011151                                  ;-7400
;015201 - FUNDACAO DE APOIO A PESQUISA DO DF                ;="150201";150201 - FUNDAÇÃO DE APOIO A PESQUISA DO DF - FAP          ;764910300 - TRANSFERÊNCIAS VOLU - ENCAMINHADO PARA DECISÃO DO ORDENADOR DE DESPESA;011153                                  ;-8062,52
;015201 - FUNDACAO DE APOIO A PESQUISA DO DF                ;="150201";150201 - FUNDAÇÃO DE APOIO A PESQUISA DO DF - FAP          ;764910300 - TRANSFERÊNCIAS VOLU - ENCAMINHADO PARA DECISÃO DO ORDENADOR DE DESPESA;011154                                  ;-6807,92
;015201 - FUNDACAO DE APOIO A PESQUISA DO DF                ;="150201";150201 - FUNDAÇÃO DE APOIO A PESQUISA DO DF - FAP          ;764910300 - TRANSFERÊNCIAS VOLU - ENCAMINHADO PARA DECISÃO DO ORDENADOR DE DESPESA;011159                                  ;-805
;015201 - FUNDACAO DE APOIO A PESQUISA DO DF                ;="150201";150201 - FUNDAÇÃO DE APOIO A PESQUISA DO DF - FAP          ;764910300 - TRANSFERÊNCIAS VOLU - ENCAMINHADO PARA DECISÃO DO ORDENADOR DE DESPESA;011161                                  ;-9999,78
;015201 - FUNDACAO DE APOIO A PESQUISA DO DF                ;="150201";150201 - FUNDAÇÃO DE APOIO A PESQUISA DO DF - FAP          ;764910300 - TRANSFERÊNCIAS VOLU - ENCAMINHADO PARA DECISÃO DO ORDENADOR DE DESPESA;011162                                  ;-10000
;015201 - FUNDACAO DE APOIO A PESQUISA DO DF                ;="150201";150201 - FUNDAÇÃO DE APOIO A PESQUISA DO DF - FAP          ;764910300 - TRANSFERÊNCIAS VOLU - ENCAMINHADO PARA DECISÃO DO ORDENADOR DE DESPESA;011163                                  ;-5590
;015201 - FUNDACAO DE APOIO A PESQUISA DO DF                ;="150201";150201 - FUNDAÇÃO DE APOIO A PESQUISA DO DF - FAP          ;764910300 - TRANSFERÊNCIAS VOLU - ENCAMINHADO PARA DECISÃO DO ORDENADOR DE DESPESA;011164                                  ;-6284
;015201 - FUNDACAO DE APOIO A PESQUISA DO DF                ;="150201";150201 - FUNDAÇÃO DE APOIO A PESQUISA DO DF - FAP          ;764910300 - TRANSFERÊNCIAS VOLU - ENCAMINHADO PARA DECISÃO DO ORDENADOR DE DESPESA;011165                                  ;-9735
;015201 - FUNDACAO DE APOIO A PESQUISA DO DF                ;="150201";150201 - FUNDAÇÃO DE APOIO A PESQUISA DO DF - FAP          ;764910300 - TRANSFERÊNCIAS VOLU - ENCAMINHADO PARA DECISÃO DO ORDENADOR DE DESPESA;011166                                  ;-9575
;015201 - FUNDACAO DE APOIO A PESQUISA DO DF                ;="150201";150201 - FUNDAÇÃO DE APOIO A PESQUISA DO DF - FAP          ;764910300 - TRANSFERÊNCIAS VOLU - ENCAMINHADO PARA DECISÃO DO ORDENADOR DE DESPESA;011168                                  ;-1500
;015201 - FUNDACAO DE APOIO A PESQUISA DO DF                ;="150201";150201 - FUNDAÇÃO DE APOIO A PESQUISA DO DF - FAP          ;764910300 - TRANSFERÊNCIAS VOLU - ENCAMINHADO PARA DECISÃO DO ORDENADOR DE DESPESA;011173                                  ;-8600
;015201 - FUNDACAO DE APOIO A PESQUISA DO DF                ;="150201";150201 - FUNDAÇÃO DE APOIO A PESQUISA DO DF - FAP          ;764910300 - TRANSFERÊNCIAS VOLU - ENCAMINHADO PARA DECISÃO DO ORDENADOR DE DESPESA;011175                                  ;-3000
;015201 - FUNDACAO DE APOIO A PESQUISA DO DF                ;="150201";150201 - FUNDAÇÃO DE APOIO A PESQUISA DO DF - FAP          ;764910300 - TRANSFERÊNCIAS VOLU - ENCAMINHADO PARA DECISÃO DO ORDENADOR DE DESPESA;011176                                  ;-129952
;015201 - FUNDACAO DE APOIO A PESQUISA DO DF                ;="150201";150201 - FUNDAÇÃO DE APOIO A PESQUISA DO DF - FAP          ;764910300 - TRANSFERÊNCIAS VOLU - ENCAMINHADO PARA DECISÃO DO ORDENADOR DE DESPESA;011183                                  ;-1480
;015201 - FUNDACAO DE APOIO A PESQUISA DO DF                ;="150201";150201 - FUNDAÇÃO DE APOIO A PESQUISA DO DF - FAP          ;764910300 - TRANSFERÊNCIAS VOLU - ENCAMINHADO PARA DECISÃO DO ORDENADOR DE DESPESA;011184                                  ;-7560
;015201 - FUNDACAO DE APOIO A PESQUISA DO DF                ;="150201";150201 - FUNDAÇÃO DE APOIO A PESQUISA DO DF - FAP          ;764910300 - TRANSFERÊNCIAS VOLU - ENCAMINHADO PARA DECISÃO DO ORDENADOR DE DESPESA;011186                                  ;-14150
;015201 - FUNDACAO DE APOIO A PESQUISA DO DF                ;="150201";150201 - FUNDAÇÃO DE APOIO A PESQUISA DO DF - FAP          ;764910300 - TRANSFERÊNCIAS VOLU - ENCAMINHADO PARA DECISÃO DO ORDENADOR DE DESPESA;011187                                  ;-29700,29
;015201 - FUNDACAO DE APOIO A PESQUISA DO DF                ;="150201";150201 - FUNDAÇÃO DE APOIO A PESQUISA DO DF - FAP          ;764910300 - TRANSFERÊNCIAS VOLU - ENCAMINHADO PARA DECISÃO DO ORDENADOR DE DESPESA;011190                                  ;-9459,64
;015201 - FUNDACAO DE APOIO A PESQUISA DO DF                ;="150201";150201 - FUNDAÇÃO DE APOIO A PESQUISA DO DF - FAP          ;764910300 - TRANSFERÊNCIAS VOLU - ENCAMINHADO PARA DECISÃO DO ORDENADOR DE DESPESA;011193                                  ;-2470
;015201 - FUNDACAO DE APOIO A PESQUISA DO DF                ;="150201";150201 - FUNDAÇÃO DE APOIO A PESQUISA DO DF - FAP          ;764910300 - TRANSFERÊNCIAS VOLU - ENCAMINHADO PARA DECISÃO DO ORDENADOR DE DESPESA;011196                                  ;-8027,2
;015201 - FUNDACAO DE APOIO A PESQUISA DO DF                ;="150201";150201 - FUNDAÇÃO DE APOIO A PESQUISA DO DF - FAP          ;764910300 - TRANSFERÊNCIAS VOLU - ENCAMINHADO PARA DECISÃO DO ORDENADOR DE DESPESA;011197                                  ;-8110
;015201 - FUNDACAO DE APOIO A PESQUISA DO DF                ;="150201";150201 - FUNDAÇÃO DE APOIO A PESQUISA DO DF - FAP          ;764910300 - TRANSFERÊNCIAS VOLU - ENCAMINHADO PARA DECISÃO DO ORDENADOR DE DESPESA;011198                                  ;-6900
;015201 - FUNDACAO DE APOIO A PESQUISA DO DF                ;="150201";150201 - FUNDAÇÃO DE APOIO A PESQUISA DO DF - FAP          ;764910300 - TRANSFERÊNCIAS VOLU - ENCAMINHADO PARA DECISÃO DO ORDENADOR DE DESPESA;011199                                  ;-7243,27
;015201 - FUNDACAO DE APOIO A PESQUISA DO DF                ;="150201";150201 - FUNDAÇÃO DE APOIO A PESQUISA DO DF - FAP          ;764910300 - TRANSFERÊNCIAS VOLU - ENCAMINHADO PARA DECISÃO DO ORDENADOR DE DESPESA;011200                                  ;-8112,64
;015201 - FUNDACAO DE APOIO A PESQUISA DO DF                ;="150201";150201 - FUNDAÇÃO DE APOIO A PESQUISA DO DF - FAP          ;764910300 - TRANSFERÊNCIAS VOLU - ENCAMINHADO PARA DECISÃO DO ORDENADOR DE DESPESA;011202                                  ;-7580
;015201 - FUNDACAO DE APOIO A PESQUISA DO DF                ;="150201";150201 - FUNDAÇÃO DE APOIO A PESQUISA DO DF - FAP          ;764910300 - TRANSFERÊNCIAS VOLU - ENCAMINHADO PARA DECISÃO DO ORDENADOR DE DESPESA;011203                                  ;-2600
;015201 - FUNDACAO DE APOIO A PESQUISA DO DF                ;="150201";150201 - FUNDAÇÃO DE APOIO A PESQUISA DO DF - FAP          ;764910300 - TRANSFERÊNCIAS VOLU - ENCAMINHADO PARA DECISÃO DO ORDENADOR DE DESPESA;011204                                  ;-4680
;015201 - FUNDACAO DE APOIO A PESQUISA DO DF                ;="150201";150201 - FUNDAÇÃO DE APOIO A PESQUISA DO DF - FAP          ;764910300 - TRANSFERÊNCIAS VOLU - ENCAMINHADO PARA DECISÃO DO ORDENADOR DE DESPESA;011209                                  ;-2680
;015201 - FUNDACAO DE APOIO A PESQUISA DO DF                ;="150201";150201 - FUNDAÇÃO DE APOIO A PESQUISA DO DF - FAP          ;764910300 - TRANSFERÊNCIAS VOLU - ENCAMINHADO PARA DECISÃO DO ORDENADOR DE DESPESA;011211                                  ;-9966,16
;015201 - FUNDACAO DE APOIO A PESQUISA DO DF                ;="150201";150201 - FUNDAÇÃO DE APOIO A PESQUISA DO DF - FAP          ;764910300 - TRANSFERÊNCIAS VOLU - ENCAMINHADO PARA DECISÃO DO ORDENADOR DE DESPESA;011212                                  ;-7000
;015201 - FUNDACAO DE APOIO A PESQUISA DO DF                ;="150201";150201 - FUNDAÇÃO DE APOIO A PESQUISA DO DF - FAP          ;764910300 - TRANSFERÊNCIAS VOLU - ENCAMINHADO PARA DECISÃO DO ORDENADOR DE DESPESA;011213                                  ;-10000
;015201 - FUNDACAO DE APOIO A PESQUISA DO DF                ;="150201";150201 - FUNDAÇÃO DE APOIO A PESQUISA DO DF - FAP          ;764910300 - TRANSFERÊNCIAS VOLU - ENCAMINHADO PARA DECISÃO DO ORDENADOR DE DESPESA;011214                                  ;-2050
;015201 - FUNDACAO DE APOIO A PESQUISA DO DF                ;="150201";150201 - FUNDAÇÃO DE APOIO A PESQUISA DO DF - FAP          ;764910300 - TRANSFERÊNCIAS VOLU - ENCAMINHADO PARA DECISÃO DO ORDENADOR DE DESPESA;011215                                  ;-89805
;015201 - FUNDACAO DE APOIO A PESQUISA DO DF                ;="150201";150201 - FUNDAÇÃO DE APOIO A PESQUISA DO DF - FAP          ;764910300 - TRANSFERÊNCIAS VOLU - ENCAMINHADO PARA DECISÃO DO ORDENADOR DE DESPESA;011216                                  ;-1200
;015201 - FUNDACAO DE APOIO A PESQUISA DO DF                ;="150201";150201 - FUNDAÇÃO DE APOIO A PESQUISA DO DF - FAP          ;764910300 - TRANSFERÊNCIAS VOLU - ENCAMINHADO PARA DECISÃO DO ORDENADOR DE DESPESA;011218                                  ;-8740,5
;015201 - FUNDACAO DE APOIO A PESQUISA DO DF                ;="150201";150201 - FUNDAÇÃO DE APOIO A PESQUISA DO DF - FAP          ;764910300 - TRANSFERÊNCIAS VOLU - ENCAMINHADO PARA DECISÃO DO ORDENADOR DE DESPESA;011219                                  ;-2440
;015201 - FUNDACAO DE APOIO A PESQUISA DO DF                ;="150201";150201 - FUNDAÇÃO DE APOIO A PESQUISA DO DF - FAP          ;764910300 - TRANSFERÊNCIAS VOLU - ENCAMINHADO PARA DECISÃO DO ORDENADOR DE DESPESA;011220                                  ;-7824,59
;015201 - FUNDACAO DE APOIO A PESQUISA DO DF                ;="150201";150201 - FUNDAÇÃO DE APOIO A PESQUISA DO DF - FAP          ;764910300 - TRANSFERÊNCIAS VOLU - ENCAMINHADO PARA DECISÃO DO ORDENADOR DE DESPESA;011222                                  ;-2100
;015201 - FUNDACAO DE APOIO A PESQUISA DO DF                ;="150201";150201 - FUNDAÇÃO DE APOIO A PESQUISA DO DF - FAP          ;764910300 - TRANSFERÊNCIAS VOLU - ENCAMINHADO PARA DECISÃO DO ORDENADOR DE DESPESA;011223                                  ;-7824,59
;015201 - FUNDACAO DE APOIO A PESQUISA DO DF                ;="150201";150201 - FUNDAÇÃO DE APOIO A PESQUISA DO DF - FAP          ;764910300 - TRANSFERÊNCIAS VOLU - ENCAMINHADO PARA DECISÃO DO ORDENADOR DE DESPESA;011225                                  ;-5950
;015201 - FUNDACAO DE APOIO A PESQUISA DO DF                ;="150201";150201 - FUNDAÇÃO DE APOIO A PESQUISA DO DF - FAP          ;764910300 - TRANSFERÊNCIAS VOLU - ENCAMINHADO PARA DECISÃO DO ORDENADOR DE DESPESA;011233                                  ;-2125
;015201 - FUNDACAO DE APOIO A PESQUISA DO DF                ;="150201";150201 - FUNDAÇÃO DE APOIO A PESQUISA DO DF - FAP          ;764910300 - TRANSFERÊNCIAS VOLU - ENCAMINHADO PARA DECISÃO DO ORDENADOR DE DESPESA;011236                                  ;-2750
;015201 - FUNDACAO DE APOIO A PESQUISA DO DF                ;="150201";150201 - FUNDAÇÃO DE APOIO A PESQUISA DO DF - FAP          ;764910300 - TRANSFERÊNCIAS VOLU - ENCAMINHADO PARA DECISÃO DO ORDENADOR DE DESPESA;011238                                  ;-10000
;015201 - FUNDACAO DE APOIO A PESQUISA DO DF                ;="150201";150201 - FUNDAÇÃO DE APOIO A PESQUISA DO DF - FAP          ;764910300 - TRANSFERÊNCIAS VOLU - ENCAMINHADO PARA DECISÃO DO ORDENADOR DE DESPESA;011244                                  ;-9242,5
;015201 - FUNDACAO DE APOIO A PESQUISA DO DF                ;="150201";150201 - FUNDAÇÃO DE APOIO A PESQUISA DO DF - FAP          ;764910300 - TRANSFERÊNCIAS VOLU - ENCAMINHADO PARA DECISÃO DO ORDENADOR DE DESPESA;011245                                  ;-1650
;015201 - FUNDACAO DE APOIO A PESQUISA DO DF                ;="150201";150201 - FUNDAÇÃO DE APOIO A PESQUISA DO DF - FAP          ;764910300 - TRANSFERÊNCIAS VOLU - ENCAMINHADO PARA DECISÃO DO ORDENADOR DE DESPESA;011246                                  ;-7740
;015201 - FUNDACAO DE APOIO A PESQUISA DO DF                ;="150201";150201 - FUNDAÇÃO DE APOIO A PESQUISA DO DF - FAP          ;764910300 - TRANSFERÊNCIAS VOLU - ENCAMINHADO PARA DECISÃO DO ORDENADOR DE DESPESA;011248                                  ;-1550
;015201 - FUNDACAO DE APOIO A PESQUISA DO DF                ;="150201";150201 - FUNDAÇÃO DE APOIO A PESQUISA DO DF - FAP          ;764910300 - TRANSFERÊNCIAS VOLU - ENCAMINHADO PARA DECISÃO DO ORDENADOR DE DESPESA;011249                                  ;-4040
;015201 - FUNDACAO DE APOIO A PESQUISA DO DF                ;="150201";150201 - FUNDAÇÃO DE APOIO A PESQUISA DO DF - FAP          ;764910300 - TRANSFERÊNCIAS VOLU - ENCAMINHADO PARA DECISÃO DO ORDENADOR DE DESPESA;011250                                  ;-1450
;015201 - FUNDACAO DE APOIO A PESQUISA DO DF                ;="150201";150201 - FUNDAÇÃO DE APOIO A PESQUISA DO DF - FAP          ;764910300 - TRANSFERÊNCIAS VOLU - ENCAMINHADO PARA DECISÃO DO ORDENADOR DE DESPESA;011259                                  ;-1450
;015201 - FUNDACAO DE APOIO A PESQUISA DO DF                ;="150201";150201 - FUNDAÇÃO DE APOIO A PESQUISA DO DF - FAP          ;764910300 - TRANSFERÊNCIAS VOLU - ENCAMINHADO PARA DECISÃO DO ORDENADOR DE DESPESA;011260                                  ;-5408
;015201 - FUNDACAO DE APOIO A PESQUISA DO DF                ;="150201";150201 - FUNDAÇÃO DE APOIO A PESQUISA DO DF - FAP          ;764910300 - TRANSFERÊNCIAS VOLU - ENCAMINHADO PARA DECISÃO DO ORDENADOR DE DESPESA;011262                                  ;-3000
;015201 - FUNDACAO DE APOIO A PESQUISA DO DF                ;="150201";150201 - FUNDAÇÃO DE APOIO A PESQUISA DO DF - FAP          ;764910300 - TRANSFERÊNCIAS VOLU - ENCAMINHADO PARA DECISÃO DO ORDENADOR DE DESPESA;011264                                  ;-2339
;015201 - FUNDACAO DE APOIO A PESQUISA DO DF                ;="150201";150201 - FUNDAÇÃO DE APOIO A PESQUISA DO DF - FAP          ;764910300 - TRANSFERÊNCIAS VOLU - ENCAMINHADO PARA DECISÃO DO ORDENADOR DE DESPESA;011265                                  ;-8627
;015201 - FUNDACAO DE APOIO A PESQUISA DO DF                ;="150201";150201 - FUNDAÇÃO DE APOIO A PESQUISA DO DF - FAP          ;764910300 - TRANSFERÊNCIAS VOLU - ENCAMINHADO PARA DECISÃO DO ORDENADOR DE DESPESA;011266                                  ;-6500
;015201 - FUNDACAO DE APOIO A PESQUISA DO DF                ;="150201";150201 - FUNDAÇÃO DE APOIO A PESQUISA DO DF - FAP          ;764910300 - TRANSFERÊNCIAS VOLU - ENCAMINHADO PARA DECISÃO DO ORDENADOR DE DESPESA;011267                                  ;-1800
;015201 - FUNDACAO DE APOIO A PESQUISA DO DF                ;="150201";150201 - FUNDAÇÃO DE APOIO A PESQUISA DO DF - FAP          ;764910300 - TRANSFERÊNCIAS VOLU - ENCAMINHADO PARA DECISÃO DO ORDENADOR DE DESPESA;011271                                  ;-6183,2
;015201 - FUNDACAO DE APOIO A PESQUISA DO DF                ;="150201";150201 - FUNDAÇÃO DE APOIO A PESQUISA DO DF - FAP          ;764910300 - TRANSFERÊNCIAS VOLU - ENCAMINHADO PARA DECISÃO DO ORDENADOR DE DESPESA;011272                                  ;-1950
;015201 - FUNDACAO DE APOIO A PESQUISA DO DF                ;="150201";150201 - FUNDAÇÃO DE APOIO A PESQUISA DO DF - FAP          ;764910300 - TRANSFERÊNCIAS VOLU - ENCAMINHADO PARA DECISÃO DO ORDENADOR DE DESPESA;011273                                  ;-1950
;015201 - FUNDACAO DE APOIO A PESQUISA DO DF                ;="150201";150201 - FUNDAÇÃO DE APOIO A PESQUISA DO DF - FAP          ;764910300 - TRANSFERÊNCIAS VOLU - ENCAMINHADO PARA DECISÃO DO ORDENADOR DE DESPESA;011274                                  ;-7450
;015201 - FUNDACAO DE APOIO A PESQUISA DO DF                ;="150201";150201 - FUNDAÇÃO DE APOIO A PESQUISA DO DF - FAP          ;764910300 - TRANSFERÊNCIAS VOLU - ENCAMINHADO PARA DECISÃO DO ORDENADOR DE DESPESA;011276                                  ;-3000
;015201 - FUNDACAO DE APOIO A PESQUISA DO DF                ;="150201";150201 - FUNDAÇÃO DE APOIO A PESQUISA DO DF - FAP          ;764910300 - TRANSFERÊNCIAS VOLU - ENCAMINHADO PARA DECISÃO DO ORDENADOR DE DESPESA;011278                                  ;-2218
;015201 - FUNDACAO DE APOIO A PESQUISA DO DF                ;="150201";150201 - FUNDAÇÃO DE APOIO A PESQUISA DO DF - FAP          ;764910300 - TRANSFERÊNCIAS VOLU - ENCAMINHADO PARA DECISÃO DO ORDENADOR DE DESPESA;011281                                  ;-2700
;015201 - FUNDACAO DE APOIO A PESQUISA DO DF                ;="150201";150201 - FUNDAÇÃO DE APOIO A PESQUISA DO DF - FAP          ;764910300 - TRANSFERÊNCIAS VOLU - ENCAMINHADO PARA DECISÃO DO ORDENADOR DE DESPESA;011283                                  ;-3000
;015201 - FUNDACAO DE APOIO A PESQUISA DO DF                ;="150201";150201 - FUNDAÇÃO DE APOIO A PESQUISA DO DF - FAP          ;764910300 - TRANSFERÊNCIAS VOLU - ENCAMINHADO PARA DECISÃO DO ORDENADOR DE DESPESA;011289                                  ;-38550
;015201 - FUNDACAO DE APOIO A PESQUISA DO DF                ;="150201";150201 - FUNDAÇÃO DE APOIO A PESQUISA DO DF - FAP          ;764910300 - TRANSFERÊNCIAS VOLU - ENCAMINHADO PARA DECISÃO DO ORDENADOR DE DESPESA;011290                                  ;-7615,05
;015201 - FUNDACAO DE APOIO A PESQUISA DO DF                ;="150201";150201 - FUNDAÇÃO DE APOIO A PESQUISA DO DF - FAP          ;764910300 - TRANSFERÊNCIAS VOLU - ENCAMINHADO PARA DECISÃO DO ORDENADOR DE DESPESA;011294                                  ;-1787,8
;015201 - FUNDACAO DE APOIO A PESQUISA DO DF                ;="150201";150201 - FUNDAÇÃO DE APOIO A PESQUISA DO DF - FAP          ;764910300 - TRANSFERÊNCIAS VOLU - ENCAMINHADO PARA DECISÃO DO ORDENADOR DE DESPESA;011295                                  ;-2339
;015201 - FUNDACAO DE APOIO A PESQUISA DO DF                ;="150201";150201 - FUNDAÇÃO DE APOIO A PESQUISA DO DF - FAP          ;764910300 - TRANSFERÊNCIAS VOLU - ENCAMINHADO PARA DECISÃO DO ORDENADOR DE DESPESA;011301                                  ;-10000
;015201 - FUNDACAO DE APOIO A PESQUISA DO DF                ;="150201";150201 - FUNDAÇÃO DE APOIO A PESQUISA DO DF - FAP          ;764910300 - TRANSFERÊNCIAS VOLU - ENCAMINHADO PARA DECISÃO DO ORDENADOR DE DESPESA;011303                                  ;-5450
;015201 - FUNDACAO DE APOIO A PESQUISA DO DF                ;="150201";150201 - FUNDAÇÃO DE APOIO A PESQUISA DO DF - FAP          ;764910300 - TRANSFERÊNCIAS VOLU - ENCAMINHADO PARA DECISÃO DO ORDENADOR DE DESPESA;011304                                  ;-8740,7
;015201 - FUNDACAO DE APOIO A PESQUISA DO DF                ;="150201";150201 - FUNDAÇÃO DE APOIO A PESQUISA DO DF - FAP          ;764910300 - TRANSFERÊNCIAS VOLU - ENCAMINHADO PARA DECISÃO DO ORDENADOR DE DESPESA;011306                                  ;-9975,2
;015201 - FUNDACAO DE APOIO A PESQUISA DO DF                ;="150201";150201 - FUNDAÇÃO DE APOIO A PESQUISA DO DF - FAP          ;764910300 - TRANSFERÊNCIAS VOLU - ENCAMINHADO PARA DECISÃO DO ORDENADOR DE DESPESA;011307                                  ;-9256
;015201 - FUNDACAO DE APOIO A PESQUISA DO DF                ;="150201";150201 - FUNDAÇÃO DE APOIO A PESQUISA DO DF - FAP          ;764910300 - TRANSFERÊNCIAS VOLU - ENCAMINHADO PARA DECISÃO DO ORDENADOR DE DESPESA;011308                                  ;-8774
;015201 - FUNDACAO DE APOIO A PESQUISA DO DF                ;="150201";150201 - FUNDAÇÃO DE APOIO A PESQUISA DO DF - FAP          ;764910300 - TRANSFERÊNCIAS VOLU - ENCAMINHADO PARA DECISÃO DO ORDENADOR DE DESPESA;011310                                  ;-29600
;015201 - FUNDACAO DE APOIO A PESQUISA DO DF                ;="150201";150201 - FUNDAÇÃO DE APOIO A PESQUISA DO DF - FAP          ;764910300 - TRANSFERÊNCIAS VOLU - ENCAMINHADO PARA DECISÃO DO ORDENADOR DE DESPESA;011311                                  ;-30000
;015201 - FUNDACAO DE APOIO A PESQUISA DO DF                ;="150201";150201 - FUNDAÇÃO DE APOIO A PESQUISA DO DF - FAP          ;764910300 - TRANSFERÊNCIAS VOLU - ENCAMINHADO PARA DECISÃO DO ORDENADOR DE DESPESA;011312                                  ;-8400
;015201 - FUNDACAO DE APOIO A PESQUISA DO DF                ;="150201";150201 - FUNDAÇÃO DE APOIO A PESQUISA DO DF - FAP          ;764910300 - TRANSFERÊNCIAS VOLU - ENCAMINHADO PARA DECISÃO DO ORDENADOR DE DESPESA;011318                                  ;-10000
;015201 - FUNDACAO DE APOIO A PESQUISA DO DF                ;="150201";150201 - FUNDAÇÃO DE APOIO A PESQUISA DO DF - FAP          ;764910300 - TRANSFERÊNCIAS VOLU - ENCAMINHADO PARA DECISÃO DO ORDENADOR DE DESPESA;011319                                  ;-8348
;015201 - FUNDACAO DE APOIO A PESQUISA DO DF                ;="150201";150201 - FUNDAÇÃO DE APOIO A PESQUISA DO DF - FAP          ;764910300 - TRANSFERÊNCIAS VOLU - ENCAMINHADO PARA DECISÃO DO ORDENADOR DE DESPESA;011320                                  ;-8441
;015201 - FUNDACAO DE APOIO A PESQUISA DO DF                ;="150201";150201 - FUNDAÇÃO DE APOIO A PESQUISA DO DF - FAP          ;764910300 - TRANSFERÊNCIAS VOLU - ENCAMINHADO PARA DECISÃO DO ORDENADOR DE DESPESA;011321                                  ;-21266
;015201 - FUNDACAO DE APOIO A PESQUISA DO DF                ;="150201";150201 - FUNDAÇÃO DE APOIO A PESQUISA DO DF - FAP          ;764910300 - TRANSFERÊNCIAS VOLU - ENCAMINHADO PARA DECISÃO DO ORDENADOR DE DESPESA;011323                                  ;-8512
;015201 - FUNDACAO DE APOIO A PESQUISA DO DF                ;="150201";150201 - FUNDAÇÃO DE APOIO A PESQUISA DO DF - FAP          ;764910300 - TRANSFERÊNCIAS VOLU - ENCAMINHADO PARA DECISÃO DO ORDENADOR DE DESPESA;011324                                  ;-30000
;015201 - FUNDACAO DE APOIO A PESQUISA DO DF                ;="150201";150201 - FUNDAÇÃO DE APOIO A PESQUISA DO DF - FAP          ;764910300 - TRANSFERÊNCIAS VOLU - ENCAMINHADO PARA DECISÃO DO ORDENADOR DE DESPESA;011325                                  ;-3124,8
;015201 - FUNDACAO DE APOIO A PESQUISA DO DF                ;="150201";150201 - FUNDAÇÃO DE APOIO A PESQUISA DO DF - FAP          ;764910300 - TRANSFERÊNCIAS VOLU - ENCAMINHADO PARA DECISÃO DO ORDENADOR DE DESPESA;011326                                  ;-9990
;015201 - FUNDACAO DE APOIO A PESQUISA DO DF                ;="150201";150201 - FUNDAÇÃO DE APOIO A PESQUISA DO DF - FAP          ;764910300 - TRANSFERÊNCIAS VOLU - ENCAMINHADO PARA DECISÃO DO ORDENADOR DE DESPESA;011327                                  ;-6102
;015201 - FUNDACAO DE APOIO A PESQUISA DO DF                ;="150201";150201 - FUNDAÇÃO DE APOIO A PESQUISA DO DF - FAP          ;764910300 - TRANSFERÊNCIAS VOLU - ENCAMINHADO PARA DECISÃO DO ORDENADOR DE DESPESA;011328                                  ;-93483,5
;015201 - FUNDACAO DE APOIO A PESQUISA DO DF                ;="150201";150201 - FUNDAÇÃO DE APOIO A PESQUISA DO DF - FAP          ;764910300 - TRANSFERÊNCIAS VOLU - ENCAMINHADO PARA DECISÃO DO ORDENADOR DE DESPESA;011329                                  ;-6008,91
;015201 - FUNDACAO DE APOIO A PESQUISA DO DF                ;="150201";150201 - FUNDAÇÃO DE APOIO A PESQUISA DO DF - FAP          ;764910300 - TRANSFERÊNCIAS VOLU - ENCAMINHADO PARA DECISÃO DO ORDENADOR DE DESPESA;011331                                  ;-9334
;015201 - FUNDACAO DE APOIO A PESQUISA DO DF                ;="150201";150201 - FUNDAÇÃO DE APOIO A PESQUISA DO DF - FAP          ;764910300 - TRANSFERÊNCIAS VOLU - ENCAMINHADO PARA DECISÃO DO ORDENADOR DE DESPESA;011334                                  ;-1393
;015201 - FUNDACAO DE APOIO A PESQUISA DO DF                ;="150201";150201 - FUNDAÇÃO DE APOIO A PESQUISA DO DF - FAP          ;764910300 - TRANSFERÊNCIAS VOLU - ENCAMINHADO PARA DECISÃO DO ORDENADOR DE DESPESA;011335                                  ;-10000
;015201 - FUNDACAO DE APOIO A PESQUISA DO DF                ;="150201";150201 - FUNDAÇÃO DE APOIO A PESQUISA DO DF - FAP          ;764910300 - TRANSFERÊNCIAS VOLU - ENCAMINHADO PARA DECISÃO DO ORDENADOR DE DESPESA;011336                                  ;-3000
;015201 - FUNDACAO DE APOIO A PESQUISA DO DF                ;="150201";150201 - FUNDAÇÃO DE APOIO A PESQUISA DO DF - FAP          ;764910300 - TRANSFERÊNCIAS VOLU - ENCAMINHADO PARA DECISÃO DO ORDENADOR DE DESPESA;011337                                  ;-8510
;015201 - FUNDACAO DE APOIO A PESQUISA DO DF                ;="150201";150201 - FUNDAÇÃO DE APOIO A PESQUISA DO DF - FAP          ;764910300 - TRANSFERÊNCIAS VOLU - ENCAMINHADO PARA DECISÃO DO ORDENADOR DE DESPESA;011339                                  ;-33970
;015201 - FUNDACAO DE APOIO A PESQUISA DO DF                ;="150201";150201 - FUNDAÇÃO DE APOIO A PESQUISA DO DF - FAP          ;764910300 - TRANSFERÊNCIAS VOLU - ENCAMINHADO PARA DECISÃO DO ORDENADOR DE DESPESA;011340                                  ;-6041
;015201 - FUNDACAO DE APOIO A PESQUISA DO DF                ;="150201";150201 - FUNDAÇÃO DE APOIO A PESQUISA DO DF - FAP          ;764910300 - TRANSFERÊNCIAS VOLU - ENCAMINHADO PARA DECISÃO DO ORDENADOR DE DESPESA;011341                                  ;-8890
;015201 - FUNDACAO DE APOIO A PESQUISA DO DF                ;="150201";150201 - FUNDAÇÃO DE APOIO A PESQUISA DO DF - FAP          ;764910300 - TRANSFERÊNCIAS VOLU - ENCAMINHADO PARA DECISÃO DO ORDENADOR DE DESPESA;011344                                  ;-10000
;015201 - FUNDACAO DE APOIO A PESQUISA DO DF                ;="150201";150201 - FUNDAÇÃO DE APOIO A PESQUISA DO DF - FAP          ;764910300 - TRANSFERÊNCIAS VOLU - ENCAMINHADO PARA DECISÃO DO ORDENADOR DE DESPESA;011345                                  ;-9667
;015201 - FUNDACAO DE APOIO A PESQUISA DO DF                ;="150201";150201 - FUNDAÇÃO DE APOIO A PESQUISA DO DF - FAP          ;764910300 - TRANSFERÊNCIAS VOLU - ENCAMINHADO PARA DECISÃO DO ORDENADOR DE DESPESA;011346                                  ;-10000
;015201 - FUNDACAO DE APOIO A PESQUISA DO DF                ;="150201";150201 - FUNDAÇÃO DE APOIO A PESQUISA DO DF - FAP          ;764910300 - TRANSFERÊNCIAS VOLU - ENCAMINHADO PARA DECISÃO DO ORDENADOR DE DESPESA;011352                                  ;-8500
;015201 - FUNDACAO DE APOIO A PESQUISA DO DF                ;="150201";150201 - FUNDAÇÃO DE APOIO A PESQUISA DO DF - FAP          ;764910300 - TRANSFERÊNCIAS VOLU - ENCAMINHADO PARA DECISÃO DO ORDENADOR DE DESPESA;011356                                  ;-10690
;015201 - FUNDACAO DE APOIO A PESQUISA DO DF                ;="150201";150201 - FUNDAÇÃO DE APOIO A PESQUISA DO DF - FAP          ;764910300 - TRANSFERÊNCIAS VOLU - ENCAMINHADO PARA DECISÃO DO ORDENADOR DE DESPESA;011357                                  ;-2270
;015201 - FUNDACAO DE APOIO A PESQUISA DO DF                ;="150201";150201 - FUNDAÇÃO DE APOIO A PESQUISA DO DF - FAP          ;764910300 - TRANSFERÊNCIAS VOLU - ENCAMINHADO PARA DECISÃO DO ORDENADOR DE DESPESA;011358                                  ;-1853,55
;015201 - FUNDACAO DE APOIO A PESQUISA DO DF                ;="150201";150201 - FUNDAÇÃO DE APOIO A PESQUISA DO DF - FAP          ;764910300 - TRANSFERÊNCIAS VOLU - ENCAMINHADO PARA DECISÃO DO ORDENADOR DE DESPESA;011359                                  ;-8884
;015201 - FUNDACAO DE APOIO A PESQUISA DO DF                ;="150201";150201 - FUNDAÇÃO DE APOIO A PESQUISA DO DF - FAP          ;764910300 - TRANSFERÊNCIAS VOLU - ENCAMINHADO PARA DECISÃO DO ORDENADOR DE DESPESA;011361                                  ;-1200
;015201 - FUNDACAO DE APOIO A PESQUISA DO DF                ;="150201";150201 - FUNDAÇÃO DE APOIO A PESQUISA DO DF - FAP          ;764910300 - TRANSFERÊNCIAS VOLU - ENCAMINHADO PARA DECISÃO DO ORDENADOR DE DESPESA;011363                                  ;-6641,98
;015201 - FUNDACAO DE APOIO A PESQUISA DO DF                ;="150201";150201 - FUNDAÇÃO DE APOIO A PESQUISA DO DF - FAP          ;764910300 - TRANSFERÊNCIAS VOLU - ENCAMINHADO PARA DECISÃO DO ORDENADOR DE DESPESA;011364                                  ;-50000
;015201 - FUNDACAO DE APOIO A PESQUISA DO DF                ;="150201";150201 - FUNDAÇÃO DE APOIO A PESQUISA DO DF - FAP          ;764910300 - TRANSFERÊNCIAS VOLU - ENCAMINHADO PARA DECISÃO DO ORDENADOR DE DESPESA;011366                                  ;-6229
;015201 - FUNDACAO DE APOIO A PESQUISA DO DF                ;="150201";150201 - FUNDAÇÃO DE APOIO A PESQUISA DO DF - FAP          ;764910300 - TRANSFERÊNCIAS VOLU - ENCAMINHADO PARA DECISÃO DO ORDENADOR DE DESPESA;011367                                  ;-3000
;015201 - FUNDACAO DE APOIO A PESQUISA DO DF                ;="150201";150201 - FUNDAÇÃO DE APOIO A PESQUISA DO DF - FAP          ;764910300 - TRANSFERÊNCIAS VOLU - ENCAMINHADO PARA DECISÃO DO ORDENADOR DE DESPESA;011368                                  ;-10000
;015201 - FUNDACAO DE APOIO A PESQUISA DO DF                ;="150201";150201 - FUNDAÇÃO DE APOIO A PESQUISA DO DF - FAP          ;764910300 - TRANSFERÊNCIAS VOLU - ENCAMINHADO PARA DECISÃO DO ORDENADOR DE DESPESA;011369                                  ;-10000
;015201 - FUNDACAO DE APOIO A PESQUISA DO DF                ;="150201";150201 - FUNDAÇÃO DE APOIO A PESQUISA DO DF - FAP          ;764910300 - TRANSFERÊNCIAS VOLU - ENCAMINHADO PARA DECISÃO DO ORDENADOR DE DESPESA;011371                                  ;-10000
;015201 - FUNDACAO DE APOIO A PESQUISA DO DF                ;="150201";150201 - FUNDAÇÃO DE APOIO A PESQUISA DO DF - FAP          ;764910300 - TRANSFERÊNCIAS VOLU - ENCAMINHADO PARA DECISÃO DO ORDENADOR DE DESPESA;011372                                  ;-2894
;015201 - FUNDACAO DE APOIO A PESQUISA DO DF                ;="150201";150201 - FUNDAÇÃO DE APOIO A PESQUISA DO DF - FAP          ;764910300 - TRANSFERÊNCIAS VOLU - ENCAMINHADO PARA DECISÃO DO ORDENADOR DE DESPESA;011380                                  ;-10000
;015201 - FUNDACAO DE APOIO A PESQUISA DO DF                ;="150201";150201 - FUNDAÇÃO DE APOIO A PESQUISA DO DF - FAP          ;764910300 - TRANSFERÊNCIAS VOLU - ENCAMINHADO PARA DECISÃO DO ORDENADOR DE DESPESA;011381                                  ;-6800
;015201 - FUNDACAO DE APOIO A PESQUISA DO DF                ;="150201";150201 - FUNDAÇÃO DE APOIO A PESQUISA DO DF - FAP          ;764910300 - TRANSFERÊNCIAS VOLU - ENCAMINHADO PARA DECISÃO DO ORDENADOR DE DESPESA;011383                                  ;-8939
;015201 - FUNDACAO DE APOIO A PESQUISA DO DF                ;="150201";150201 - FUNDAÇÃO DE APOIO A PESQUISA DO DF - FAP          ;764910300 - TRANSFERÊNCIAS VOLU - ENCAMINHADO PARA DECISÃO DO ORDENADOR DE DESPESA;011385                                  ;-7574
;015201 - FUNDACAO DE APOIO A PESQUISA DO DF                ;="150201";150201 - FUNDAÇÃO DE APOIO A PESQUISA DO DF - FAP          ;764910300 - TRANSFERÊNCIAS VOLU - ENCAMINHADO PARA DECISÃO DO ORDENADOR DE DESPESA;011387                                  ;-30000
;015201 - FUNDACAO DE APOIO A PESQUISA DO DF                ;="150201";150201 - FUNDAÇÃO DE APOIO A PESQUISA DO DF - FAP          ;764910300 - TRANSFERÊNCIAS VOLU - ENCAMINHADO PARA DECISÃO DO ORDENADOR DE DESPESA;011389                                  ;-1960
;015201 - FUNDACAO DE APOIO A PESQUISA DO DF                ;="150201";150201 - FUNDAÇÃO DE APOIO A PESQUISA DO DF - FAP          ;764910300 - TRANSFERÊNCIAS VOLU - ENCAMINHADO PARA DECISÃO DO ORDENADOR DE DESPESA;011391                                  ;-5316
;015201 - FUNDACAO DE APOIO A PESQUISA DO DF                ;="150201";150201 - FUNDAÇÃO DE APOIO A PESQUISA DO DF - FAP          ;764910300 - TRANSFERÊNCIAS VOLU - ENCAMINHADO PARA DECISÃO DO ORDENADOR DE DESPESA;011393                                  ;-3000
;015201 - FUNDACAO DE APOIO A PESQUISA DO DF                ;="150201";150201 - FUNDAÇÃO DE APOIO A PESQUISA DO DF - FAP          ;764910300 - TRANSFERÊNCIAS VOLU - ENCAMINHADO PARA DECISÃO DO ORDENADOR DE DESPESA;011394                                  ;-2150
;015201 - FUNDACAO DE APOIO A PESQUISA DO DF                ;="150201";150201 - FUNDAÇÃO DE APOIO A PESQUISA DO DF - FAP          ;764910300 - TRANSFERÊNCIAS VOLU - ENCAMINHADO PARA DECISÃO DO ORDENADOR DE DESPESA;011398                                  ;-9905
;015201 - FUNDACAO DE APOIO A PESQUISA DO DF                ;="150201";150201 - FUNDAÇÃO DE APOIO A PESQUISA DO DF - FAP          ;764910300 - TRANSFERÊNCIAS VOLU - ENCAMINHADO PARA DECISÃO DO ORDENADOR DE DESPESA;011400                                  ;-9336,27
;015201 - FUNDACAO DE APOIO A PESQUISA DO DF                ;="150201";150201 - FUNDAÇÃO DE APOIO A PESQUISA DO DF - FAP          ;764910300 - TRANSFERÊNCIAS VOLU - ENCAMINHADO PARA DECISÃO DO ORDENADOR DE DESPESA;011402                                  ;-1950
;015201 - FUNDACAO DE APOIO A PESQUISA DO DF                ;="150201";150201 - FUNDAÇÃO DE APOIO A PESQUISA DO DF - FAP          ;764910300 - TRANSFERÊNCIAS VOLU - ENCAMINHADO PARA DECISÃO DO ORDENADOR DE DESPESA;011404                                  ;-10000
;015201 - FUNDACAO DE APOIO A PESQUISA DO DF                ;="150201";150201 - FUNDAÇÃO DE APOIO A PESQUISA DO DF - FAP          ;764910300 - TRANSFERÊNCIAS VOLU - ENCAMINHADO PARA DECISÃO DO ORDENADOR DE DESPESA;011408                                  ;-10000
;015201 - FUNDACAO DE APOIO A PESQUISA DO DF                ;="150201";150201 - FUNDAÇÃO DE APOIO A PESQUISA DO DF - FAP          ;764910300 - TRANSFERÊNCIAS VOLU - ENCAMINHADO PARA DECISÃO DO ORDENADOR DE DESPESA;011411                                  ;-6990
;015201 - FUNDACAO DE APOIO A PESQUISA DO DF                ;="150201";150201 - FUNDAÇÃO DE APOIO A PESQUISA DO DF - FAP          ;764910300 - TRANSFERÊNCIAS VOLU - ENCAMINHADO PARA DECISÃO DO ORDENADOR DE DESPESA;011412                                  ;-7616
;015201 - FUNDACAO DE APOIO A PESQUISA DO DF                ;="150201";150201 - FUNDAÇÃO DE APOIO A PESQUISA DO DF - FAP          ;764910300 - TRANSFERÊNCIAS VOLU - ENCAMINHADO PARA DECISÃO DO ORDENADOR DE DESPESA;011413                                  ;-1584
;015201 - FUNDACAO DE APOIO A PESQUISA DO DF                ;="150201";150201 - FUNDAÇÃO DE APOIO A PESQUISA DO DF - FAP          ;764910300 - TRANSFERÊNCIAS VOLU - ENCAMINHADO PARA DECISÃO DO ORDENADOR DE DESPESA;011415                                  ;-3000
;015201 - FUNDACAO DE APOIO A PESQUISA DO DF                ;="150201";150201 - FUNDAÇÃO DE APOIO A PESQUISA DO DF - FAP          ;764910300 - TRANSFERÊNCIAS VOLU - ENCAMINHADO PARA DECISÃO DO ORDENADOR DE DESPESA;011417                                  ;-8333,2
;015201 - FUNDACAO DE APOIO A PESQUISA DO DF                ;="150201";150201 - FUNDAÇÃO DE APOIO A PESQUISA DO DF - FAP          ;764910300 - TRANSFERÊNCIAS VOLU - ENCAMINHADO PARA DECISÃO DO ORDENADOR DE DESPESA;011421                                  ;-7875
;015201 - FUNDACAO DE APOIO A PESQUISA DO DF                ;="150201";150201 - FUNDAÇÃO DE APOIO A PESQUISA DO DF - FAP          ;764910300 - TRANSFERÊNCIAS VOLU - ENCAMINHADO PARA DECISÃO DO ORDENADOR DE DESPESA;011423                                  ;-3000
;015201 - FUNDACAO DE APOIO A PESQUISA DO DF                ;="150201";150201 - FUNDAÇÃO DE APOIO A PESQUISA DO DF - FAP          ;764910300 - TRANSFERÊNCIAS VOLU - ENCAMINHADO PARA DECISÃO DO ORDENADOR DE DESPESA;011424                                  ;-6300
;015201 - FUNDACAO DE APOIO A PESQUISA DO DF                ;="150201";150201 - FUNDAÇÃO DE APOIO A PESQUISA DO DF - FAP          ;764910300 - TRANSFERÊNCIAS VOLU - ENCAMINHADO PARA DECISÃO DO ORDENADOR DE DESPESA;011425                                  ;-2550
;015201 - FUNDACAO DE APOIO A PESQUISA DO DF                ;="150201";150201 - FUNDAÇÃO DE APOIO A PESQUISA DO DF - FAP          ;764910300 - TRANSFERÊNCIAS VOLU - ENCAMINHADO PARA DECISÃO DO ORDENADOR DE DESPESA;011428                                  ;-9832
;015201 - FUNDACAO DE APOIO A PESQUISA DO DF                ;="150201";150201 - FUNDAÇÃO DE APOIO A PESQUISA DO DF - FAP          ;764910300 - TRANSFERÊNCIAS VOLU - ENCAMINHADO PARA DECISÃO DO ORDENADOR DE DESPESA;011429                                  ;-8150
;015201 - FUNDACAO DE APOIO A PESQUISA DO DF                ;="150201";150201 - FUNDAÇÃO DE APOIO A PESQUISA DO DF - FAP          ;764910300 - TRANSFERÊNCIAS VOLU - ENCAMINHADO PARA DECISÃO DO ORDENADOR DE DESPESA;011434                                  ;-8456,8
;015201 - FUNDACAO DE APOIO A PESQUISA DO DF                ;="150201";150201 - FUNDAÇÃO DE APOIO A PESQUISA DO DF - FAP          ;764910300 - TRANSFERÊNCIAS VOLU - ENCAMINHADO PARA DECISÃO DO ORDENADOR DE DESPESA;011435                                  ;-202205
;015201 - FUNDACAO DE APOIO A PESQUISA DO DF                ;="150201";150201 - FUNDAÇÃO DE APOIO A PESQUISA DO DF - FAP          ;764910300 - TRANSFERÊNCIAS VOLU - ENCAMINHADO PARA DECISÃO DO ORDENADOR DE DESPESA;011437                                  ;-9895,54
;015201 - FUNDACAO DE APOIO A PESQUISA DO DF                ;="150201";150201 - FUNDAÇÃO DE APOIO A PESQUISA DO DF - FAP          ;764910300 - TRANSFERÊNCIAS VOLU - ENCAMINHADO PARA DECISÃO DO ORDENADOR DE DESPESA;011440                                  ;-9971,25
;015201 - FUNDACAO DE APOIO A PESQUISA DO DF                ;="150201";150201 - FUNDAÇÃO DE APOIO A PESQUISA DO DF - FAP          ;764910300 - TRANSFERÊNCIAS VOLU - ENCAMINHADO PARA DECISÃO DO ORDENADOR DE DESPESA;011441                                  ;-9240
;015201 - FUNDACAO DE APOIO A PESQUISA DO DF                ;="150201";150201 - FUNDAÇÃO DE APOIO A PESQUISA DO DF - FAP          ;764910300 - TRANSFERÊNCIAS VOLU - ENCAMINHADO PARA DECISÃO DO ORDENADOR DE DESPESA;011443                                  ;-2200
;015201 - FUNDACAO DE APOIO A PESQUISA DO DF                ;="150201";150201 - FUNDAÇÃO DE APOIO A PESQUISA DO DF - FAP          ;764910300 - TRANSFERÊNCIAS VOLU - ENCAMINHADO PARA DECISÃO DO ORDENADOR DE DESPESA;011445                                  ;-2640
;015201 - FUNDACAO DE APOIO A PESQUISA DO DF                ;="150201";150201 - FUNDAÇÃO DE APOIO A PESQUISA DO DF - FAP          ;764910300 - TRANSFERÊNCIAS VOLU - ENCAMINHADO PARA DECISÃO DO ORDENADOR DE DESPESA;011448                                  ;-9984
;015201 - FUNDACAO DE APOIO A PESQUISA DO DF                ;="150201";150201 - FUNDAÇÃO DE APOIO A PESQUISA DO DF - FAP          ;764910300 - TRANSFERÊNCIAS VOLU - ENCAMINHADO PARA DECISÃO DO ORDENADOR DE DESPESA;011449                                  ;-9984
;015201 - FUNDACAO DE APOIO A PESQUISA DO DF                ;="150201";150201 - FUNDAÇÃO DE APOIO A PESQUISA DO DF - FAP          ;764910300 - TRANSFERÊNCIAS VOLU - ENCAMINHADO PARA DECISÃO DO ORDENADOR DE DESPESA;011458                                  ;-2950
;015201 - FUNDACAO DE APOIO A PESQUISA DO DF                ;="150201";150201 - FUNDAÇÃO DE APOIO A PESQUISA DO DF - FAP          ;764910300 - TRANSFERÊNCIAS VOLU - ENCAMINHADO PARA DECISÃO DO ORDENADOR DE DESPESA;011465                                  ;-8600
;015201 - FUNDACAO DE APOIO A PESQUISA DO DF                ;="150201";150201 - FUNDAÇÃO DE APOIO A PESQUISA DO DF - FAP          ;764910300 - TRANSFERÊNCIAS VOLU - ENCAMINHADO PARA DECISÃO DO ORDENADOR DE DESPESA;011476                                  ;-3829,5
;015201 - FUNDACAO DE APOIO A PESQUISA DO DF                ;="150201";150201 - FUNDAÇÃO DE APOIO A PESQUISA DO DF - FAP          ;764910300 - TRANSFERÊNCIAS VOLU - ENCAMINHADO PARA DECISÃO DO ORDENADOR DE DESPESA;011482                                  ;-32250
;015201 - FUNDACAO DE APOIO A PESQUISA DO DF                ;="150201";150201 - FUNDAÇÃO DE APOIO A PESQUISA DO DF - FAP          ;764910300 - TRANSFERÊNCIAS VOLU - ENCAMINHADO PARA DECISÃO DO ORDENADOR DE DESPESA;011490                                  ;-1723,46
;015201 - FUNDACAO DE APOIO A PESQUISA DO DF                ;="150201";150201 - FUNDAÇÃO DE APOIO A PESQUISA DO DF - FAP          ;764910300 - TRANSFERÊNCIAS VOLU - ENCAMINHADO PARA DECISÃO DO ORDENADOR DE DESPESA;011491                                  ;-3000
;015201 - FUNDACAO DE APOIO A PESQUISA DO DF                ;="150201";150201 - FUNDAÇÃO DE APOIO A PESQUISA DO DF - FAP          ;764910300 - TRANSFERÊNCIAS VOLU - ENCAMINHADO PARA DECISÃO DO ORDENADOR DE DESPESA;011494                                  ;-42000
;015201 - FUNDACAO DE APOIO A PESQUISA DO DF                ;="150201";150201 - FUNDAÇÃO DE APOIO A PESQUISA DO DF - FAP          ;764910300 - TRANSFERÊNCIAS VOLU - ENCAMINHADO PARA DECISÃO DO ORDENADOR DE DESPESA;011496                                  ;-9998
;015201 - FUNDACAO DE APOIO A PESQUISA DO DF                ;="150201";150201 - FUNDAÇÃO DE APOIO A PESQUISA DO DF - FAP          ;764910300 - TRANSFERÊNCIAS VOLU - ENCAMINHADO PARA DECISÃO DO ORDENADOR DE DESPESA;011497                                  ;-10000
;015201 - FUNDACAO DE APOIO A PESQUISA DO DF                ;="150201";150201 - FUNDAÇÃO DE APOIO A PESQUISA DO DF - FAP          ;764910300 - TRANSFERÊNCIAS VOLU - ENCAMINHADO PARA DECISÃO DO ORDENADOR DE DESPESA;011501                                  ;-9574
;015201 - FUNDACAO DE APOIO A PESQUISA DO DF                ;="150201";150201 - FUNDAÇÃO DE APOIO A PESQUISA DO DF - FAP          ;764910300 - TRANSFERÊNCIAS VOLU - ENCAMINHADO PARA DECISÃO DO ORDENADOR DE DESPESA;011502                                  ;-2250
;015201 - FUNDACAO DE APOIO A PESQUISA DO DF                ;="150201";150201 - FUNDAÇÃO DE APOIO A PESQUISA DO DF - FAP          ;764910300 - TRANSFERÊNCIAS VOLU - ENCAMINHADO PARA DECISÃO DO ORDENADOR DE DESPESA;011503                                  ;-9938,4
;015201 - FUNDACAO DE APOIO A PESQUISA DO DF                ;="150201";150201 - FUNDAÇÃO DE APOIO A PESQUISA DO DF - FAP          ;764910300 - TRANSFERÊNCIAS VOLU - ENCAMINHADO PARA DECISÃO DO ORDENADOR DE DESPESA;011504                                  ;-2250
;015201 - FUNDACAO DE APOIO A PESQUISA DO DF                ;="150201";150201 - FUNDAÇÃO DE APOIO A PESQUISA DO DF - FAP          ;764910300 - TRANSFERÊNCIAS VOLU - ENCAMINHADO PARA DECISÃO DO ORDENADOR DE DESPESA;011506                                  ;-9965,92
;015201 - FUNDACAO DE APOIO A PESQUISA DO DF                ;="150201";150201 - FUNDAÇÃO DE APOIO A PESQUISA DO DF - FAP          ;764910300 - TRANSFERÊNCIAS VOLU - ENCAMINHADO PARA DECISÃO DO ORDENADOR DE DESPESA;011508                                  ;-46400
;015201 - FUNDACAO DE APOIO A PESQUISA DO DF                ;="150201";150201 - FUNDAÇÃO DE APOIO A PESQUISA DO DF - FAP          ;764910300 - TRANSFERÊNCIAS VOLU - ENCAMINHADO PARA DECISÃO DO ORDENADOR DE DESPESA;011511                                  ;-10000
;015201 - FUNDACAO DE APOIO A PESQUISA DO DF                ;="150201";150201 - FUNDAÇÃO DE APOIO A PESQUISA DO DF - FAP          ;764910300 - TRANSFERÊNCIAS VOLU - ENCAMINHADO PARA DECISÃO DO ORDENADOR DE DESPESA;011513                                  ;-3504
;015201 - FUNDACAO DE APOIO A PESQUISA DO DF                ;="150201";150201 - FUNDAÇÃO DE APOIO A PESQUISA DO DF - FAP          ;764910300 - TRANSFERÊNCIAS VOLU - ENCAMINHADO PARA DECISÃO DO ORDENADOR DE DESPESA;011516                                  ;-2743,6
;015201 - FUNDACAO DE APOIO A PESQUISA DO DF                ;="150201";150201 - FUNDAÇÃO DE APOIO A PESQUISA DO DF - FAP          ;764910300 - TRANSFERÊNCIAS VOLU - ENCAMINHADO PARA DECISÃO DO ORDENADOR DE DESPESA;011517                                  ;-9274
;015201 - FUNDACAO DE APOIO A PESQUISA DO DF                ;="150201";150201 - FUNDAÇÃO DE APOIO A PESQUISA DO DF - FAP          ;764910300 - TRANSFERÊNCIAS VOLU - ENCAMINHADO PARA DECISÃO DO ORDENADOR DE DESPESA;011519                                  ;-2600
;015201 - FUNDACAO DE APOIO A PESQUISA DO DF                ;="150201";150201 - FUNDAÇÃO DE APOIO A PESQUISA DO DF - FAP          ;764910300 - TRANSFERÊNCIAS VOLU - ENCAMINHADO PARA DECISÃO DO ORDENADOR DE DESPESA;011520                                  ;-9021
;015201 - FUNDACAO DE APOIO A PESQUISA DO DF                ;="150201";150201 - FUNDAÇÃO DE APOIO A PESQUISA DO DF - FAP          ;764910300 - TRANSFERÊNCIAS VOLU - ENCAMINHADO PARA DECISÃO DO ORDENADOR DE DESPESA;011522                                  ;-83785
;015201 - FUNDACAO DE APOIO A PESQUISA DO DF                ;="150201";150201 - FUNDAÇÃO DE APOIO A PESQUISA DO DF - FAP          ;764910300 - TRANSFERÊNCIAS VOLU - ENCAMINHADO PARA DECISÃO DO ORDENADOR DE DESPESA;011523                                  ;-22596,6
;015201 - FUNDACAO DE APOIO A PESQUISA DO DF                ;="150201";150201 - FUNDAÇÃO DE APOIO A PESQUISA DO DF - FAP          ;764910300 - TRANSFERÊNCIAS VOLU - ENCAMINHADO PARA DECISÃO DO ORDENADOR DE DESPESA;011524                                  ;-47533,85
;015201 - FUNDACAO DE APOIO A PESQUISA DO DF                ;="150201";150201 - FUNDAÇÃO DE APOIO A PESQUISA DO DF - FAP          ;764910300 - TRANSFERÊNCIAS VOLU - ENCAMINHADO PARA DECISÃO DO ORDENADOR DE DESPESA;011526                                  ;-52367,25
;015201 - FUNDACAO DE APOIO A PESQUISA DO DF                ;="150201";150201 - FUNDAÇÃO DE APOIO A PESQUISA DO DF - FAP          ;764910300 - TRANSFERÊNCIAS VOLU - ENCAMINHADO PARA DECISÃO DO ORDENADOR DE DESPESA;011527                                  ;-2248
;015201 - FUNDACAO DE APOIO A PESQUISA DO DF                ;="150201";150201 - FUNDAÇÃO DE APOIO A PESQUISA DO DF - FAP          ;764910300 - TRANSFERÊNCIAS VOLU - ENCAMINHADO PARA DECISÃO DO ORDENADOR DE DESPESA;011528                                  ;-7736,1
;015201 - FUNDACAO DE APOIO A PESQUISA DO DF                ;="150201";150201 - FUNDAÇÃO DE APOIO A PESQUISA DO DF - FAP          ;764910300 - TRANSFERÊNCIAS VOLU - ENCAMINHADO PARA DECISÃO DO ORDENADOR DE DESPESA;011534                                  ;-7894
;015201 - FUNDACAO DE APOIO A PESQUISA DO DF                ;="150201";150201 - FUNDAÇÃO DE APOIO A PESQUISA DO DF - FAP          ;764910300 - TRANSFERÊNCIAS VOLU - ENCAMINHADO PARA DECISÃO DO ORDENADOR DE DESPESA;011535                                  ;-2950
;015201 - FUNDACAO DE APOIO A PESQUISA DO DF                ;="150201";150201 - FUNDAÇÃO DE APOIO A PESQUISA DO DF - FAP          ;764910300 - TRANSFERÊNCIAS VOLU - ENCAMINHADO PARA DECISÃO DO ORDENADOR DE DESPESA;011537                                  ;-2400
;015201 - FUNDACAO DE APOIO A PESQUISA DO DF                ;="150201";150201 - FUNDAÇÃO DE APOIO A PESQUISA DO DF - FAP          ;764910300 - TRANSFERÊNCIAS VOLU - ENCAMINHADO PARA DECISÃO DO ORDENADOR DE DESPESA;011538                                  ;-9999,8
;015201 - FUNDACAO DE APOIO A PESQUISA DO DF                ;="150201";150201 - FUNDAÇÃO DE APOIO A PESQUISA DO DF - FAP          ;764910300 - TRANSFERÊNCIAS VOLU - ENCAMINHADO PARA DECISÃO DO ORDENADOR DE DESPESA;011539                                  ;-7291
;015201 - FUNDACAO DE APOIO A PESQUISA DO DF                ;="150201";150201 - FUNDAÇÃO DE APOIO A PESQUISA DO DF - FAP          ;764910300 - TRANSFERÊNCIAS VOLU - ENCAMINHADO PARA DECISÃO DO ORDENADOR DE DESPESA;011540                                  ;-2400
;015201 - FUNDACAO DE APOIO A PESQUISA DO DF                ;="150201";150201 - FUNDAÇÃO DE APOIO A PESQUISA DO DF - FAP          ;764910300 - TRANSFERÊNCIAS VOLU - ENCAMINHADO PARA DECISÃO DO ORDENADOR DE DESPESA;011545                                  ;-8582
;015201 - FUNDACAO DE APOIO A PESQUISA DO DF                ;="150201";150201 - FUNDAÇÃO DE APOIO A PESQUISA DO DF - FAP          ;764910300 - TRANSFERÊNCIAS VOLU - ENCAMINHADO PARA DECISÃO DO ORDENADOR DE DESPESA;011547                                  ;-9194,9
;015201 - FUNDACAO DE APOIO A PESQUISA DO DF                ;="150201";150201 - FUNDAÇÃO DE APOIO A PESQUISA DO DF - FAP          ;764910300 - TRANSFERÊNCIAS VOLU - ENCAMINHADO PARA DECISÃO DO ORDENADOR DE DESPESA;011548                                  ;-8685
;015201 - FUNDACAO DE APOIO A PESQUISA DO DF                ;="150201";150201 - FUNDAÇÃO DE APOIO A PESQUISA DO DF - FAP          ;764910300 - TRANSFERÊNCIAS VOLU - ENCAMINHADO PARA DECISÃO DO ORDENADOR DE DESPESA;011549                                  ;-7255
;015201 - FUNDACAO DE APOIO A PESQUISA DO DF                ;="150201";150201 - FUNDAÇÃO DE APOIO A PESQUISA DO DF - FAP          ;764910300 - TRANSFERÊNCIAS VOLU - ENCAMINHADO PARA DECISÃO DO ORDENADOR DE DESPESA;011555                                  ;-48754,5
;015201 - FUNDACAO DE APOIO A PESQUISA DO DF                ;="150201";150201 - FUNDAÇÃO DE APOIO A PESQUISA DO DF - FAP          ;764910300 - TRANSFERÊNCIAS VOLU - ENCAMINHADO PARA DECISÃO DO ORDENADOR DE DESPESA;011556                                  ;-3000
;015201 - FUNDACAO DE APOIO A PESQUISA DO DF                ;="150201";150201 - FUNDAÇÃO DE APOIO A PESQUISA DO DF - FAP          ;764910300 - TRANSFERÊNCIAS VOLU - ENCAMINHADO PARA DECISÃO DO ORDENADOR DE DESPESA;011559                                  ;-8685
;015201 - FUNDACAO DE APOIO A PESQUISA DO DF                ;="150201";150201 - FUNDAÇÃO DE APOIO A PESQUISA DO DF - FAP          ;764910300 - TRANSFERÊNCIAS VOLU - ENCAMINHADO PARA DECISÃO DO ORDENADOR DE DESPESA;011561                                  ;-2250
;015201 - FUNDACAO DE APOIO A PESQUISA DO DF                ;="150201";150201 - FUNDAÇÃO DE APOIO A PESQUISA DO DF - FAP          ;764910300 - TRANSFERÊNCIAS VOLU - ENCAMINHADO PARA DECISÃO DO ORDENADOR DE DESPESA;011562                                  ;-9999,99
;015201 - FUNDACAO DE APOIO A PESQUISA DO DF                ;="150201";150201 - FUNDAÇÃO DE APOIO A PESQUISA DO DF - FAP          ;764910300 - TRANSFERÊNCIAS VOLU - ENCAMINHADO PARA DECISÃO DO ORDENADOR DE DESPESA;011564                                  ;-25740
;015201 - FUNDACAO DE APOIO A PESQUISA DO DF                ;="150201";150201 - FUNDAÇÃO DE APOIO A PESQUISA DO DF - FAP          ;764910300 - TRANSFERÊNCIAS VOLU - ENCAMINHADO PARA DECISÃO DO ORDENADOR DE DESPESA;011568                                  ;-10000
;015201 - FUNDACAO DE APOIO A PESQUISA DO DF                ;="150201";150201 - FUNDAÇÃO DE APOIO A PESQUISA DO DF - FAP          ;764910300 - TRANSFERÊNCIAS VOLU - ENCAMINHADO PARA DECISÃO DO ORDENADOR DE DESPESA;011575                                  ;-10000
;015201 - FUNDACAO DE APOIO A PESQUISA DO DF                ;="150201";150201 - FUNDAÇÃO DE APOIO A PESQUISA DO DF - FAP          ;764910300 - TRANSFERÊNCIAS VOLU - ENCAMINHADO PARA DECISÃO DO ORDENADOR DE DESPESA;011576                                  ;-7528
;015201 - FUNDACAO DE APOIO A PESQUISA DO DF                ;="150201";150201 - FUNDAÇÃO DE APOIO A PESQUISA DO DF - FAP          ;764910300 - TRANSFERÊNCIAS VOLU - ENCAMINHADO PARA DECISÃO DO ORDENADOR DE DESPESA;011577                                  ;-9229,6
;015201 - FUNDACAO DE APOIO A PESQUISA DO DF                ;="150201";150201 - FUNDAÇÃO DE APOIO A PESQUISA DO DF - FAP          ;764910300 - TRANSFERÊNCIAS VOLU - ENCAMINHADO PARA DECISÃO DO ORDENADOR DE DESPESA;011578                                  ;-9984,5
;015201 - FUNDACAO DE APOIO A PESQUISA DO DF                ;="150201";150201 - FUNDAÇÃO DE APOIO A PESQUISA DO DF - FAP          ;764910300 - TRANSFERÊNCIAS VOLU - ENCAMINHADO PARA DECISÃO DO ORDENADOR DE DESPESA;011579                                  ;-9574,37
;015201 - FUNDACAO DE APOIO A PESQUISA DO DF                ;="150201";150201 - FUNDAÇÃO DE APOIO A PESQUISA DO DF - FAP          ;764910300 - TRANSFERÊNCIAS VOLU - ENCAMINHADO PARA DECISÃO DO ORDENADOR DE DESPESA;011580                                  ;-8492,3
;015201 - FUNDACAO DE APOIO A PESQUISA DO DF                ;="150201";150201 - FUNDAÇÃO DE APOIO A PESQUISA DO DF - FAP          ;764910300 - TRANSFERÊNCIAS VOLU - ENCAMINHADO PARA DECISÃO DO ORDENADOR DE DESPESA;011581                                  ;-10000
;015201 - FUNDACAO DE APOIO A PESQUISA DO DF                ;="150201";150201 - FUNDAÇÃO DE APOIO A PESQUISA DO DF - FAP          ;764910300 - TRANSFERÊNCIAS VOLU - ENCAMINHADO PARA DECISÃO DO ORDENADOR DE DESPESA;011585                                  ;-1300
;015201 - FUNDACAO DE APOIO A PESQUISA DO DF                ;="150201";150201 - FUNDAÇÃO DE APOIO A PESQUISA DO DF - FAP          ;764910300 - TRANSFERÊNCIAS VOLU - ENCAMINHADO PARA DECISÃO DO ORDENADOR DE DESPESA;011588                                  ;-2700
;015201 - FUNDACAO DE APOIO A PESQUISA DO DF                ;="150201";150201 - FUNDAÇÃO DE APOIO A PESQUISA DO DF - FAP          ;764910300 - TRANSFERÊNCIAS VOLU - ENCAMINHADO PARA DECISÃO DO ORDENADOR DE DESPESA;011591                                  ;-7867
;015201 - FUNDACAO DE APOIO A PESQUISA DO DF                ;="150201";150201 - FUNDAÇÃO DE APOIO A PESQUISA DO DF - FAP          ;764910300 - TRANSFERÊNCIAS VOLU - ENCAMINHADO PARA DECISÃO DO ORDENADOR DE DESPESA;011592                                  ;-9022
;015201 - FUNDACAO DE APOIO A PESQUISA DO DF                ;="150201";150201 - FUNDAÇÃO DE APOIO A PESQUISA DO DF - FAP          ;764910300 - TRANSFERÊNCIAS VOLU - ENCAMINHADO PARA DECISÃO DO ORDENADOR DE DESPESA;011593                                  ;-5472,6
;015201 - FUNDACAO DE APOIO A PESQUISA DO DF                ;="150201";150201 - FUNDAÇÃO DE APOIO A PESQUISA DO DF - FAP          ;764910300 - TRANSFERÊNCIAS VOLU - ENCAMINHADO PARA DECISÃO DO ORDENADOR DE DESPESA;011595                                  ;-8728,43
;015201 - FUNDACAO DE APOIO A PESQUISA DO DF                ;="150201";150201 - FUNDAÇÃO DE APOIO A PESQUISA DO DF - FAP          ;764910300 - TRANSFERÊNCIAS VOLU - ENCAMINHADO PARA DECISÃO DO ORDENADOR DE DESPESA;011599                                  ;-2100
;015201 - FUNDACAO DE APOIO A PESQUISA DO DF                ;="150201";150201 - FUNDAÇÃO DE APOIO A PESQUISA DO DF - FAP          ;764910300 - TRANSFERÊNCIAS VOLU - ENCAMINHADO PARA DECISÃO DO ORDENADOR DE DESPESA;011601                                  ;-30550
;015201 - FUNDACAO DE APOIO A PESQUISA DO DF                ;="150201";150201 - FUNDAÇÃO DE APOIO A PESQUISA DO DF - FAP          ;764910300 - TRANSFERÊNCIAS VOLU - ENCAMINHADO PARA DECISÃO DO ORDENADOR DE DESPESA;011605                                  ;-6730
;015201 - FUNDACAO DE APOIO A PESQUISA DO DF                ;="150201";150201 - FUNDAÇÃO DE APOIO A PESQUISA DO DF - FAP          ;764910300 - TRANSFERÊNCIAS VOLU - ENCAMINHADO PARA DECISÃO DO ORDENADOR DE DESPESA;011607                                  ;-34389,32
;015201 - FUNDACAO DE APOIO A PESQUISA DO DF                ;="150201";150201 - FUNDAÇÃO DE APOIO A PESQUISA DO DF - FAP          ;764910300 - TRANSFERÊNCIAS VOLU - ENCAMINHADO PARA DECISÃO DO ORDENADOR DE DESPESA;011608                                  ;-8480
;015201 - FUNDACAO DE APOIO A PESQUISA DO DF                ;="150201";150201 - FUNDAÇÃO DE APOIO A PESQUISA DO DF - FAP          ;764910300 - TRANSFERÊNCIAS VOLU - ENCAMINHADO PARA DECISÃO DO ORDENADOR DE DESPESA;011609                                  ;-5037,32
;015201 - FUNDACAO DE APOIO A PESQUISA DO DF                ;="150201";150201 - FUNDAÇÃO DE APOIO A PESQUISA DO DF - FAP          ;764910300 - TRANSFERÊNCIAS VOLU - ENCAMINHADO PARA DECISÃO DO ORDENADOR DE DESPESA;011617                                  ;-210000
;015201 - FUNDACAO DE APOIO A PESQUISA DO DF                ;="150201";150201 - FUNDAÇÃO DE APOIO A PESQUISA DO DF - FAP          ;764910300 - TRANSFERÊNCIAS VOLU - ENCAMINHADO PARA DECISÃO DO ORDENADOR DE DESPESA;011620                                  ;-3020
;015201 - FUNDACAO DE APOIO A PESQUISA DO DF                ;="150201";150201 - FUNDAÇÃO DE APOIO A PESQUISA DO DF - FAP          ;764910300 - TRANSFERÊNCIAS VOLU - ENCAMINHADO PARA DECISÃO DO ORDENADOR DE DESPESA;011625                                  ;-3000
;015201 - FUNDACAO DE APOIO A PESQUISA DO DF                ;="150201";150201 - FUNDAÇÃO DE APOIO A PESQUISA DO DF - FAP          ;764910300 - TRANSFERÊNCIAS VOLU - ENCAMINHADO PARA DECISÃO DO ORDENADOR DE DESPESA;011636                                  ;-9974
;015201 - FUNDACAO DE APOIO A PESQUISA DO DF                ;="150201";150201 - FUNDAÇÃO DE APOIO A PESQUISA DO DF - FAP          ;764910300 - TRANSFERÊNCIAS VOLU - ENCAMINHADO PARA DECISÃO DO ORDENADOR DE DESPESA;011638                                  ;-2200
;015201 - FUNDACAO DE APOIO A PESQUISA DO DF                ;="150201";150201 - FUNDAÇÃO DE APOIO A PESQUISA DO DF - FAP          ;764910300 - TRANSFERÊNCIAS VOLU - ENCAMINHADO PARA DECISÃO DO ORDENADOR DE DESPESA;011640                                  ;-1850
;015201 - FUNDACAO DE APOIO A PESQUISA DO DF                ;="150201";150201 - FUNDAÇÃO DE APOIO A PESQUISA DO DF - FAP          ;764910300 - TRANSFERÊNCIAS VOLU - ENCAMINHADO PARA DECISÃO DO ORDENADOR DE DESPESA;011643                                  ;-11315,46
;015201 - FUNDACAO DE APOIO A PESQUISA DO DF                ;="150201";150201 - FUNDAÇÃO DE APOIO A PESQUISA DO DF - FAP          ;764910300 - TRANSFERÊNCIAS VOLU - ENCAMINHADO PARA DECISÃO DO ORDENADOR DE DESPESA;011645                                  ;-9930
;015201 - FUNDACAO DE APOIO A PESQUISA DO DF                ;="150201";150201 - FUNDAÇÃO DE APOIO A PESQUISA DO DF - FAP          ;764910300 - TRANSFERÊNCIAS VOLU - ENCAMINHADO PARA DECISÃO DO ORDENADOR DE DESPESA;011646                                  ;-8672
;015201 - FUNDACAO DE APOIO A PESQUISA DO DF                ;="150201";150201 - FUNDAÇÃO DE APOIO A PESQUISA DO DF - FAP          ;764910300 - TRANSFERÊNCIAS VOLU - ENCAMINHADO PARA DECISÃO DO ORDENADOR DE DESPESA;011647                                  ;-8672
;015201 - FUNDACAO DE APOIO A PESQUISA DO DF                ;="150201";150201 - FUNDAÇÃO DE APOIO A PESQUISA DO DF - FAP          ;764910300 - TRANSFERÊNCIAS VOLU - ENCAMINHADO PARA DECISÃO DO ORDENADOR DE DESPESA;011648                                  ;-10000
;015201 - FUNDACAO DE APOIO A PESQUISA DO DF                ;="150201";150201 - FUNDAÇÃO DE APOIO A PESQUISA DO DF - FAP          ;764910300 - TRANSFERÊNCIAS VOLU - ENCAMINHADO PARA DECISÃO DO ORDENADOR DE DESPESA;011651                                  ;-9600
;015201 - FUNDACAO DE APOIO A PESQUISA DO DF                ;="150201";150201 - FUNDAÇÃO DE APOIO A PESQUISA DO DF - FAP          ;764910300 - TRANSFERÊNCIAS VOLU - ENCAMINHADO PARA DECISÃO DO ORDENADOR DE DESPESA;011652                                  ;-6810
;015201 - FUNDACAO DE APOIO A PESQUISA DO DF                ;="150201";150201 - FUNDAÇÃO DE APOIO A PESQUISA DO DF - FAP          ;764910300 - TRANSFERÊNCIAS VOLU - ENCAMINHADO PARA DECISÃO DO ORDENADOR DE DESPESA;011656                                  ;-8520
;015201 - FUNDACAO DE APOIO A PESQUISA DO DF                ;="150201";150201 - FUNDAÇÃO DE APOIO A PESQUISA DO DF - FAP          ;764910300 - TRANSFERÊNCIAS VOLU - ENCAMINHADO PARA DECISÃO DO ORDENADOR DE DESPESA;011657                                  ;-9873,9
;015201 - FUNDACAO DE APOIO A PESQUISA DO DF                ;="150201";150201 - FUNDAÇÃO DE APOIO A PESQUISA DO DF - FAP          ;764910300 - TRANSFERÊNCIAS VOLU - ENCAMINHADO PARA DECISÃO DO ORDENADOR DE DESPESA;011658                                  ;-8157,5
;015201 - FUNDACAO DE APOIO A PESQUISA DO DF                ;="150201";150201 - FUNDAÇÃO DE APOIO A PESQUISA DO DF - FAP          ;764910300 - TRANSFERÊNCIAS VOLU - ENCAMINHADO PARA DECISÃO DO ORDENADOR DE DESPESA;011659                                  ;-3500
;015201 - FUNDACAO DE APOIO A PESQUISA DO DF                ;="150201";150201 - FUNDAÇÃO DE APOIO A PESQUISA DO DF - FAP          ;764910300 - TRANSFERÊNCIAS VOLU - ENCAMINHADO PARA DECISÃO DO ORDENADOR DE DESPESA;011660                                  ;-8383
;015201 - FUNDACAO DE APOIO A PESQUISA DO DF                ;="150201";150201 - FUNDAÇÃO DE APOIO A PESQUISA DO DF - FAP          ;764910300 - TRANSFERÊNCIAS VOLU - ENCAMINHADO PARA DECISÃO DO ORDENADOR DE DESPESA;011662                                  ;-9961
;015201 - FUNDACAO DE APOIO A PESQUISA DO DF                ;="150201";150201 - FUNDAÇÃO DE APOIO A PESQUISA DO DF - FAP          ;764910300 - TRANSFERÊNCIAS VOLU - ENCAMINHADO PARA DECISÃO DO ORDENADOR DE DESPESA;011667                                  ;-10000
;015201 - FUNDACAO DE APOIO A PESQUISA DO DF                ;="150201";150201 - FUNDAÇÃO DE APOIO A PESQUISA DO DF - FAP          ;764910300 - TRANSFERÊNCIAS VOLU - ENCAMINHADO PARA DECISÃO DO ORDENADOR DE DESPESA;011669                                  ;-5081,15
;015201 - FUNDACAO DE APOIO A PESQUISA DO DF                ;="150201";150201 - FUNDAÇÃO DE APOIO A PESQUISA DO DF - FAP          ;764910300 - TRANSFERÊNCIAS VOLU - ENCAMINHADO PARA DECISÃO DO ORDENADOR DE DESPESA;011670                                  ;-7190
;015201 - FUNDACAO DE APOIO A PESQUISA DO DF                ;="150201";150201 - FUNDAÇÃO DE APOIO A PESQUISA DO DF - FAP          ;764910300 - TRANSFERÊNCIAS VOLU - ENCAMINHADO PARA DECISÃO DO ORDENADOR DE DESPESA;011671                                  ;-3500
;015201 - FUNDACAO DE APOIO A PESQUISA DO DF                ;="150201";150201 - FUNDAÇÃO DE APOIO A PESQUISA DO DF - FAP          ;764910300 - TRANSFERÊNCIAS VOLU - ENCAMINHADO PARA DECISÃO DO ORDENADOR DE DESPESA;011677                                  ;-10000
;015201 - FUNDACAO DE APOIO A PESQUISA DO DF                ;="150201";150201 - FUNDAÇÃO DE APOIO A PESQUISA DO DF - FAP          ;764910300 - TRANSFERÊNCIAS VOLU - ENCAMINHADO PARA DECISÃO DO ORDENADOR DE DESPESA;011681                                  ;-24410
;015201 - FUNDACAO DE APOIO A PESQUISA DO DF                ;="150201";150201 - FUNDAÇÃO DE APOIO A PESQUISA DO DF - FAP          ;764910300 - TRANSFERÊNCIAS VOLU - ENCAMINHADO PARA DECISÃO DO ORDENADOR DE DESPESA;011683                                  ;-9995
;015201 - FUNDACAO DE APOIO A PESQUISA DO DF                ;="150201";150201 - FUNDAÇÃO DE APOIO A PESQUISA DO DF - FAP          ;764910300 - TRANSFERÊNCIAS VOLU - ENCAMINHADO PARA DECISÃO DO ORDENADOR DE DESPESA;011686                                  ;-2400
;015201 - FUNDACAO DE APOIO A PESQUISA DO DF                ;="150201";150201 - FUNDAÇÃO DE APOIO A PESQUISA DO DF - FAP          ;764910300 - TRANSFERÊNCIAS VOLU - ENCAMINHADO PARA DECISÃO DO ORDENADOR DE DESPESA;011687                                  ;-10000
;015201 - FUNDACAO DE APOIO A PESQUISA DO DF                ;="150201";150201 - FUNDAÇÃO DE APOIO A PESQUISA DO DF - FAP          ;764910300 - TRANSFERÊNCIAS VOLU - ENCAMINHADO PARA DECISÃO DO ORDENADOR DE DESPESA;011688                                  ;-9998
;015201 - FUNDACAO DE APOIO A PESQUISA DO DF                ;="150201";150201 - FUNDAÇÃO DE APOIO A PESQUISA DO DF - FAP          ;764910300 - TRANSFERÊNCIAS VOLU - ENCAMINHADO PARA DECISÃO DO ORDENADOR DE DESPESA;011689                                  ;-29621,29
;015201 - FUNDACAO DE APOIO A PESQUISA DO DF                ;="150201";150201 - FUNDAÇÃO DE APOIO A PESQUISA DO DF - FAP          ;764910300 - TRANSFERÊNCIAS VOLU - ENCAMINHADO PARA DECISÃO DO ORDENADOR DE DESPESA;011696                                  ;-9930
;015201 - FUNDACAO DE APOIO A PESQUISA DO DF                ;="150201";150201 - FUNDAÇÃO DE APOIO A PESQUISA DO DF - FAP          ;764910300 - TRANSFERÊNCIAS VOLU - ENCAMINHADO PARA DECISÃO DO ORDENADOR DE DESPESA;011697                                  ;-9300
;015201 - FUNDACAO DE APOIO A PESQUISA DO DF                ;="150201";150201 - FUNDAÇÃO DE APOIO A PESQUISA DO DF - FAP          ;764910300 - TRANSFERÊNCIAS VOLU - ENCAMINHADO PARA DECISÃO DO ORDENADOR DE DESPESA;011700                                  ;-8559,06
;015201 - FUNDACAO DE APOIO A PESQUISA DO DF                ;="150201";150201 - FUNDAÇÃO DE APOIO A PESQUISA DO DF - FAP          ;764910300 - TRANSFERÊNCIAS VOLU - ENCAMINHADO PARA DECISÃO DO ORDENADOR DE DESPESA;011703                                  ;-10000
;015201 - FUNDACAO DE APOIO A PESQUISA DO DF                ;="150201";150201 - FUNDAÇÃO DE APOIO A PESQUISA DO DF - FAP          ;764910300 - TRANSFERÊNCIAS VOLU - ENCAMINHADO PARA DECISÃO DO ORDENADOR DE DESPESA;011709                                  ;-7243
;015201 - FUNDACAO DE APOIO A PESQUISA DO DF                ;="150201";150201 - FUNDAÇÃO DE APOIO A PESQUISA DO DF - FAP          ;764910300 - TRANSFERÊNCIAS VOLU - ENCAMINHADO PARA DECISÃO DO ORDENADOR DE DESPESA;011710                                  ;-10000
;015201 - FUNDACAO DE APOIO A PESQUISA DO DF                ;="150201";150201 - FUNDAÇÃO DE APOIO A PESQUISA DO DF - FAP          ;764910300 - TRANSFERÊNCIAS VOLU - ENCAMINHADO PARA DECISÃO DO ORDENADOR DE DESPESA;011711                                  ;-8163,45
;015201 - FUNDACAO DE APOIO A PESQUISA DO DF                ;="150201";150201 - FUNDAÇÃO DE APOIO A PESQUISA DO DF - FAP          ;764910300 - TRANSFERÊNCIAS VOLU - ENCAMINHADO PARA DECISÃO DO ORDENADOR DE DESPESA;011712                                  ;-81251
;015201 - FUNDACAO DE APOIO A PESQUISA DO DF                ;="150201";150201 - FUNDAÇÃO DE APOIO A PESQUISA DO DF - FAP          ;764910300 - TRANSFERÊNCIAS VOLU - ENCAMINHADO PARA DECISÃO DO ORDENADOR DE DESPESA;011714                                  ;-9987,25
;015201 - FUNDACAO DE APOIO A PESQUISA DO DF                ;="150201";150201 - FUNDAÇÃO DE APOIO A PESQUISA DO DF - FAP          ;764910300 - TRANSFERÊNCIAS VOLU - ENCAMINHADO PARA DECISÃO DO ORDENADOR DE DESPESA;011715                                  ;-4827
;015201 - FUNDACAO DE APOIO A PESQUISA DO DF                ;="150201";150201 - FUNDAÇÃO DE APOIO A PESQUISA DO DF - FAP          ;764910300 - TRANSFERÊNCIAS VOLU - ENCAMINHADO PARA DECISÃO DO ORDENADOR DE DESPESA;011716                                  ;-10000
;015201 - FUNDACAO DE APOIO A PESQUISA DO DF                ;="150201";150201 - FUNDAÇÃO DE APOIO A PESQUISA DO DF - FAP          ;764910300 - TRANSFERÊNCIAS VOLU - ENCAMINHADO PARA DECISÃO DO ORDENADOR DE DESPESA;011717                                  ;-10000
;015201 - FUNDACAO DE APOIO A PESQUISA DO DF                ;="150201";150201 - FUNDAÇÃO DE APOIO A PESQUISA DO DF - FAP          ;764910300 - TRANSFERÊNCIAS VOLU - ENCAMINHADO PARA DECISÃO DO ORDENADOR DE DESPESA;011718                                  ;-2250
;015201 - FUNDACAO DE APOIO A PESQUISA DO DF                ;="150201";150201 - FUNDAÇÃO DE APOIO A PESQUISA DO DF - FAP          ;764910300 - TRANSFERÊNCIAS VOLU - ENCAMINHADO PARA DECISÃO DO ORDENADOR DE DESPESA;011719                                  ;-8950
;015201 - FUNDACAO DE APOIO A PESQUISA DO DF                ;="150201";150201 - FUNDAÇÃO DE APOIO A PESQUISA DO DF - FAP          ;764910300 - TRANSFERÊNCIAS VOLU - ENCAMINHADO PARA DECISÃO DO ORDENADOR DE DESPESA;011722                                  ;-2951,86
;015201 - FUNDACAO DE APOIO A PESQUISA DO DF                ;="150201";150201 - FUNDAÇÃO DE APOIO A PESQUISA DO DF - FAP          ;764910300 - TRANSFERÊNCIAS VOLU - ENCAMINHADO PARA DECISÃO DO ORDENADOR DE DESPESA;011724                                  ;-3000
;015201 - FUNDACAO DE APOIO A PESQUISA DO DF                ;="150201";150201 - FUNDAÇÃO DE APOIO A PESQUISA DO DF - FAP          ;764910300 - TRANSFERÊNCIAS VOLU - ENCAMINHADO PARA DECISÃO DO ORDENADOR DE DESPESA;011725                                  ;-6100
;015201 - FUNDACAO DE APOIO A PESQUISA DO DF                ;="150201";150201 - FUNDAÇÃO DE APOIO A PESQUISA DO DF - FAP          ;764910300 - TRANSFERÊNCIAS VOLU - ENCAMINHADO PARA DECISÃO DO ORDENADOR DE DESPESA;011728                                  ;-7280
;015201 - FUNDACAO DE APOIO A PESQUISA DO DF                ;="150201";150201 - FUNDAÇÃO DE APOIO A PESQUISA DO DF - FAP          ;764910300 - TRANSFERÊNCIAS VOLU - ENCAMINHADO PARA DECISÃO DO ORDENADOR DE DESPESA;011729                                  ;-2998,8
;015201 - FUNDACAO DE APOIO A PESQUISA DO DF                ;="150201";150201 - FUNDAÇÃO DE APOIO A PESQUISA DO DF - FAP          ;764910300 - TRANSFERÊNCIAS VOLU - ENCAMINHADO PARA DECISÃO DO ORDENADOR DE DESPESA;011731                                  ;-8900
;015201 - FUNDACAO DE APOIO A PESQUISA DO DF                ;="150201";150201 - FUNDAÇÃO DE APOIO A PESQUISA DO DF - FAP          ;764910300 - TRANSFERÊNCIAS VOLU - ENCAMINHADO PARA DECISÃO DO ORDENADOR DE DESPESA;011732                                  ;-21220
;015201 - FUNDACAO DE APOIO A PESQUISA DO DF                ;="150201";150201 - FUNDAÇÃO DE APOIO A PESQUISA DO DF - FAP          ;764910300 - TRANSFERÊNCIAS VOLU - ENCAMINHADO PARA DECISÃO DO ORDENADOR DE DESPESA;011733                                  ;-17150
;015201 - FUNDACAO DE APOIO A PESQUISA DO DF                ;="150201";150201 - FUNDAÇÃO DE APOIO A PESQUISA DO DF - FAP          ;764910300 - TRANSFERÊNCIAS VOLU - ENCAMINHADO PARA DECISÃO DO ORDENADOR DE DESPESA;011734                                  ;-3000
;015201 - FUNDACAO DE APOIO A PESQUISA DO DF                ;="150201";150201 - FUNDAÇÃO DE APOIO A PESQUISA DO DF - FAP          ;764910300 - TRANSFERÊNCIAS VOLU - ENCAMINHADO PARA DECISÃO DO ORDENADOR DE DESPESA;011735                                  ;-9720
;015201 - FUNDACAO DE APOIO A PESQUISA DO DF                ;="150201";150201 - FUNDAÇÃO DE APOIO A PESQUISA DO DF - FAP          ;764910300 - TRANSFERÊNCIAS VOLU - ENCAMINHADO PARA DECISÃO DO ORDENADOR DE DESPESA;011736                                  ;-9975
;015201 - FUNDACAO DE APOIO A PESQUISA DO DF                ;="150201";150201 - FUNDAÇÃO DE APOIO A PESQUISA DO DF - FAP          ;764910300 - TRANSFERÊNCIAS VOLU - ENCAMINHADO PARA DECISÃO DO ORDENADOR DE DESPESA;011748                                  ;-9990
;015201 - FUNDACAO DE APOIO A PESQUISA DO DF                ;="150201";150201 - FUNDAÇÃO DE APOIO A PESQUISA DO DF - FAP          ;764910300 - TRANSFERÊNCIAS VOLU - ENCAMINHADO PARA DECISÃO DO ORDENADOR DE DESPESA;011754                                  ;-10000
;015201 - FUNDACAO DE APOIO A PESQUISA DO DF                ;="150201";150201 - FUNDAÇÃO DE APOIO A PESQUISA DO DF - FAP          ;764910300 - TRANSFERÊNCIAS VOLU - ENCAMINHADO PARA DECISÃO DO ORDENADOR DE DESPESA;011757                                  ;-65300
;015201 - FUNDACAO DE APOIO A PESQUISA DO DF                ;="150201";150201 - FUNDAÇÃO DE APOIO A PESQUISA DO DF - FAP          ;764910300 - TRANSFERÊNCIAS VOLU - ENCAMINHADO PARA DECISÃO DO ORDENADOR DE DESPESA;011758                                  ;-33086
;015201 - FUNDACAO DE APOIO A PESQUISA DO DF                ;="150201";150201 - FUNDAÇÃO DE APOIO A PESQUISA DO DF - FAP          ;764910300 - TRANSFERÊNCIAS VOLU - ENCAMINHADO PARA DECISÃO DO ORDENADOR DE DESPESA;011759                                  ;-35375
;015201 - FUNDACAO DE APOIO A PESQUISA DO DF                ;="150201";150201 - FUNDAÇÃO DE APOIO A PESQUISA DO DF - FAP          ;764910300 - TRANSFERÊNCIAS VOLU - ENCAMINHADO PARA DECISÃO DO ORDENADOR DE DESPESA;011772                                  ;-38809
;015201 - FUNDACAO DE APOIO A PESQUISA DO DF                ;="150201";150201 - FUNDAÇÃO DE APOIO A PESQUISA DO DF - FAP          ;764910300 - TRANSFERÊNCIAS VOLU - ENCAMINHADO PARA DECISÃO DO ORDENADOR DE DESPESA;011773                                  ;-76000
;015201 - FUNDACAO DE APOIO A PESQUISA DO DF                ;="150201";150201 - FUNDAÇÃO DE APOIO A PESQUISA DO DF - FAP          ;764910300 - TRANSFERÊNCIAS VOLU - ENCAMINHADO PARA DECISÃO DO ORDENADOR DE DESPESA;011777                                  ;-36000
;015201 - FUNDACAO DE APOIO A PESQUISA DO DF                ;="150201";150201 - FUNDAÇÃO DE APOIO A PESQUISA DO DF - FAP          ;764910300 - TRANSFERÊNCIAS VOLU - ENCAMINHADO PARA DECISÃO DO ORDENADOR DE DESPESA;011778                                  ;-3000
;015201 - FUNDACAO DE APOIO A PESQUISA DO DF                ;="150201";150201 - FUNDAÇÃO DE APOIO A PESQUISA DO DF - FAP          ;764910300 - TRANSFERÊNCIAS VOLU - ENCAMINHADO PARA DECISÃO DO ORDENADOR DE DESPESA;011792                                  ;-10000
;015201 - FUNDACAO DE APOIO A PESQUISA DO DF                ;="150201";150201 - FUNDAÇÃO DE APOIO A PESQUISA DO DF - FAP          ;764910300 - TRANSFERÊNCIAS VOLU - ENCAMINHADO PARA DECISÃO DO ORDENADOR DE DESPESA;011814                                  ;-190274
;015201 - FUNDACAO DE APOIO A PESQUISA DO DF                ;="150201";150201 - FUNDAÇÃO DE APOIO A PESQUISA DO DF - FAP          ;764910300 - TRANSFERÊNCIAS VOLU - ENCAMINHADO PARA DECISÃO DO ORDENADOR DE DESPESA;011816                                  ;-5782,64
;015201 - FUNDACAO DE APOIO A PESQUISA DO DF                ;="150201";150201 - FUNDAÇÃO DE APOIO A PESQUISA DO DF - FAP          ;764910300 - TRANSFERÊNCIAS VOLU - ENCAMINHADO PARA DECISÃO DO ORDENADOR DE DESPESA;011969                                  ;-26875
;015201 - FUNDACAO DE APOIO A PESQUISA DO DF                ;="150201";150201 - FUNDAÇÃO DE APOIO A PESQUISA DO DF - FAP          ;764910300 - TRANSFERÊNCIAS VOLU - ENCAMINHADO PARA DECISÃO DO ORDENADOR DE DESPESA;012294                                  ;-42100
;015201 - FUNDACAO DE APOIO A PESQUISA DO DF                ;="150201";150201 - FUNDAÇÃO DE APOIO A PESQUISA DO DF - FAP          ;764910300 - TRANSFERÊNCIAS VOLU - ENCAMINHADO PARA DECISÃO DO ORDENADOR DE DESPESA;012309                                  ;-9750
;015201 - FUNDACAO DE APOIO A PESQUISA DO DF                ;="150201";150201 - FUNDAÇÃO DE APOIO A PESQUISA DO DF - FAP          ;764910300 - TRANSFERÊNCIAS VOLU - ENCAMINHADO PARA DECISÃO DO ORDENADOR DE DESPESA;012310                                  ;-8900
;015201 - FUNDACAO DE APOIO A PESQUISA DO DF                ;="150201";150201 - FUNDAÇÃO DE APOIO A PESQUISA DO DF - FAP          ;764910300 - TRANSFERÊNCIAS VOLU - ENCAMINHADO PARA DECISÃO DO ORDENADOR DE DESPESA;012315                                  ;-10000
;015201 - FUNDACAO DE APOIO A PESQUISA DO DF                ;="150201";150201 - FUNDAÇÃO DE APOIO A PESQUISA DO DF - FAP          ;764910300 - TRANSFERÊNCIAS VOLU - ENCAMINHADO PARA DECISÃO DO ORDENADOR DE DESPESA;012318                                  ;-10000
;015201 - FUNDACAO DE APOIO A PESQUISA DO DF                ;="150201";150201 - FUNDAÇÃO DE APOIO A PESQUISA DO DF - FAP          ;764910300 - TRANSFERÊNCIAS VOLU - ENCAMINHADO PARA DECISÃO DO ORDENADOR DE DESPESA;012319                                  ;-9416,98
;015201 - FUNDACAO DE APOIO A PESQUISA DO DF                ;="150201";150201 - FUNDAÇÃO DE APOIO A PESQUISA DO DF - FAP          ;764910300 - TRANSFERÊNCIAS VOLU - ENCAMINHADO PARA DECISÃO DO ORDENADOR DE DESPESA;012320                                  ;-10000
;015201 - FUNDACAO DE APOIO A PESQUISA DO DF                ;="150201";150201 - FUNDAÇÃO DE APOIO A PESQUISA DO DF - FAP          ;764910300 - TRANSFERÊNCIAS VOLU - ENCAMINHADO PARA DECISÃO DO ORDENADOR DE DESPESA;012323                                  ;-3000
;015201 - FUNDACAO DE APOIO A PESQUISA DO DF                ;="150201";150201 - FUNDAÇÃO DE APOIO A PESQUISA DO DF - FAP          ;764910300 - TRANSFERÊNCIAS VOLU - ENCAMINHADO PARA DECISÃO DO ORDENADOR DE DESPESA;012324                                  ;-9992,25
;015201 - FUNDACAO DE APOIO A PESQUISA DO DF                ;="150201";150201 - FUNDAÇÃO DE APOIO A PESQUISA DO DF - FAP          ;764910300 - TRANSFERÊNCIAS VOLU - ENCAMINHADO PARA DECISÃO DO ORDENADOR DE DESPESA;012325                                  ;-5932,8
;015201 - FUNDACAO DE APOIO A PESQUISA DO DF                ;="150201";150201 - FUNDAÇÃO DE APOIO A PESQUISA DO DF - FAP          ;764910300 - TRANSFERÊNCIAS VOLU - ENCAMINHADO PARA DECISÃO DO ORDENADOR DE DESPESA;012327                                  ;-8110
;015201 - FUNDACAO DE APOIO A PESQUISA DO DF                ;="150201";150201 - FUNDAÇÃO DE APOIO A PESQUISA DO DF - FAP          ;764910300 - TRANSFERÊNCIAS VOLU - ENCAMINHADO PARA DECISÃO DO ORDENADOR DE DESPESA;012329                                  ;-8088,8
;015201 - FUNDACAO DE APOIO A PESQUISA DO DF                ;="150201";150201 - FUNDAÇÃO DE APOIO A PESQUISA DO DF - FAP          ;764910300 - TRANSFERÊNCIAS VOLU - ENCAMINHADO PARA DECISÃO DO ORDENADOR DE DESPESA;012330                                  ;-8110
;015201 - FUNDACAO DE APOIO A PESQUISA DO DF                ;="150201";150201 - FUNDAÇÃO DE APOIO A PESQUISA DO DF - FAP          ;764910300 - TRANSFERÊNCIAS VOLU - ENCAMINHADO PARA DECISÃO DO ORDENADOR DE DESPESA;012331                                  ;-8108,4
;015201 - FUNDACAO DE APOIO A PESQUISA DO DF                ;="150201";150201 - FUNDAÇÃO DE APOIO A PESQUISA DO DF - FAP          ;764910300 - TRANSFERÊNCIAS VOLU - ENCAMINHADO PARA DECISÃO DO ORDENADOR DE DESPESA;012333                                  ;-8108,4
;015201 - FUNDACAO DE APOIO A PESQUISA DO DF                ;="150201";150201 - FUNDAÇÃO DE APOIO A PESQUISA DO DF - FAP          ;764910300 - TRANSFERÊNCIAS VOLU - ENCAMINHADO PARA DECISÃO DO ORDENADOR DE DESPESA;012334                                  ;-10000
;015201 - FUNDACAO DE APOIO A PESQUISA DO DF                ;="150201";150201 - FUNDAÇÃO DE APOIO A PESQUISA DO DF - FAP          ;764910300 - TRANSFERÊNCIAS VOLU - ENCAMINHADO PARA DECISÃO DO ORDENADOR DE DESPESA;012359                                  ;-9926,83
;015201 - FUNDACAO DE APOIO A PESQUISA DO DF                ;="150201";150201 - FUNDAÇÃO DE APOIO A PESQUISA DO DF - FAP          ;764910300 - TRANSFERÊNCIAS VOLU - ENCAMINHADO PARA DECISÃO DO ORDENADOR DE DESPESA;012360                                  ;-9140
;015201 - FUNDACAO DE APOIO A PESQUISA DO DF                ;="150201";150201 - FUNDAÇÃO DE APOIO A PESQUISA DO DF - FAP          ;764910300 - TRANSFERÊNCIAS VOLU - ENCAMINHADO PARA DECISÃO DO ORDENADOR DE DESPESA;012361                                  ;-9926,83
;015201 - FUNDACAO DE APOIO A PESQUISA DO DF                ;="150201";150201 - FUNDAÇÃO DE APOIO A PESQUISA DO DF - FAP          ;764910300 - TRANSFERÊNCIAS VOLU - ENCAMINHADO PARA DECISÃO DO ORDENADOR DE DESPESA;012363                                  ;-2050
;015201 - FUNDACAO DE APOIO A PESQUISA DO DF                ;="150201";150201 - FUNDAÇÃO DE APOIO A PESQUISA DO DF - FAP          ;764910300 - TRANSFERÊNCIAS VOLU - ENCAMINHADO PARA DECISÃO DO ORDENADOR DE DESPESA;012365                                  ;-5905
;015201 - FUNDACAO DE APOIO A PESQUISA DO DF                ;="150201";150201 - FUNDAÇÃO DE APOIO A PESQUISA DO DF - FAP          ;764910300 - TRANSFERÊNCIAS VOLU - ENCAMINHADO PARA DECISÃO DO ORDENADOR DE DESPESA;012370                                  ;-10000
;015201 - FUNDACAO DE APOIO A PESQUISA DO DF                ;="150201";150201 - FUNDAÇÃO DE APOIO A PESQUISA DO DF - FAP          ;764910300 - TRANSFERÊNCIAS VOLU - ENCAMINHADO PARA DECISÃO DO ORDENADOR DE DESPESA;012373                                  ;-7804,48
;015201 - FUNDACAO DE APOIO A PESQUISA DO DF                ;="150201";150201 - FUNDAÇÃO DE APOIO A PESQUISA DO DF - FAP          ;764910300 - TRANSFERÊNCIAS VOLU - ENCAMINHADO PARA DECISÃO DO ORDENADOR DE DESPESA;012374                                  ;-3000
;015201 - FUNDACAO DE APOIO A PESQUISA DO DF                ;="150201";150201 - FUNDAÇÃO DE APOIO A PESQUISA DO DF - FAP          ;764910300 - TRANSFERÊNCIAS VOLU - ENCAMINHADO PARA DECISÃO DO ORDENADOR DE DESPESA;012375                                  ;-10000
;015201 - FUNDACAO DE APOIO A PESQUISA DO DF                ;="150201";150201 - FUNDAÇÃO DE APOIO A PESQUISA DO DF - FAP          ;764910300 - TRANSFERÊNCIAS VOLU - ENCAMINHADO PARA DECISÃO DO ORDENADOR DE DESPESA;012379                                  ;-10000
;015201 - FUNDACAO DE APOIO A PESQUISA DO DF                ;="150201";150201 - FUNDAÇÃO DE APOIO A PESQUISA DO DF - FAP          ;764910300 - TRANSFERÊNCIAS VOLU - ENCAMINHADO PARA DECISÃO DO ORDENADOR DE DESPESA;012381                                  ;-7900
;015201 - FUNDACAO DE APOIO A PESQUISA DO DF                ;="150201";150201 - FUNDAÇÃO DE APOIO A PESQUISA DO DF - FAP          ;764910300 - TRANSFERÊNCIAS VOLU - ENCAMINHADO PARA DECISÃO DO ORDENADOR DE DESPESA;012385                                  ;-5800
;015201 - FUNDACAO DE APOIO A PESQUISA DO DF                ;="150201";150201 - FUNDAÇÃO DE APOIO A PESQUISA DO DF - FAP          ;764910300 - TRANSFERÊNCIAS VOLU - ENCAMINHADO PARA DECISÃO DO ORDENADOR DE DESPESA;012386                                  ;-10000
;015201 - FUNDACAO DE APOIO A PESQUISA DO DF                ;="150201";150201 - FUNDAÇÃO DE APOIO A PESQUISA DO DF - FAP          ;764910300 - TRANSFERÊNCIAS VOLU - ENCAMINHADO PARA DECISÃO DO ORDENADOR DE DESPESA;012387                                  ;-6800
;015201 - FUNDACAO DE APOIO A PESQUISA DO DF                ;="150201";150201 - FUNDAÇÃO DE APOIO A PESQUISA DO DF - FAP          ;764910300 - TRANSFERÊNCIAS VOLU - ENCAMINHADO PARA DECISÃO DO ORDENADOR DE DESPESA;012389                                  ;-10000
;015201 - FUNDACAO DE APOIO A PESQUISA DO DF                ;="150201";150201 - FUNDAÇÃO DE APOIO A PESQUISA DO DF - FAP          ;764910300 - TRANSFERÊNCIAS VOLU - ENCAMINHADO PARA DECISÃO DO ORDENADOR DE DESPESA;012390                                  ;-8440
;015201 - FUNDACAO DE APOIO A PESQUISA DO DF                ;="150201";150201 - FUNDAÇÃO DE APOIO A PESQUISA DO DF - FAP          ;764910300 - TRANSFERÊNCIAS VOLU - ENCAMINHADO PARA DECISÃO DO ORDENADOR DE DESPESA;012392                                  ;-10000
;015201 - FUNDACAO DE APOIO A PESQUISA DO DF                ;="150201";150201 - FUNDAÇÃO DE APOIO A PESQUISA DO DF - FAP          ;764910300 - TRANSFERÊNCIAS VOLU - ENCAMINHADO PARA DECISÃO DO ORDENADOR DE DESPESA;012396                                  ;-6086,5
;015201 - FUNDACAO DE APOIO A PESQUISA DO DF                ;="150201";150201 - FUNDAÇÃO DE APOIO A PESQUISA DO DF - FAP          ;764910300 - TRANSFERÊNCIAS VOLU - ENCAMINHADO PARA DECISÃO DO ORDENADOR DE DESPESA;012399                                  ;-7800
;015201 - FUNDACAO DE APOIO A PESQUISA DO DF                ;="150201";150201 - FUNDAÇÃO DE APOIO A PESQUISA DO DF - FAP          ;764910300 - TRANSFERÊNCIAS VOLU - ENCAMINHADO PARA DECISÃO DO ORDENADOR DE DESPESA;012400                                  ;-7828,25
;015201 - FUNDACAO DE APOIO A PESQUISA DO DF                ;="150201";150201 - FUNDAÇÃO DE APOIO A PESQUISA DO DF - FAP          ;764910300 - TRANSFERÊNCIAS VOLU - ENCAMINHADO PARA DECISÃO DO ORDENADOR DE DESPESA;012404                                  ;-10000
;015201 - FUNDACAO DE APOIO A PESQUISA DO DF                ;="150201";150201 - FUNDAÇÃO DE APOIO A PESQUISA DO DF - FAP          ;764910300 - TRANSFERÊNCIAS VOLU - ENCAMINHADO PARA DECISÃO DO ORDENADOR DE DESPESA;012405                                  ;-6651,2
;015201 - FUNDACAO DE APOIO A PESQUISA DO DF                ;="150201";150201 - FUNDAÇÃO DE APOIO A PESQUISA DO DF - FAP          ;764910300 - TRANSFERÊNCIAS VOLU - ENCAMINHADO PARA DECISÃO DO ORDENADOR DE DESPESA;012406                                  ;-7740
;015201 - FUNDACAO DE APOIO A PESQUISA DO DF                ;="150201";150201 - FUNDAÇÃO DE APOIO A PESQUISA DO DF - FAP          ;764910300 - TRANSFERÊNCIAS VOLU - ENCAMINHADO PARA DECISÃO DO ORDENADOR DE DESPESA;012407                                  ;-7134
;015201 - FUNDACAO DE APOIO A PESQUISA DO DF                ;="150201";150201 - FUNDAÇÃO DE APOIO A PESQUISA DO DF - FAP          ;764910300 - TRANSFERÊNCIAS VOLU - ENCAMINHADO PARA DECISÃO DO ORDENADOR DE DESPESA;012408                                  ;-1750
;015201 - FUNDACAO DE APOIO A PESQUISA DO DF                ;="150201";150201 - FUNDAÇÃO DE APOIO A PESQUISA DO DF - FAP          ;764910300 - TRANSFERÊNCIAS VOLU - ENCAMINHADO PARA DECISÃO DO ORDENADOR DE DESPESA;012412                                  ;-2025,26
;015201 - FUNDACAO DE APOIO A PESQUISA DO DF                ;="150201";150201 - FUNDAÇÃO DE APOIO A PESQUISA DO DF - FAP          ;764910300 - TRANSFERÊNCIAS VOLU - ENCAMINHADO PARA DECISÃO DO ORDENADOR DE DESPESA;012414                                  ;-10000
;015201 - FUNDACAO DE APOIO A PESQUISA DO DF                ;="150201";150201 - FUNDAÇÃO DE APOIO A PESQUISA DO DF - FAP          ;764910300 - TRANSFERÊNCIAS VOLU - ENCAMINHADO PARA DECISÃO DO ORDENADOR DE DESPESA;012415                                  ;-9880
;015201 - FUNDACAO DE APOIO A PESQUISA DO DF                ;="150201";150201 - FUNDAÇÃO DE APOIO A PESQUISA DO DF - FAP          ;764910300 - TRANSFERÊNCIAS VOLU - ENCAMINHADO PARA DECISÃO DO ORDENADOR DE DESPESA;012419                                  ;-2550
;015201 - FUNDACAO DE APOIO A PESQUISA DO DF                ;="150201";150201 - FUNDAÇÃO DE APOIO A PESQUISA DO DF - FAP          ;764910300 - TRANSFERÊNCIAS VOLU - ENCAMINHADO PARA DECISÃO DO ORDENADOR DE DESPESA;012420                                  ;-7703,36
;015201 - FUNDACAO DE APOIO A PESQUISA DO DF                ;="150201";150201 - FUNDAÇÃO DE APOIO A PESQUISA DO DF - FAP          ;764910300 - TRANSFERÊNCIAS VOLU - ENCAMINHADO PARA DECISÃO DO ORDENADOR DE DESPESA;012421                                  ;-10000
;015201 - FUNDACAO DE APOIO A PESQUISA DO DF                ;="150201";150201 - FUNDAÇÃO DE APOIO A PESQUISA DO DF - FAP          ;764910300 - TRANSFERÊNCIAS VOLU - ENCAMINHADO PARA DECISÃO DO ORDENADOR DE DESPESA;012422                                  ;-7585,39
;015201 - FUNDACAO DE APOIO A PESQUISA DO DF                ;="150201";150201 - FUNDAÇÃO DE APOIO A PESQUISA DO DF - FAP          ;764910300 - TRANSFERÊNCIAS VOLU - ENCAMINHADO PARA DECISÃO DO ORDENADOR DE DESPESA;012437                                  ;-9962,24
;015201 - FUNDACAO DE APOIO A PESQUISA DO DF                ;="150201";150201 - FUNDAÇÃO DE APOIO A PESQUISA DO DF - FAP          ;764910300 - TRANSFERÊNCIAS VOLU - ENCAMINHADO PARA DECISÃO DO ORDENADOR DE DESPESA;012439                                  ;-10000
;015201 - FUNDACAO DE APOIO A PESQUISA DO DF                ;="150201";150201 - FUNDAÇÃO DE APOIO A PESQUISA DO DF - FAP          ;764910300 - TRANSFERÊNCIAS VOLU - ENCAMINHADO PARA DECISÃO DO ORDENADOR DE DESPESA;012442                                  ;-4402,38
;015201 - FUNDACAO DE APOIO A PESQUISA DO DF                ;="150201";150201 - FUNDAÇÃO DE APOIO A PESQUISA DO DF - FAP          ;764910300 - TRANSFERÊNCIAS VOLU - ENCAMINHADO PARA DECISÃO DO ORDENADOR DE DESPESA;012443                                  ;-10000
;015201 - FUNDACAO DE APOIO A PESQUISA DO DF                ;="150201";150201 - FUNDAÇÃO DE APOIO A PESQUISA DO DF - FAP          ;764910300 - TRANSFERÊNCIAS VOLU - ENCAMINHADO PARA DECISÃO DO ORDENADOR DE DESPESA;012446                                  ;-36600
;015201 - FUNDACAO DE APOIO A PESQUISA DO DF                ;="150201";150201 - FUNDAÇÃO DE APOIO A PESQUISA DO DF - FAP          ;764910300 - TRANSFERÊNCIAS VOLU - ENCAMINHADO PARA DECISÃO DO ORDENADOR DE DESPESA;012447                                  ;-9491,55
;015201 - FUNDACAO DE APOIO A PESQUISA DO DF                ;="150201";150201 - FUNDAÇÃO DE APOIO A PESQUISA DO DF - FAP          ;764910300 - TRANSFERÊNCIAS VOLU - ENCAMINHADO PARA DECISÃO DO ORDENADOR DE DESPESA;012448                                  ;-10000
;015201 - FUNDACAO DE APOIO A PESQUISA DO DF                ;="150201";150201 - FUNDAÇÃO DE APOIO A PESQUISA DO DF - FAP          ;764910300 - TRANSFERÊNCIAS VOLU - ENCAMINHADO PARA DECISÃO DO ORDENADOR DE DESPESA;012450                                  ;-8470
;015201 - FUNDACAO DE APOIO A PESQUISA DO DF                ;="150201";150201 - FUNDAÇÃO DE APOIO A PESQUISA DO DF - FAP          ;764910300 - TRANSFERÊNCIAS VOLU - ENCAMINHADO PARA DECISÃO DO ORDENADOR DE DESPESA;012456                                  ;-10000
;015201 - FUNDACAO DE APOIO A PESQUISA DO DF                ;="150201";150201 - FUNDAÇÃO DE APOIO A PESQUISA DO DF - FAP          ;764910300 - TRANSFERÊNCIAS VOLU - ENCAMINHADO PARA DECISÃO DO ORDENADOR DE DESPESA;012457                                  ;-9000
;015201 - FUNDACAO DE APOIO A PESQUISA DO DF                ;="150201";150201 - FUNDAÇÃO DE APOIO A PESQUISA DO DF - FAP          ;764910300 - TRANSFERÊNCIAS VOLU - ENCAMINHADO PARA DECISÃO DO ORDENADOR DE DESPESA;012462                                  ;-9862,5
;015201 - FUNDACAO DE APOIO A PESQUISA DO DF                ;="150201";150201 - FUNDAÇÃO DE APOIO A PESQUISA DO DF - FAP          ;764910300 - TRANSFERÊNCIAS VOLU - ENCAMINHADO PARA DECISÃO DO ORDENADOR DE DESPESA;012463                                  ;-3000
;015201 - FUNDACAO DE APOIO A PESQUISA DO DF                ;="150201";150201 - FUNDAÇÃO DE APOIO A PESQUISA DO DF - FAP          ;764910300 - TRANSFERÊNCIAS VOLU - ENCAMINHADO PARA DECISÃO DO ORDENADOR DE DESPESA;012465                                  ;-10000
;015201 - FUNDACAO DE APOIO A PESQUISA DO DF                ;="150201";150201 - FUNDAÇÃO DE APOIO A PESQUISA DO DF - FAP          ;764910300 - TRANSFERÊNCIAS VOLU - ENCAMINHADO PARA DECISÃO DO ORDENADOR DE DESPESA;012466                                  ;-35255
;015201 - FUNDACAO DE APOIO A PESQUISA DO DF                ;="150201";150201 - FUNDAÇÃO DE APOIO A PESQUISA DO DF - FAP          ;764910300 - TRANSFERÊNCIAS VOLU - ENCAMINHADO PARA DECISÃO DO ORDENADOR DE DESPESA;012467                                  ;-59740,22
;015201 - FUNDACAO DE APOIO A PESQUISA DO DF                ;="150201";150201 - FUNDAÇÃO DE APOIO A PESQUISA DO DF - FAP          ;764910300 - TRANSFERÊNCIAS VOLU - ENCAMINHADO PARA DECISÃO DO ORDENADOR DE DESPESA;012468                                  ;-59600
;015201 - FUNDACAO DE APOIO A PESQUISA DO DF                ;="150201";150201 - FUNDAÇÃO DE APOIO A PESQUISA DO DF - FAP          ;764910300 - TRANSFERÊNCIAS VOLU - ENCAMINHADO PARA DECISÃO DO ORDENADOR DE DESPESA;012469                                  ;-38358,3
;015201 - FUNDACAO DE APOIO A PESQUISA DO DF                ;="150201";150201 - FUNDAÇÃO DE APOIO A PESQUISA DO DF - FAP          ;764910300 - TRANSFERÊNCIAS VOLU - ENCAMINHADO PARA DECISÃO DO ORDENADOR DE DESPESA;012476                                  ;-9229,9
;015201 - FUNDACAO DE APOIO A PESQUISA DO DF                ;="150201";150201 - FUNDAÇÃO DE APOIO A PESQUISA DO DF - FAP          ;764910300 - TRANSFERÊNCIAS VOLU - ENCAMINHADO PARA DECISÃO DO ORDENADOR DE DESPESA;012479                                  ;-10000
;015201 - FUNDACAO DE APOIO A PESQUISA DO DF                ;="150201";150201 - FUNDAÇÃO DE APOIO A PESQUISA DO DF - FAP          ;764910300 - TRANSFERÊNCIAS VOLU - ENCAMINHADO PARA DECISÃO DO ORDENADOR DE DESPESA;012481                                  ;-9970,37
;015201 - FUNDACAO DE APOIO A PESQUISA DO DF                ;="150201";150201 - FUNDAÇÃO DE APOIO A PESQUISA DO DF - FAP          ;764910300 - TRANSFERÊNCIAS VOLU - ENCAMINHADO PARA DECISÃO DO ORDENADOR DE DESPESA;012483                                  ;-9503,44
;015201 - FUNDACAO DE APOIO A PESQUISA DO DF                ;="150201";150201 - FUNDAÇÃO DE APOIO A PESQUISA DO DF - FAP          ;764910300 - TRANSFERÊNCIAS VOLU - ENCAMINHADO PARA DECISÃO DO ORDENADOR DE DESPESA;012484                                  ;-10000
;015201 - FUNDACAO DE APOIO A PESQUISA DO DF                ;="150201";150201 - FUNDAÇÃO DE APOIO A PESQUISA DO DF - FAP          ;764910300 - TRANSFERÊNCIAS VOLU - ENCAMINHADO PARA DECISÃO DO ORDENADOR DE DESPESA;012485                                  ;-9990
;015201 - FUNDACAO DE APOIO A PESQUISA DO DF                ;="150201";150201 - FUNDAÇÃO DE APOIO A PESQUISA DO DF - FAP          ;764910300 - TRANSFERÊNCIAS VOLU - ENCAMINHADO PARA DECISÃO DO ORDENADOR DE DESPESA;012488                                  ;-8843,24
;015201 - FUNDACAO DE APOIO A PESQUISA DO DF                ;="150201";150201 - FUNDAÇÃO DE APOIO A PESQUISA DO DF - FAP          ;764910300 - TRANSFERÊNCIAS VOLU - ENCAMINHADO PARA DECISÃO DO ORDENADOR DE DESPESA;012489                                  ;-6680,52
;015201 - FUNDACAO DE APOIO A PESQUISA DO DF                ;="150201";150201 - FUNDAÇÃO DE APOIO A PESQUISA DO DF - FAP          ;764910300 - TRANSFERÊNCIAS VOLU - ENCAMINHADO PARA DECISÃO DO ORDENADOR DE DESPESA;012490                                  ;-55627
;015201 - FUNDACAO DE APOIO A PESQUISA DO DF                ;="150201";150201 - FUNDAÇÃO DE APOIO A PESQUISA DO DF - FAP          ;764910300 - TRANSFERÊNCIAS VOLU - ENCAMINHADO PARA DECISÃO DO ORDENADOR DE DESPESA;012491                                  ;-8597,8
;015201 - FUNDACAO DE APOIO A PESQUISA DO DF                ;="150201";150201 - FUNDAÇÃO DE APOIO A PESQUISA DO DF - FAP          ;764910300 - TRANSFERÊNCIAS VOLU - ENCAMINHADO PARA DECISÃO DO ORDENADOR DE DESPESA;012492                                  ;-9974,2
;015201 - FUNDACAO DE APOIO A PESQUISA DO DF                ;="150201";150201 - FUNDAÇÃO DE APOIO A PESQUISA DO DF - FAP          ;764910300 - TRANSFERÊNCIAS VOLU - ENCAMINHADO PARA DECISÃO DO ORDENADOR DE DESPESA;012494                                  ;-10000
;015201 - FUNDACAO DE APOIO A PESQUISA DO DF                ;="150201";150201 - FUNDAÇÃO DE APOIO A PESQUISA DO DF - FAP          ;764910300 - TRANSFERÊNCIAS VOLU - ENCAMINHADO PARA DECISÃO DO ORDENADOR DE DESPESA;012496                                  ;-10000
;015201 - FUNDACAO DE APOIO A PESQUISA DO DF                ;="150201";150201 - FUNDAÇÃO DE APOIO A PESQUISA DO DF - FAP          ;764910300 - TRANSFERÊNCIAS VOLU - ENCAMINHADO PARA DECISÃO DO ORDENADOR DE DESPESA;012497                                  ;-10000
;015201 - FUNDACAO DE APOIO A PESQUISA DO DF                ;="150201";150201 - FUNDAÇÃO DE APOIO A PESQUISA DO DF - FAP          ;764910300 - TRANSFERÊNCIAS VOLU - ENCAMINHADO PARA DECISÃO DO ORDENADOR DE DESPESA;012500                                  ;-10000
;015201 - FUNDACAO DE APOIO A PESQUISA DO DF                ;="150201";150201 - FUNDAÇÃO DE APOIO A PESQUISA DO DF - FAP          ;764910300 - TRANSFERÊNCIAS VOLU - ENCAMINHADO PARA DECISÃO DO ORDENADOR DE DESPESA;012502                                  ;-8329,2
;015201 - FUNDACAO DE APOIO A PESQUISA DO DF                ;="150201";150201 - FUNDAÇÃO DE APOIO A PESQUISA DO DF - FAP          ;764910300 - TRANSFERÊNCIAS VOLU - ENCAMINHADO PARA DECISÃO DO ORDENADOR DE DESPESA;012504                                  ;-8805
;015201 - FUNDACAO DE APOIO A PESQUISA DO DF                ;="150201";150201 - FUNDAÇÃO DE APOIO A PESQUISA DO DF - FAP          ;764910300 - TRANSFERÊNCIAS VOLU - ENCAMINHADO PARA DECISÃO DO ORDENADOR DE DESPESA;012507                                  ;-9022,5
;015201 - FUNDACAO DE APOIO A PESQUISA DO DF                ;="150201";150201 - FUNDAÇÃO DE APOIO A PESQUISA DO DF - FAP          ;764910300 - TRANSFERÊNCIAS VOLU - ENCAMINHADO PARA DECISÃO DO ORDENADOR DE DESPESA;012510                                  ;-9658
;015201 - FUNDACAO DE APOIO A PESQUISA DO DF                ;="150201";150201 - FUNDAÇÃO DE APOIO A PESQUISA DO DF - FAP          ;764910300 - TRANSFERÊNCIAS VOLU - ENCAMINHADO PARA DECISÃO DO ORDENADOR DE DESPESA;012513                                  ;-8852,7
;015201 - FUNDACAO DE APOIO A PESQUISA DO DF                ;="150201";150201 - FUNDAÇÃO DE APOIO A PESQUISA DO DF - FAP          ;764910300 - TRANSFERÊNCIAS VOLU - ENCAMINHADO PARA DECISÃO DO ORDENADOR DE DESPESA;012514                                  ;-9996,4
;015201 - FUNDACAO DE APOIO A PESQUISA DO DF                ;="150201";150201 - FUNDAÇÃO DE APOIO A PESQUISA DO DF - FAP          ;764910300 - TRANSFERÊNCIAS VOLU - ENCAMINHADO PARA DECISÃO DO ORDENADOR DE DESPESA;012515                                  ;-7600
;015201 - FUNDACAO DE APOIO A PESQUISA DO DF                ;="150201";150201 - FUNDAÇÃO DE APOIO A PESQUISA DO DF - FAP          ;764910300 - TRANSFERÊNCIAS VOLU - ENCAMINHADO PARA DECISÃO DO ORDENADOR DE DESPESA;012518                                  ;-10000
;015201 - FUNDACAO DE APOIO A PESQUISA DO DF                ;="150201";150201 - FUNDAÇÃO DE APOIO A PESQUISA DO DF - FAP          ;764910300 - TRANSFERÊNCIAS VOLU - ENCAMINHADO PARA DECISÃO DO ORDENADOR DE DESPESA;012522                                  ;-10000
;015201 - FUNDACAO DE APOIO A PESQUISA DO DF                ;="150201";150201 - FUNDAÇÃO DE APOIO A PESQUISA DO DF - FAP          ;764910300 - TRANSFERÊNCIAS VOLU - ENCAMINHADO PARA DECISÃO DO ORDENADOR DE DESPESA;012526                                  ;-9925
;015201 - FUNDACAO DE APOIO A PESQUISA DO DF                ;="150201";150201 - FUNDAÇÃO DE APOIO A PESQUISA DO DF - FAP          ;764910300 - TRANSFERÊNCIAS VOLU - ENCAMINHADO PARA DECISÃO DO ORDENADOR DE DESPESA;012528                                  ;-1750
;015201 - FUNDACAO DE APOIO A PESQUISA DO DF                ;="150201";150201 - FUNDAÇÃO DE APOIO A PESQUISA DO DF - FAP          ;764910300 - TRANSFERÊNCIAS VOLU - ENCAMINHADO PARA DECISÃO DO ORDENADOR DE DESPESA;012530                                  ;-6110
;015201 - FUNDACAO DE APOIO A PESQUISA DO DF                ;="150201";150201 - FUNDAÇÃO DE APOIO A PESQUISA DO DF - FAP          ;764910300 - TRANSFERÊNCIAS VOLU - ENCAMINHADO PARA DECISÃO DO ORDENADOR DE DESPESA;012534                                  ;-9968,65
;015201 - FUNDACAO DE APOIO A PESQUISA DO DF                ;="150201";150201 - FUNDAÇÃO DE APOIO A PESQUISA DO DF - FAP          ;764910300 - TRANSFERÊNCIAS VOLU - ENCAMINHADO PARA DECISÃO DO ORDENADOR DE DESPESA;012545                                  ;-10000
;015201 - FUNDACAO DE APOIO A PESQUISA DO DF                ;="150201";150201 - FUNDAÇÃO DE APOIO A PESQUISA DO DF - FAP          ;764910300 - TRANSFERÊNCIAS VOLU - ENCAMINHADO PARA DECISÃO DO ORDENADOR DE DESPESA;012587                                  ;-8420
;015201 - FUNDACAO DE APOIO A PESQUISA DO DF                ;="150201";150201 - FUNDAÇÃO DE APOIO A PESQUISA DO DF - FAP          ;764910300 - TRANSFERÊNCIAS VOLU - ENCAMINHADO PARA DECISÃO DO ORDENADOR DE DESPESA;012589                                  ;-9945,1
;015201 - FUNDACAO DE APOIO A PESQUISA DO DF                ;="150201";150201 - FUNDAÇÃO DE APOIO A PESQUISA DO DF - FAP          ;764910300 - TRANSFERÊNCIAS VOLU - ENCAMINHADO PARA DECISÃO DO ORDENADOR DE DESPESA;012590                                  ;-9920
;015201 - FUNDACAO DE APOIO A PESQUISA DO DF                ;="150201";150201 - FUNDAÇÃO DE APOIO A PESQUISA DO DF - FAP          ;764910300 - TRANSFERÊNCIAS VOLU - ENCAMINHADO PARA DECISÃO DO ORDENADOR DE DESPESA;012591                                  ;-7932
;015201 - FUNDACAO DE APOIO A PESQUISA DO DF                ;="150201";150201 - FUNDAÇÃO DE APOIO A PESQUISA DO DF - FAP          ;764910300 - TRANSFERÊNCIAS VOLU - ENCAMINHADO PARA DECISÃO DO ORDENADOR DE DESPESA;012593                                  ;-10000
;015201 - FUNDACAO DE APOIO A PESQUISA DO DF                ;="150201";150201 - FUNDAÇÃO DE APOIO A PESQUISA DO DF - FAP          ;764910300 - TRANSFERÊNCIAS VOLU - ENCAMINHADO PARA DECISÃO DO ORDENADOR DE DESPESA;012595                                  ;-7224
;015201 - FUNDACAO DE APOIO A PESQUISA DO DF                ;="150201";150201 - FUNDAÇÃO DE APOIO A PESQUISA DO DF - FAP          ;764910300 - TRANSFERÊNCIAS VOLU - ENCAMINHADO PARA DECISÃO DO ORDENADOR DE DESPESA;012596                                  ;-10000
;015201 - FUNDACAO DE APOIO A PESQUISA DO DF                ;="150201";150201 - FUNDAÇÃO DE APOIO A PESQUISA DO DF - FAP          ;764910300 - TRANSFERÊNCIAS VOLU - ENCAMINHADO PARA DECISÃO DO ORDENADOR DE DESPESA;012597                                  ;-10000
;015201 - FUNDACAO DE APOIO A PESQUISA DO DF                ;="150201";150201 - FUNDAÇÃO DE APOIO A PESQUISA DO DF - FAP          ;764910300 - TRANSFERÊNCIAS VOLU - ENCAMINHADO PARA DECISÃO DO ORDENADOR DE DESPESA;012598                                  ;-43000
;015201 - FUNDACAO DE APOIO A PESQUISA DO DF                ;="150201";150201 - FUNDAÇÃO DE APOIO A PESQUISA DO DF - FAP          ;764910300 - TRANSFERÊNCIAS VOLU - ENCAMINHADO PARA DECISÃO DO ORDENADOR DE DESPESA;012599                                  ;-9999
;015201 - FUNDACAO DE APOIO A PESQUISA DO DF                ;="150201";150201 - FUNDAÇÃO DE APOIO A PESQUISA DO DF - FAP          ;764910300 - TRANSFERÊNCIAS VOLU - ENCAMINHADO PARA DECISÃO DO ORDENADOR DE DESPESA;012600                                  ;-9975
;015201 - FUNDACAO DE APOIO A PESQUISA DO DF                ;="150201";150201 - FUNDAÇÃO DE APOIO A PESQUISA DO DF - FAP          ;764910300 - TRANSFERÊNCIAS VOLU - ENCAMINHADO PARA DECISÃO DO ORDENADOR DE DESPESA;012602                                  ;-9950
;015201 - FUNDACAO DE APOIO A PESQUISA DO DF                ;="150201";150201 - FUNDAÇÃO DE APOIO A PESQUISA DO DF - FAP          ;764910300 - TRANSFERÊNCIAS VOLU - ENCAMINHADO PARA DECISÃO DO ORDENADOR DE DESPESA;012603                                  ;-9999,93
;015201 - FUNDACAO DE APOIO A PESQUISA DO DF                ;="150201";150201 - FUNDAÇÃO DE APOIO A PESQUISA DO DF - FAP          ;764910300 - TRANSFERÊNCIAS VOLU - ENCAMINHADO PARA DECISÃO DO ORDENADOR DE DESPESA;012606                                  ;-10000
;015201 - FUNDACAO DE APOIO A PESQUISA DO DF                ;="150201";150201 - FUNDAÇÃO DE APOIO A PESQUISA DO DF - FAP          ;764910300 - TRANSFERÊNCIAS VOLU - ENCAMINHADO PARA DECISÃO DO ORDENADOR DE DESPESA;012607                                  ;-10000
;015201 - FUNDACAO DE APOIO A PESQUISA DO DF                ;="150201";150201 - FUNDAÇÃO DE APOIO A PESQUISA DO DF - FAP          ;764910300 - TRANSFERÊNCIAS VOLU - ENCAMINHADO PARA DECISÃO DO ORDENADOR DE DESPESA;012608                                  ;-6170,3
;015201 - FUNDACAO DE APOIO A PESQUISA DO DF                ;="150201";150201 - FUNDAÇÃO DE APOIO A PESQUISA DO DF - FAP          ;764910300 - TRANSFERÊNCIAS VOLU - ENCAMINHADO PARA DECISÃO DO ORDENADOR DE DESPESA;012611                                  ;-10000
;015201 - FUNDACAO DE APOIO A PESQUISA DO DF                ;="150201";150201 - FUNDAÇÃO DE APOIO A PESQUISA DO DF - FAP          ;764910300 - TRANSFERÊNCIAS VOLU - ENCAMINHADO PARA DECISÃO DO ORDENADOR DE DESPESA;012613                                  ;-10000
;015201 - FUNDACAO DE APOIO A PESQUISA DO DF                ;="150201";150201 - FUNDAÇÃO DE APOIO A PESQUISA DO DF - FAP          ;764910300 - TRANSFERÊNCIAS VOLU - ENCAMINHADO PARA DECISÃO DO ORDENADOR DE DESPESA;012614                                  ;-9992
;015201 - FUNDACAO DE APOIO A PESQUISA DO DF                ;="150201";150201 - FUNDAÇÃO DE APOIO A PESQUISA DO DF - FAP          ;764910300 - TRANSFERÊNCIAS VOLU - ENCAMINHADO PARA DECISÃO DO ORDENADOR DE DESPESA;012615                                  ;-8500
;015201 - FUNDACAO DE APOIO A PESQUISA DO DF                ;="150201";150201 - FUNDAÇÃO DE APOIO A PESQUISA DO DF - FAP          ;764910300 - TRANSFERÊNCIAS VOLU - ENCAMINHADO PARA DECISÃO DO ORDENADOR DE DESPESA;012616                                  ;-7586
;015201 - FUNDACAO DE APOIO A PESQUISA DO DF                ;="150201";150201 - FUNDAÇÃO DE APOIO A PESQUISA DO DF - FAP          ;764910300 - TRANSFERÊNCIAS VOLU - ENCAMINHADO PARA DECISÃO DO ORDENADOR DE DESPESA;012624                                  ;-80000
;015201 - FUNDACAO DE APOIO A PESQUISA DO DF                ;="150201";150201 - FUNDAÇÃO DE APOIO A PESQUISA DO DF - FAP          ;764910300 - TRANSFERÊNCIAS VOLU - ENCAMINHADO PARA DECISÃO DO ORDENADOR DE DESPESA;012627                                  ;-10000
;015201 - FUNDACAO DE APOIO A PESQUISA DO DF                ;="150201";150201 - FUNDAÇÃO DE APOIO A PESQUISA DO DF - FAP          ;764910300 - TRANSFERÊNCIAS VOLU - ENCAMINHADO PARA DECISÃO DO ORDENADOR DE DESPESA;012629                                  ;-9982,2
;015201 - FUNDACAO DE APOIO A PESQUISA DO DF                ;="150201";150201 - FUNDAÇÃO DE APOIO A PESQUISA DO DF - FAP          ;764910300 - TRANSFERÊNCIAS VOLU - ENCAMINHADO PARA DECISÃO DO ORDENADOR DE DESPESA;012631                                  ;-9918,5
;015201 - FUNDACAO DE APOIO A PESQUISA DO DF                ;="150201";150201 - FUNDAÇÃO DE APOIO A PESQUISA DO DF - FAP          ;764910300 - TRANSFERÊNCIAS VOLU - ENCAMINHADO PARA DECISÃO DO ORDENADOR DE DESPESA;012632                                  ;-9500
;015201 - FUNDACAO DE APOIO A PESQUISA DO DF                ;="150201";150201 - FUNDAÇÃO DE APOIO A PESQUISA DO DF - FAP          ;764910300 - TRANSFERÊNCIAS VOLU - ENCAMINHADO PARA DECISÃO DO ORDENADOR DE DESPESA;012633                                  ;-9963,4
;015201 - FUNDACAO DE APOIO A PESQUISA DO DF                ;="150201";150201 - FUNDAÇÃO DE APOIO A PESQUISA DO DF - FAP          ;764910300 - TRANSFERÊNCIAS VOLU - ENCAMINHADO PARA DECISÃO DO ORDENADOR DE DESPESA;012635                                  ;-10000
;015201 - FUNDACAO DE APOIO A PESQUISA DO DF                ;="150201";150201 - FUNDAÇÃO DE APOIO A PESQUISA DO DF - FAP          ;764910300 - TRANSFERÊNCIAS VOLU - ENCAMINHADO PARA DECISÃO DO ORDENADOR DE DESPESA;012638                                  ;-9966
;015201 - FUNDACAO DE APOIO A PESQUISA DO DF                ;="150201";150201 - FUNDAÇÃO DE APOIO A PESQUISA DO DF - FAP          ;764910300 - TRANSFERÊNCIAS VOLU - ENCAMINHADO PARA DECISÃO DO ORDENADOR DE DESPESA;012640                                  ;-3000
;015201 - FUNDACAO DE APOIO A PESQUISA DO DF                ;="150201";150201 - FUNDAÇÃO DE APOIO A PESQUISA DO DF - FAP          ;764910300 - TRANSFERÊNCIAS VOLU - ENCAMINHADO PARA DECISÃO DO ORDENADOR DE DESPESA;012641                                  ;-8550,07
;015201 - FUNDACAO DE APOIO A PESQUISA DO DF                ;="150201";150201 - FUNDAÇÃO DE APOIO A PESQUISA DO DF - FAP          ;764910300 - TRANSFERÊNCIAS VOLU - ENCAMINHADO PARA DECISÃO DO ORDENADOR DE DESPESA;012648                                  ;-10000
;015201 - FUNDACAO DE APOIO A PESQUISA DO DF                ;="150201";150201 - FUNDAÇÃO DE APOIO A PESQUISA DO DF - FAP          ;764910300 - TRANSFERÊNCIAS VOLU - ENCAMINHADO PARA DECISÃO DO ORDENADOR DE DESPESA;012649                                  ;-9994
;015201 - FUNDACAO DE APOIO A PESQUISA DO DF                ;="150201";150201 - FUNDAÇÃO DE APOIO A PESQUISA DO DF - FAP          ;764910300 - TRANSFERÊNCIAS VOLU - ENCAMINHADO PARA DECISÃO DO ORDENADOR DE DESPESA;012650                                  ;-10000
;015201 - FUNDACAO DE APOIO A PESQUISA DO DF                ;="150201";150201 - FUNDAÇÃO DE APOIO A PESQUISA DO DF - FAP          ;764910300 - TRANSFERÊNCIAS VOLU - ENCAMINHADO PARA DECISÃO DO ORDENADOR DE DESPESA;012651                                  ;-9993,07
;015201 - FUNDACAO DE APOIO A PESQUISA DO DF                ;="150201";150201 - FUNDAÇÃO DE APOIO A PESQUISA DO DF - FAP          ;764910300 - TRANSFERÊNCIAS VOLU - ENCAMINHADO PARA DECISÃO DO ORDENADOR DE DESPESA;012652                                  ;-9985,82
;015201 - FUNDACAO DE APOIO A PESQUISA DO DF                ;="150201";150201 - FUNDAÇÃO DE APOIO A PESQUISA DO DF - FAP          ;764910300 - TRANSFERÊNCIAS VOLU - ENCAMINHADO PARA DECISÃO DO ORDENADOR DE DESPESA;012656                                  ;-10000
;015201 - FUNDACAO DE APOIO A PESQUISA DO DF                ;="150201";150201 - FUNDAÇÃO DE APOIO A PESQUISA DO DF - FAP          ;764910300 - TRANSFERÊNCIAS VOLU - ENCAMINHADO PARA DECISÃO DO ORDENADOR DE DESPESA;012657                                  ;-8095
;015201 - FUNDACAO DE APOIO A PESQUISA DO DF                ;="150201";150201 - FUNDAÇÃO DE APOIO A PESQUISA DO DF - FAP          ;764910300 - TRANSFERÊNCIAS VOLU - ENCAMINHADO PARA DECISÃO DO ORDENADOR DE DESPESA;012660                                  ;-9240
;015201 - FUNDACAO DE APOIO A PESQUISA DO DF                ;="150201";150201 - FUNDAÇÃO DE APOIO A PESQUISA DO DF - FAP          ;764910300 - TRANSFERÊNCIAS VOLU - ENCAMINHADO PARA DECISÃO DO ORDENADOR DE DESPESA;012661                                  ;-9997
;015201 - FUNDACAO DE APOIO A PESQUISA DO DF                ;="150201";150201 - FUNDAÇÃO DE APOIO A PESQUISA DO DF - FAP          ;764910300 - TRANSFERÊNCIAS VOLU - ENCAMINHADO PARA DECISÃO DO ORDENADOR DE DESPESA;012662                                  ;-9279,6
;015201 - FUNDACAO DE APOIO A PESQUISA DO DF                ;="150201";150201 - FUNDAÇÃO DE APOIO A PESQUISA DO DF - FAP          ;764910300 - TRANSFERÊNCIAS VOLU - ENCAMINHADO PARA DECISÃO DO ORDENADOR DE DESPESA;012664                                  ;-10000
;015201 - FUNDACAO DE APOIO A PESQUISA DO DF                ;="150201";150201 - FUNDAÇÃO DE APOIO A PESQUISA DO DF - FAP          ;764910300 - TRANSFERÊNCIAS VOLU - ENCAMINHADO PARA DECISÃO DO ORDENADOR DE DESPESA;012665                                  ;-9400
;015201 - FUNDACAO DE APOIO A PESQUISA DO DF                ;="150201";150201 - FUNDAÇÃO DE APOIO A PESQUISA DO DF - FAP          ;764910300 - TRANSFERÊNCIAS VOLU - ENCAMINHADO PARA DECISÃO DO ORDENADOR DE DESPESA;012667                                  ;-9500
;015201 - FUNDACAO DE APOIO A PESQUISA DO DF                ;="150201";150201 - FUNDAÇÃO DE APOIO A PESQUISA DO DF - FAP          ;764910300 - TRANSFERÊNCIAS VOLU - ENCAMINHADO PARA DECISÃO DO ORDENADOR DE DESPESA;012675                                  ;-8260
;015201 - FUNDACAO DE APOIO A PESQUISA DO DF                ;="150201";150201 - FUNDAÇÃO DE APOIO A PESQUISA DO DF - FAP          ;764910300 - TRANSFERÊNCIAS VOLU - ENCAMINHADO PARA DECISÃO DO ORDENADOR DE DESPESA;012679                                  ;-10000
;015201 - FUNDACAO DE APOIO A PESQUISA DO DF                ;="150201";150201 - FUNDAÇÃO DE APOIO A PESQUISA DO DF - FAP          ;764910300 - TRANSFERÊNCIAS VOLU - ENCAMINHADO PARA DECISÃO DO ORDENADOR DE DESPESA;012680                                  ;-6334,9
;015201 - FUNDACAO DE APOIO A PESQUISA DO DF                ;="150201";150201 - FUNDAÇÃO DE APOIO A PESQUISA DO DF - FAP          ;764910300 - TRANSFERÊNCIAS VOLU - ENCAMINHADO PARA DECISÃO DO ORDENADOR DE DESPESA;012682                                  ;-9160
;015201 - FUNDACAO DE APOIO A PESQUISA DO DF                ;="150201";150201 - FUNDAÇÃO DE APOIO A PESQUISA DO DF - FAP          ;764910300 - TRANSFERÊNCIAS VOLU - ENCAMINHADO PARA DECISÃO DO ORDENADOR DE DESPESA;012685                                  ;-9725
;015201 - FUNDACAO DE APOIO A PESQUISA DO DF                ;="150201";150201 - FUNDAÇÃO DE APOIO A PESQUISA DO DF - FAP          ;764910300 - TRANSFERÊNCIAS VOLU - ENCAMINHADO PARA DECISÃO DO ORDENADOR DE DESPESA;012687                                  ;-10000
;015201 - FUNDACAO DE APOIO A PESQUISA DO DF                ;="150201";150201 - FUNDAÇÃO DE APOIO A PESQUISA DO DF - FAP          ;764910300 - TRANSFERÊNCIAS VOLU - ENCAMINHADO PARA DECISÃO DO ORDENADOR DE DESPESA;012690                                  ;-10000
;015201 - FUNDACAO DE APOIO A PESQUISA DO DF                ;="150201";150201 - FUNDAÇÃO DE APOIO A PESQUISA DO DF - FAP          ;764910300 - TRANSFERÊNCIAS VOLU - ENCAMINHADO PARA DECISÃO DO ORDENADOR DE DESPESA;012691                                  ;-10000
;015201 - FUNDACAO DE APOIO A PESQUISA DO DF                ;="150201";150201 - FUNDAÇÃO DE APOIO A PESQUISA DO DF - FAP          ;764910300 - TRANSFERÊNCIAS VOLU - ENCAMINHADO PARA DECISÃO DO ORDENADOR DE DESPESA;012694                                  ;-8885
;015201 - FUNDACAO DE APOIO A PESQUISA DO DF                ;="150201";150201 - FUNDAÇÃO DE APOIO A PESQUISA DO DF - FAP          ;764910300 - TRANSFERÊNCIAS VOLU - ENCAMINHADO PARA DECISÃO DO ORDENADOR DE DESPESA;012695                                  ;-10000
;015201 - FUNDACAO DE APOIO A PESQUISA DO DF                ;="150201";150201 - FUNDAÇÃO DE APOIO A PESQUISA DO DF - FAP          ;764910300 - TRANSFERÊNCIAS VOLU - ENCAMINHADO PARA DECISÃO DO ORDENADOR DE DESPESA;012697                                  ;-9977,5
;015201 - FUNDACAO DE APOIO A PESQUISA DO DF                ;="150201";150201 - FUNDAÇÃO DE APOIO A PESQUISA DO DF - FAP          ;764910300 - TRANSFERÊNCIAS VOLU - ENCAMINHADO PARA DECISÃO DO ORDENADOR DE DESPESA;012699                                  ;-9944
;015201 - FUNDACAO DE APOIO A PESQUISA DO DF                ;="150201";150201 - FUNDAÇÃO DE APOIO A PESQUISA DO DF - FAP          ;764910300 - TRANSFERÊNCIAS VOLU - ENCAMINHADO PARA DECISÃO DO ORDENADOR DE DESPESA;012701                                  ;-10000
;015201 - FUNDACAO DE APOIO A PESQUISA DO DF                ;="150201";150201 - FUNDAÇÃO DE APOIO A PESQUISA DO DF - FAP          ;764910300 - TRANSFERÊNCIAS VOLU - ENCAMINHADO PARA DECISÃO DO ORDENADOR DE DESPESA;012702                                  ;-10000
;015201 - FUNDACAO DE APOIO A PESQUISA DO DF                ;="150201";150201 - FUNDAÇÃO DE APOIO A PESQUISA DO DF - FAP          ;764910300 - TRANSFERÊNCIAS VOLU - ENCAMINHADO PARA DECISÃO DO ORDENADOR DE DESPESA;012704                                  ;-9999,9
;015201 - FUNDACAO DE APOIO A PESQUISA DO DF                ;="150201";150201 - FUNDAÇÃO DE APOIO A PESQUISA DO DF - FAP          ;764910300 - TRANSFERÊNCIAS VOLU - ENCAMINHADO PARA DECISÃO DO ORDENADOR DE DESPESA;012706                                  ;-9966
;015201 - FUNDACAO DE APOIO A PESQUISA DO DF                ;="150201";150201 - FUNDAÇÃO DE APOIO A PESQUISA DO DF - FAP          ;764910300 - TRANSFERÊNCIAS VOLU - ENCAMINHADO PARA DECISÃO DO ORDENADOR DE DESPESA;012710                                  ;-8254
;015201 - FUNDACAO DE APOIO A PESQUISA DO DF                ;="150201";150201 - FUNDAÇÃO DE APOIO A PESQUISA DO DF - FAP          ;764910300 - TRANSFERÊNCIAS VOLU - ENCAMINHADO PARA DECISÃO DO ORDENADOR DE DESPESA;012711                                  ;-5039
;015201 - FUNDACAO DE APOIO A PESQUISA DO DF                ;="150201";150201 - FUNDAÇÃO DE APOIO A PESQUISA DO DF - FAP          ;764910300 - TRANSFERÊNCIAS VOLU - ENCAMINHADO PARA DECISÃO DO ORDENADOR DE DESPESA;012717                                  ;-9999,7
;015201 - FUNDACAO DE APOIO A PESQUISA DO DF                ;="150201";150201 - FUNDAÇÃO DE APOIO A PESQUISA DO DF - FAP          ;764910300 - TRANSFERÊNCIAS VOLU - ENCAMINHADO PARA DECISÃO DO ORDENADOR DE DESPESA;012718                                  ;-10000
;015201 - FUNDACAO DE APOIO A PESQUISA DO DF                ;="150201";150201 - FUNDAÇÃO DE APOIO A PESQUISA DO DF - FAP          ;764910300 - TRANSFERÊNCIAS VOLU - ENCAMINHADO PARA DECISÃO DO ORDENADOR DE DESPESA;012719                                  ;-10000
;015201 - FUNDACAO DE APOIO A PESQUISA DO DF                ;="150201";150201 - FUNDAÇÃO DE APOIO A PESQUISA DO DF - FAP          ;764910300 - TRANSFERÊNCIAS VOLU - ENCAMINHADO PARA DECISÃO DO ORDENADOR DE DESPESA;012720                                  ;-10000
;015201 - FUNDACAO DE APOIO A PESQUISA DO DF                ;="150201";150201 - FUNDAÇÃO DE APOIO A PESQUISA DO DF - FAP          ;764910300 - TRANSFERÊNCIAS VOLU - ENCAMINHADO PARA DECISÃO DO ORDENADOR DE DESPESA;012728                                  ;-7821
;015201 - FUNDACAO DE APOIO A PESQUISA DO DF                ;="150201";150201 - FUNDAÇÃO DE APOIO A PESQUISA DO DF - FAP          ;764910300 - TRANSFERÊNCIAS VOLU - ENCAMINHADO PARA DECISÃO DO ORDENADOR DE DESPESA;012729                                  ;-9647
;015201 - FUNDACAO DE APOIO A PESQUISA DO DF                ;="150201";150201 - FUNDAÇÃO DE APOIO A PESQUISA DO DF - FAP          ;764910300 - TRANSFERÊNCIAS VOLU - ENCAMINHADO PARA DECISÃO DO ORDENADOR DE DESPESA;012730                                  ;-9999,9
;015201 - FUNDACAO DE APOIO A PESQUISA DO DF                ;="150201";150201 - FUNDAÇÃO DE APOIO A PESQUISA DO DF - FAP          ;764910300 - TRANSFERÊNCIAS VOLU - ENCAMINHADO PARA DECISÃO DO ORDENADOR DE DESPESA;012733                                  ;-9768,5
;015201 - FUNDACAO DE APOIO A PESQUISA DO DF                ;="150201";150201 - FUNDAÇÃO DE APOIO A PESQUISA DO DF - FAP          ;764910300 - TRANSFERÊNCIAS VOLU - ENCAMINHADO PARA DECISÃO DO ORDENADOR DE DESPESA;012734                                  ;-9959
;015201 - FUNDACAO DE APOIO A PESQUISA DO DF                ;="150201";150201 - FUNDAÇÃO DE APOIO A PESQUISA DO DF - FAP          ;764910300 - TRANSFERÊNCIAS VOLU - ENCAMINHADO PARA DECISÃO DO ORDENADOR DE DESPESA;012735                                  ;-4350
;015201 - FUNDACAO DE APOIO A PESQUISA DO DF                ;="150201";150201 - FUNDAÇÃO DE APOIO A PESQUISA DO DF - FAP          ;764910300 - TRANSFERÊNCIAS VOLU - ENCAMINHADO PARA DECISÃO DO ORDENADOR DE DESPESA;012738                                  ;-9882,83
;015201 - FUNDACAO DE APOIO A PESQUISA DO DF                ;="150201";150201 - FUNDAÇÃO DE APOIO A PESQUISA DO DF - FAP          ;764910300 - TRANSFERÊNCIAS VOLU - ENCAMINHADO PARA DECISÃO DO ORDENADOR DE DESPESA;012741                                  ;-9999,9
;015201 - FUNDACAO DE APOIO A PESQUISA DO DF                ;="150201";150201 - FUNDAÇÃO DE APOIO A PESQUISA DO DF - FAP          ;764910300 - TRANSFERÊNCIAS VOLU - ENCAMINHADO PARA DECISÃO DO ORDENADOR DE DESPESA;012742                                  ;-9999,9
;015201 - FUNDACAO DE APOIO A PESQUISA DO DF                ;="150201";150201 - FUNDAÇÃO DE APOIO A PESQUISA DO DF - FAP          ;764910300 - TRANSFERÊNCIAS VOLU - ENCAMINHADO PARA DECISÃO DO ORDENADOR DE DESPESA;012743                                  ;-3000
;015201 - FUNDACAO DE APOIO A PESQUISA DO DF                ;="150201";150201 - FUNDAÇÃO DE APOIO A PESQUISA DO DF - FAP          ;764910300 - TRANSFERÊNCIAS VOLU - ENCAMINHADO PARA DECISÃO DO ORDENADOR DE DESPESA;012748                                  ;-3000
;015201 - FUNDACAO DE APOIO A PESQUISA DO DF                ;="150201";150201 - FUNDAÇÃO DE APOIO A PESQUISA DO DF - FAP          ;764910300 - TRANSFERÊNCIAS VOLU - ENCAMINHADO PARA DECISÃO DO ORDENADOR DE DESPESA;012749                                  ;-4577,73
;015201 - FUNDACAO DE APOIO A PESQUISA DO DF                ;="150201";150201 - FUNDAÇÃO DE APOIO A PESQUISA DO DF - FAP          ;764910300 - TRANSFERÊNCIAS VOLU - ENCAMINHADO PARA DECISÃO DO ORDENADOR DE DESPESA;012750                                  ;-8620
;015201 - FUNDACAO DE APOIO A PESQUISA DO DF                ;="150201";150201 - FUNDAÇÃO DE APOIO A PESQUISA DO DF - FAP          ;764910300 - TRANSFERÊNCIAS VOLU - ENCAMINHADO PARA DECISÃO DO ORDENADOR DE DESPESA;012753                                  ;-8000
;015201 - FUNDACAO DE APOIO A PESQUISA DO DF                ;="150201";150201 - FUNDAÇÃO DE APOIO A PESQUISA DO DF - FAP          ;764910300 - TRANSFERÊNCIAS VOLU - ENCAMINHADO PARA DECISÃO DO ORDENADOR DE DESPESA;012754                                  ;-9999,9
;015201 - FUNDACAO DE APOIO A PESQUISA DO DF                ;="150201";150201 - FUNDAÇÃO DE APOIO A PESQUISA DO DF - FAP          ;764910300 - TRANSFERÊNCIAS VOLU - ENCAMINHADO PARA DECISÃO DO ORDENADOR DE DESPESA;012755                                  ;-10000
;015201 - FUNDACAO DE APOIO A PESQUISA DO DF                ;="150201";150201 - FUNDAÇÃO DE APOIO A PESQUISA DO DF - FAP          ;764910300 - TRANSFERÊNCIAS VOLU - ENCAMINHADO PARA DECISÃO DO ORDENADOR DE DESPESA;012756                                  ;-9278
;015201 - FUNDACAO DE APOIO A PESQUISA DO DF                ;="150201";150201 - FUNDAÇÃO DE APOIO A PESQUISA DO DF - FAP          ;764910300 - TRANSFERÊNCIAS VOLU - ENCAMINHADO PARA DECISÃO DO ORDENADOR DE DESPESA;012757                                  ;-10000
;015201 - FUNDACAO DE APOIO A PESQUISA DO DF                ;="150201";150201 - FUNDAÇÃO DE APOIO A PESQUISA DO DF - FAP          ;764910300 - TRANSFERÊNCIAS VOLU - ENCAMINHADO PARA DECISÃO DO ORDENADOR DE DESPESA;012758                                  ;-10000
;015201 - FUNDACAO DE APOIO A PESQUISA DO DF                ;="150201";150201 - FUNDAÇÃO DE APOIO A PESQUISA DO DF - FAP          ;764910300 - TRANSFERÊNCIAS VOLU - ENCAMINHADO PARA DECISÃO DO ORDENADOR DE DESPESA;012759                                  ;-9650
;015201 - FUNDACAO DE APOIO A PESQUISA DO DF                ;="150201";150201 - FUNDAÇÃO DE APOIO A PESQUISA DO DF - FAP          ;764910300 - TRANSFERÊNCIAS VOLU - ENCAMINHADO PARA DECISÃO DO ORDENADOR DE DESPESA;012765                                  ;-10000
;015201 - FUNDACAO DE APOIO A PESQUISA DO DF                ;="150201";150201 - FUNDAÇÃO DE APOIO A PESQUISA DO DF - FAP          ;764910300 - TRANSFERÊNCIAS VOLU - ENCAMINHADO PARA DECISÃO DO ORDENADOR DE DESPESA;012767                                  ;-5438,52
;015201 - FUNDACAO DE APOIO A PESQUISA DO DF                ;="150201";150201 - FUNDAÇÃO DE APOIO A PESQUISA DO DF - FAP          ;764910300 - TRANSFERÊNCIAS VOLU - ENCAMINHADO PARA DECISÃO DO ORDENADOR DE DESPESA;012768                                  ;-7035,05
;015201 - FUNDACAO DE APOIO A PESQUISA DO DF                ;="150201";150201 - FUNDAÇÃO DE APOIO A PESQUISA DO DF - FAP          ;764910300 - TRANSFERÊNCIAS VOLU - ENCAMINHADO PARA DECISÃO DO ORDENADOR DE DESPESA;012769                                  ;-6651,36
;015201 - FUNDACAO DE APOIO A PESQUISA DO DF                ;="150201";150201 - FUNDAÇÃO DE APOIO A PESQUISA DO DF - FAP          ;764910300 - TRANSFERÊNCIAS VOLU - ENCAMINHADO PARA DECISÃO DO ORDENADOR DE DESPESA;012774                                  ;-9920
;015201 - FUNDACAO DE APOIO A PESQUISA DO DF                ;="150201";150201 - FUNDAÇÃO DE APOIO A PESQUISA DO DF - FAP          ;764910300 - TRANSFERÊNCIAS VOLU - ENCAMINHADO PARA DECISÃO DO ORDENADOR DE DESPESA;012778                                  ;-2450
;015201 - FUNDACAO DE APOIO A PESQUISA DO DF                ;="150201";150201 - FUNDAÇÃO DE APOIO A PESQUISA DO DF - FAP          ;764910300 - TRANSFERÊNCIAS VOLU - ENCAMINHADO PARA DECISÃO DO ORDENADOR DE DESPESA;012781                                  ;-2800
;015201 - FUNDACAO DE APOIO A PESQUISA DO DF                ;="150201";150201 - FUNDAÇÃO DE APOIO A PESQUISA DO DF - FAP          ;764910300 - TRANSFERÊNCIAS VOLU - ENCAMINHADO PARA DECISÃO DO ORDENADOR DE DESPESA;012784                                  ;-10000
;015201 - FUNDACAO DE APOIO A PESQUISA DO DF                ;="150201";150201 - FUNDAÇÃO DE APOIO A PESQUISA DO DF - FAP          ;764910300 - TRANSFERÊNCIAS VOLU - ENCAMINHADO PARA DECISÃO DO ORDENADOR DE DESPESA;012785                                  ;-6000
;015201 - FUNDACAO DE APOIO A PESQUISA DO DF                ;="150201";150201 - FUNDAÇÃO DE APOIO A PESQUISA DO DF - FAP          ;764910300 - TRANSFERÊNCIAS VOLU - ENCAMINHADO PARA DECISÃO DO ORDENADOR DE DESPESA;012786                                  ;-8670,1
;015201 - FUNDACAO DE APOIO A PESQUISA DO DF                ;="150201";150201 - FUNDAÇÃO DE APOIO A PESQUISA DO DF - FAP          ;764910300 - TRANSFERÊNCIAS VOLU - ENCAMINHADO PARA DECISÃO DO ORDENADOR DE DESPESA;012788                                  ;-4439
;015201 - FUNDACAO DE APOIO A PESQUISA DO DF                ;="150201";150201 - FUNDAÇÃO DE APOIO A PESQUISA DO DF - FAP          ;764910300 - TRANSFERÊNCIAS VOLU - ENCAMINHADO PARA DECISÃO DO ORDENADOR DE DESPESA;012789                                  ;-4460,54
;015201 - FUNDACAO DE APOIO A PESQUISA DO DF                ;="150201";150201 - FUNDAÇÃO DE APOIO A PESQUISA DO DF - FAP          ;764910300 - TRANSFERÊNCIAS VOLU - ENCAMINHADO PARA DECISÃO DO ORDENADOR DE DESPESA;012791                                  ;-3000
;015201 - FUNDACAO DE APOIO A PESQUISA DO DF                ;="150201";150201 - FUNDAÇÃO DE APOIO A PESQUISA DO DF - FAP          ;764910300 - TRANSFERÊNCIAS VOLU - ENCAMINHADO PARA DECISÃO DO ORDENADOR DE DESPESA;012793                                  ;-10000
;015201 - FUNDACAO DE APOIO A PESQUISA DO DF                ;="150201";150201 - FUNDAÇÃO DE APOIO A PESQUISA DO DF - FAP          ;764910300 - TRANSFERÊNCIAS VOLU - ENCAMINHADO PARA DECISÃO DO ORDENADOR DE DESPESA;012795                                  ;-10000
;015201 - FUNDACAO DE APOIO A PESQUISA DO DF                ;="150201";150201 - FUNDAÇÃO DE APOIO A PESQUISA DO DF - FAP          ;764910300 - TRANSFERÊNCIAS VOLU - ENCAMINHADO PARA DECISÃO DO ORDENADOR DE DESPESA;012796                                  ;-10000
;015201 - FUNDACAO DE APOIO A PESQUISA DO DF                ;="150201";150201 - FUNDAÇÃO DE APOIO A PESQUISA DO DF - FAP          ;764910300 - TRANSFERÊNCIAS VOLU - ENCAMINHADO PARA DECISÃO DO ORDENADOR DE DESPESA;012813                                  ;-16550
;015201 - FUNDACAO DE APOIO A PESQUISA DO DF                ;="150201";150201 - FUNDAÇÃO DE APOIO A PESQUISA DO DF - FAP          ;764910300 - TRANSFERÊNCIAS VOLU - ENCAMINHADO PARA DECISÃO DO ORDENADOR DE DESPESA;012815                                  ;-2650
;015201 - FUNDACAO DE APOIO A PESQUISA DO DF                ;="150201";150201 - FUNDAÇÃO DE APOIO A PESQUISA DO DF - FAP          ;764910300 - TRANSFERÊNCIAS VOLU - ENCAMINHADO PARA DECISÃO DO ORDENADOR DE DESPESA;012817                                  ;-10000
;015201 - FUNDACAO DE APOIO A PESQUISA DO DF                ;="150201";150201 - FUNDAÇÃO DE APOIO A PESQUISA DO DF - FAP          ;764910300 - TRANSFERÊNCIAS VOLU - ENCAMINHADO PARA DECISÃO DO ORDENADOR DE DESPESA;012827                                  ;-46274,54
;015201 - FUNDACAO DE APOIO A PESQUISA DO DF                ;="150201";150201 - FUNDAÇÃO DE APOIO A PESQUISA DO DF - FAP          ;764910300 - TRANSFERÊNCIAS VOLU - ENCAMINHADO PARA DECISÃO DO ORDENADOR DE DESPESA;012830                                  ;-9893,75
;015201 - FUNDACAO DE APOIO A PESQUISA DO DF                ;="150201";150201 - FUNDAÇÃO DE APOIO A PESQUISA DO DF - FAP          ;764910300 - TRANSFERÊNCIAS VOLU - ENCAMINHADO PARA DECISÃO DO ORDENADOR DE DESPESA;012832                                  ;-3000
;015201 - FUNDACAO DE APOIO A PESQUISA DO DF                ;="150201";150201 - FUNDAÇÃO DE APOIO A PESQUISA DO DF - FAP          ;764910300 - TRANSFERÊNCIAS VOLU - ENCAMINHADO PARA DECISÃO DO ORDENADOR DE DESPESA;012833                                  ;-9350
;015201 - FUNDACAO DE APOIO A PESQUISA DO DF                ;="150201";150201 - FUNDAÇÃO DE APOIO A PESQUISA DO DF - FAP          ;764910300 - TRANSFERÊNCIAS VOLU - ENCAMINHADO PARA DECISÃO DO ORDENADOR DE DESPESA;012834                                  ;-2400
;015201 - FUNDACAO DE APOIO A PESQUISA DO DF                ;="150201";150201 - FUNDAÇÃO DE APOIO A PESQUISA DO DF - FAP          ;764910300 - TRANSFERÊNCIAS VOLU - ENCAMINHADO PARA DECISÃO DO ORDENADOR DE DESPESA;012835                                  ;-6600
;015201 - FUNDACAO DE APOIO A PESQUISA DO DF                ;="150201";150201 - FUNDAÇÃO DE APOIO A PESQUISA DO DF - FAP          ;764910300 - TRANSFERÊNCIAS VOLU - ENCAMINHADO PARA DECISÃO DO ORDENADOR DE DESPESA;012841                                  ;-10000
;015201 - FUNDACAO DE APOIO A PESQUISA DO DF                ;="150201";150201 - FUNDAÇÃO DE APOIO A PESQUISA DO DF - FAP          ;764910300 - TRANSFERÊNCIAS VOLU - ENCAMINHADO PARA DECISÃO DO ORDENADOR DE DESPESA;012842                                  ;-2200
;015201 - FUNDACAO DE APOIO A PESQUISA DO DF                ;="150201";150201 - FUNDAÇÃO DE APOIO A PESQUISA DO DF - FAP          ;764910300 - TRANSFERÊNCIAS VOLU - ENCAMINHADO PARA DECISÃO DO ORDENADOR DE DESPESA;012843                                  ;-2350
;015201 - FUNDACAO DE APOIO A PESQUISA DO DF                ;="150201";150201 - FUNDAÇÃO DE APOIO A PESQUISA DO DF - FAP          ;764910300 - TRANSFERÊNCIAS VOLU - ENCAMINHADO PARA DECISÃO DO ORDENADOR DE DESPESA;012844                                  ;-2400
;015201 - FUNDACAO DE APOIO A PESQUISA DO DF                ;="150201";150201 - FUNDAÇÃO DE APOIO A PESQUISA DO DF - FAP          ;764910300 - TRANSFERÊNCIAS VOLU - ENCAMINHADO PARA DECISÃO DO ORDENADOR DE DESPESA;012845                                  ;-9882,5
;015201 - FUNDACAO DE APOIO A PESQUISA DO DF                ;="150201";150201 - FUNDAÇÃO DE APOIO A PESQUISA DO DF - FAP          ;764910300 - TRANSFERÊNCIAS VOLU - ENCAMINHADO PARA DECISÃO DO ORDENADOR DE DESPESA;012846                                  ;-1800
;015201 - FUNDACAO DE APOIO A PESQUISA DO DF                ;="150201";150201 - FUNDAÇÃO DE APOIO A PESQUISA DO DF - FAP          ;764910300 - TRANSFERÊNCIAS VOLU - ENCAMINHADO PARA DECISÃO DO ORDENADOR DE DESPESA;012847                                  ;-10000
;015201 - FUNDACAO DE APOIO A PESQUISA DO DF                ;="150201";150201 - FUNDAÇÃO DE APOIO A PESQUISA DO DF - FAP          ;764910300 - TRANSFERÊNCIAS VOLU - ENCAMINHADO PARA DECISÃO DO ORDENADOR DE DESPESA;012848                                  ;-9997,22
;015201 - FUNDACAO DE APOIO A PESQUISA DO DF                ;="150201";150201 - FUNDAÇÃO DE APOIO A PESQUISA DO DF - FAP          ;764910300 - TRANSFERÊNCIAS VOLU - ENCAMINHADO PARA DECISÃO DO ORDENADOR DE DESPESA;012849                                  ;-10000
;015201 - FUNDACAO DE APOIO A PESQUISA DO DF                ;="150201";150201 - FUNDAÇÃO DE APOIO A PESQUISA DO DF - FAP          ;764910300 - TRANSFERÊNCIAS VOLU - ENCAMINHADO PARA DECISÃO DO ORDENADOR DE DESPESA;012850                                  ;-9500
;015201 - FUNDACAO DE APOIO A PESQUISA DO DF                ;="150201";150201 - FUNDAÇÃO DE APOIO A PESQUISA DO DF - FAP          ;764910300 - TRANSFERÊNCIAS VOLU - ENCAMINHADO PARA DECISÃO DO ORDENADOR DE DESPESA;012853                                  ;-68779,76
;015201 - FUNDACAO DE APOIO A PESQUISA DO DF                ;="150201";150201 - FUNDAÇÃO DE APOIO A PESQUISA DO DF - FAP          ;764910300 - TRANSFERÊNCIAS VOLU - ENCAMINHADO PARA DECISÃO DO ORDENADOR DE DESPESA;012855                                  ;-9920
;015201 - FUNDACAO DE APOIO A PESQUISA DO DF                ;="150201";150201 - FUNDAÇÃO DE APOIO A PESQUISA DO DF - FAP          ;764910300 - TRANSFERÊNCIAS VOLU - ENCAMINHADO PARA DECISÃO DO ORDENADOR DE DESPESA;012856                                  ;-9920
;015201 - FUNDACAO DE APOIO A PESQUISA DO DF                ;="150201";150201 - FUNDAÇÃO DE APOIO A PESQUISA DO DF - FAP          ;764910300 - TRANSFERÊNCIAS VOLU - ENCAMINHADO PARA DECISÃO DO ORDENADOR DE DESPESA;012857                                  ;-9972
;015201 - FUNDACAO DE APOIO A PESQUISA DO DF                ;="150201";150201 - FUNDAÇÃO DE APOIO A PESQUISA DO DF - FAP          ;764910300 - TRANSFERÊNCIAS VOLU - ENCAMINHADO PARA DECISÃO DO ORDENADOR DE DESPESA;012861                                  ;-10000
;015201 - FUNDACAO DE APOIO A PESQUISA DO DF                ;="150201";150201 - FUNDAÇÃO DE APOIO A PESQUISA DO DF - FAP          ;764910300 - TRANSFERÊNCIAS VOLU - ENCAMINHADO PARA DECISÃO DO ORDENADOR DE DESPESA;012862                                  ;-10000
;015201 - FUNDACAO DE APOIO A PESQUISA DO DF                ;="150201";150201 - FUNDAÇÃO DE APOIO A PESQUISA DO DF - FAP          ;764910300 - TRANSFERÊNCIAS VOLU - ENCAMINHADO PARA DECISÃO DO ORDENADOR DE DESPESA;012863                                  ;-7215
;015201 - FUNDACAO DE APOIO A PESQUISA DO DF                ;="150201";150201 - FUNDAÇÃO DE APOIO A PESQUISA DO DF - FAP          ;764910300 - TRANSFERÊNCIAS VOLU - ENCAMINHADO PARA DECISÃO DO ORDENADOR DE DESPESA;012866                                  ;-10000
;015201 - FUNDACAO DE APOIO A PESQUISA DO DF                ;="150201";150201 - FUNDAÇÃO DE APOIO A PESQUISA DO DF - FAP          ;764910300 - TRANSFERÊNCIAS VOLU - ENCAMINHADO PARA DECISÃO DO ORDENADOR DE DESPESA;012868                                  ;-10000
;015201 - FUNDACAO DE APOIO A PESQUISA DO DF                ;="150201";150201 - FUNDAÇÃO DE APOIO A PESQUISA DO DF - FAP          ;764910300 - TRANSFERÊNCIAS VOLU - ENCAMINHADO PARA DECISÃO DO ORDENADOR DE DESPESA;012870                                  ;-10000
;015201 - FUNDACAO DE APOIO A PESQUISA DO DF                ;="150201";150201 - FUNDAÇÃO DE APOIO A PESQUISA DO DF - FAP          ;764910300 - TRANSFERÊNCIAS VOLU - ENCAMINHADO PARA DECISÃO DO ORDENADOR DE DESPESA;012872                                  ;-9994,5
;015201 - FUNDACAO DE APOIO A PESQUISA DO DF                ;="150201";150201 - FUNDAÇÃO DE APOIO A PESQUISA DO DF - FAP          ;764910300 - TRANSFERÊNCIAS VOLU - ENCAMINHADO PARA DECISÃO DO ORDENADOR DE DESPESA;012873                                  ;-9999,5
;015201 - FUNDACAO DE APOIO A PESQUISA DO DF                ;="150201";150201 - FUNDAÇÃO DE APOIO A PESQUISA DO DF - FAP          ;764910300 - TRANSFERÊNCIAS VOLU - ENCAMINHADO PARA DECISÃO DO ORDENADOR DE DESPESA;012882                                  ;-3000
;015201 - FUNDACAO DE APOIO A PESQUISA DO DF                ;="150201";150201 - FUNDAÇÃO DE APOIO A PESQUISA DO DF - FAP          ;764910300 - TRANSFERÊNCIAS VOLU - ENCAMINHADO PARA DECISÃO DO ORDENADOR DE DESPESA;012884                                  ;-2450
;015201 - FUNDACAO DE APOIO A PESQUISA DO DF                ;="150201";150201 - FUNDAÇÃO DE APOIO A PESQUISA DO DF - FAP          ;764910300 - TRANSFERÊNCIAS VOLU - ENCAMINHADO PARA DECISÃO DO ORDENADOR DE DESPESA;012885                                  ;-3000
;015201 - FUNDACAO DE APOIO A PESQUISA DO DF                ;="150201";150201 - FUNDAÇÃO DE APOIO A PESQUISA DO DF - FAP          ;764910300 - TRANSFERÊNCIAS VOLU - ENCAMINHADO PARA DECISÃO DO ORDENADOR DE DESPESA;012886                                  ;-6000
;015201 - FUNDACAO DE APOIO A PESQUISA DO DF                ;="150201";150201 - FUNDAÇÃO DE APOIO A PESQUISA DO DF - FAP          ;764910300 - TRANSFERÊNCIAS VOLU - ENCAMINHADO PARA DECISÃO DO ORDENADOR DE DESPESA;012891                                  ;-10000
;015201 - FUNDACAO DE APOIO A PESQUISA DO DF                ;="150201";150201 - FUNDAÇÃO DE APOIO A PESQUISA DO DF - FAP          ;764910300 - TRANSFERÊNCIAS VOLU - ENCAMINHADO PARA DECISÃO DO ORDENADOR DE DESPESA;012896                                  ;-1850
;015201 - FUNDACAO DE APOIO A PESQUISA DO DF                ;="150201";150201 - FUNDAÇÃO DE APOIO A PESQUISA DO DF - FAP          ;764910300 - TRANSFERÊNCIAS VOLU - ENCAMINHADO PARA DECISÃO DO ORDENADOR DE DESPESA;012901                                  ;-552
;015201 - FUNDACAO DE APOIO A PESQUISA DO DF                ;="150201";150201 - FUNDAÇÃO DE APOIO A PESQUISA DO DF - FAP          ;764910300 - TRANSFERÊNCIAS VOLU - ENCAMINHADO PARA DECISÃO DO ORDENADOR DE DESPESA;012903                                  ;-2500
;015201 - FUNDACAO DE APOIO A PESQUISA DO DF                ;="150201";150201 - FUNDAÇÃO DE APOIO A PESQUISA DO DF - FAP          ;764910300 - TRANSFERÊNCIAS VOLU - ENCAMINHADO PARA DECISÃO DO ORDENADOR DE DESPESA;012904                                  ;-74110
;015201 - FUNDACAO DE APOIO A PESQUISA DO DF                ;="150201";150201 - FUNDAÇÃO DE APOIO A PESQUISA DO DF - FAP          ;764910300 - TRANSFERÊNCIAS VOLU - ENCAMINHADO PARA DECISÃO DO ORDENADOR DE DESPESA;012906                                  ;-41767,62
;015201 - FUNDACAO DE APOIO A PESQUISA DO DF                ;="150201";150201 - FUNDAÇÃO DE APOIO A PESQUISA DO DF - FAP          ;764910300 - TRANSFERÊNCIAS VOLU - ENCAMINHADO PARA DECISÃO DO ORDENADOR DE DESPESA;012909                                  ;-9932,6
;015201 - FUNDACAO DE APOIO A PESQUISA DO DF                ;="150201";150201 - FUNDAÇÃO DE APOIO A PESQUISA DO DF - FAP          ;764910300 - TRANSFERÊNCIAS VOLU - ENCAMINHADO PARA DECISÃO DO ORDENADOR DE DESPESA;012910                                  ;-10000
;015201 - FUNDACAO DE APOIO A PESQUISA DO DF                ;="150201";150201 - FUNDAÇÃO DE APOIO A PESQUISA DO DF - FAP          ;764910300 - TRANSFERÊNCIAS VOLU - ENCAMINHADO PARA DECISÃO DO ORDENADOR DE DESPESA;012913                                  ;-8232
;015201 - FUNDACAO DE APOIO A PESQUISA DO DF                ;="150201";150201 - FUNDAÇÃO DE APOIO A PESQUISA DO DF - FAP          ;764910300 - TRANSFERÊNCIAS VOLU - ENCAMINHADO PARA DECISÃO DO ORDENADOR DE DESPESA;012914                                  ;-6530
;015201 - FUNDACAO DE APOIO A PESQUISA DO DF                ;="150201";150201 - FUNDAÇÃO DE APOIO A PESQUISA DO DF - FAP          ;764910300 - TRANSFERÊNCIAS VOLU - ENCAMINHADO PARA DECISÃO DO ORDENADOR DE DESPESA;012915                                  ;-9991
;015201 - FUNDACAO DE APOIO A PESQUISA DO DF                ;="150201";150201 - FUNDAÇÃO DE APOIO A PESQUISA DO DF - FAP          ;764910300 - TRANSFERÊNCIAS VOLU - ENCAMINHADO PARA DECISÃO DO ORDENADOR DE DESPESA;012917                                  ;-9992
;015201 - FUNDACAO DE APOIO A PESQUISA DO DF                ;="150201";150201 - FUNDAÇÃO DE APOIO A PESQUISA DO DF - FAP          ;764910300 - TRANSFERÊNCIAS VOLU - ENCAMINHADO PARA DECISÃO DO ORDENADOR DE DESPESA;012918                                  ;-2350
;015201 - FUNDACAO DE APOIO A PESQUISA DO DF                ;="150201";150201 - FUNDAÇÃO DE APOIO A PESQUISA DO DF - FAP          ;764910300 - TRANSFERÊNCIAS VOLU - ENCAMINHADO PARA DECISÃO DO ORDENADOR DE DESPESA;012921                                  ;-9999,78
;015201 - FUNDACAO DE APOIO A PESQUISA DO DF                ;="150201";150201 - FUNDAÇÃO DE APOIO A PESQUISA DO DF - FAP          ;764910300 - TRANSFERÊNCIAS VOLU - ENCAMINHADO PARA DECISÃO DO ORDENADOR DE DESPESA;012924                                  ;-10000
;015201 - FUNDACAO DE APOIO A PESQUISA DO DF                ;="150201";150201 - FUNDAÇÃO DE APOIO A PESQUISA DO DF - FAP          ;764910300 - TRANSFERÊNCIAS VOLU - ENCAMINHADO PARA DECISÃO DO ORDENADOR DE DESPESA;012925                                  ;-2650
;015201 - FUNDACAO DE APOIO A PESQUISA DO DF                ;="150201";150201 - FUNDAÇÃO DE APOIO A PESQUISA DO DF - FAP          ;764910300 - TRANSFERÊNCIAS VOLU - ENCAMINHADO PARA DECISÃO DO ORDENADOR DE DESPESA;012926                                  ;-2250
;015201 - FUNDACAO DE APOIO A PESQUISA DO DF                ;="150201";150201 - FUNDAÇÃO DE APOIO A PESQUISA DO DF - FAP          ;764910300 - TRANSFERÊNCIAS VOLU - ENCAMINHADO PARA DECISÃO DO ORDENADOR DE DESPESA;012927                                  ;-9999,98
;015201 - FUNDACAO DE APOIO A PESQUISA DO DF                ;="150201";150201 - FUNDAÇÃO DE APOIO A PESQUISA DO DF - FAP          ;764910300 - TRANSFERÊNCIAS VOLU - ENCAMINHADO PARA DECISÃO DO ORDENADOR DE DESPESA;012928                                  ;-3000
;015201 - FUNDACAO DE APOIO A PESQUISA DO DF                ;="150201";150201 - FUNDAÇÃO DE APOIO A PESQUISA DO DF - FAP          ;764910300 - TRANSFERÊNCIAS VOLU - ENCAMINHADO PARA DECISÃO DO ORDENADOR DE DESPESA;012929                                  ;-10000
;015201 - FUNDACAO DE APOIO A PESQUISA DO DF                ;="150201";150201 - FUNDAÇÃO DE APOIO A PESQUISA DO DF - FAP          ;764910300 - TRANSFERÊNCIAS VOLU - ENCAMINHADO PARA DECISÃO DO ORDENADOR DE DESPESA;012930                                  ;-8197,2
;015201 - FUNDACAO DE APOIO A PESQUISA DO DF                ;="150201";150201 - FUNDAÇÃO DE APOIO A PESQUISA DO DF - FAP          ;764910300 - TRANSFERÊNCIAS VOLU - ENCAMINHADO PARA DECISÃO DO ORDENADOR DE DESPESA;012931                                  ;-8630,04
;015201 - FUNDACAO DE APOIO A PESQUISA DO DF                ;="150201";150201 - FUNDAÇÃO DE APOIO A PESQUISA DO DF - FAP          ;764910300 - TRANSFERÊNCIAS VOLU - ENCAMINHADO PARA DECISÃO DO ORDENADOR DE DESPESA;012933                                  ;-29800
;015201 - FUNDACAO DE APOIO A PESQUISA DO DF                ;="150201";150201 - FUNDAÇÃO DE APOIO A PESQUISA DO DF - FAP          ;764910300 - TRANSFERÊNCIAS VOLU - ENCAMINHADO PARA DECISÃO DO ORDENADOR DE DESPESA;012935                                  ;-9954,2
;015201 - FUNDACAO DE APOIO A PESQUISA DO DF                ;="150201";150201 - FUNDAÇÃO DE APOIO A PESQUISA DO DF - FAP          ;764910300 - TRANSFERÊNCIAS VOLU - ENCAMINHADO PARA DECISÃO DO ORDENADOR DE DESPESA;012938                                  ;-9920
;015201 - FUNDACAO DE APOIO A PESQUISA DO DF                ;="150201";150201 - FUNDAÇÃO DE APOIO A PESQUISA DO DF - FAP          ;764910300 - TRANSFERÊNCIAS VOLU - ENCAMINHADO PARA DECISÃO DO ORDENADOR DE DESPESA;012940                                  ;-8837,7
;015201 - FUNDACAO DE APOIO A PESQUISA DO DF                ;="150201";150201 - FUNDAÇÃO DE APOIO A PESQUISA DO DF - FAP          ;764910300 - TRANSFERÊNCIAS VOLU - ENCAMINHADO PARA DECISÃO DO ORDENADOR DE DESPESA;012942                                  ;-2800
;015201 - FUNDACAO DE APOIO A PESQUISA DO DF                ;="150201";150201 - FUNDAÇÃO DE APOIO A PESQUISA DO DF - FAP          ;764910300 - TRANSFERÊNCIAS VOLU - ENCAMINHADO PARA DECISÃO DO ORDENADOR DE DESPESA;012943                                  ;-9979
;015201 - FUNDACAO DE APOIO A PESQUISA DO DF                ;="150201";150201 - FUNDAÇÃO DE APOIO A PESQUISA DO DF - FAP          ;764910300 - TRANSFERÊNCIAS VOLU - ENCAMINHADO PARA DECISÃO DO ORDENADOR DE DESPESA;012944                                  ;-5192,5
;015201 - FUNDACAO DE APOIO A PESQUISA DO DF                ;="150201";150201 - FUNDAÇÃO DE APOIO A PESQUISA DO DF - FAP          ;764910300 - TRANSFERÊNCIAS VOLU - ENCAMINHADO PARA DECISÃO DO ORDENADOR DE DESPESA;012945                                  ;-7870,6
;015201 - FUNDACAO DE APOIO A PESQUISA DO DF                ;="150201";150201 - FUNDAÇÃO DE APOIO A PESQUISA DO DF - FAP          ;764910300 - TRANSFERÊNCIAS VOLU - ENCAMINHADO PARA DECISÃO DO ORDENADOR DE DESPESA;012946                                  ;-5208
;015201 - FUNDACAO DE APOIO A PESQUISA DO DF                ;="150201";150201 - FUNDAÇÃO DE APOIO A PESQUISA DO DF - FAP          ;764910300 - TRANSFERÊNCIAS VOLU - ENCAMINHADO PARA DECISÃO DO ORDENADOR DE DESPESA;012949                                  ;-2950
;015201 - FUNDACAO DE APOIO A PESQUISA DO DF                ;="150201";150201 - FUNDAÇÃO DE APOIO A PESQUISA DO DF - FAP          ;764910300 - TRANSFERÊNCIAS VOLU - ENCAMINHADO PARA DECISÃO DO ORDENADOR DE DESPESA;012950                                  ;-2700
;015201 - FUNDACAO DE APOIO A PESQUISA DO DF                ;="150201";150201 - FUNDAÇÃO DE APOIO A PESQUISA DO DF - FAP          ;764910300 - TRANSFERÊNCIAS VOLU - ENCAMINHADO PARA DECISÃO DO ORDENADOR DE DESPESA;012954                                  ;-2515,8
;015201 - FUNDACAO DE APOIO A PESQUISA DO DF                ;="150201";150201 - FUNDAÇÃO DE APOIO A PESQUISA DO DF - FAP          ;764910300 - TRANSFERÊNCIAS VOLU - ENCAMINHADO PARA DECISÃO DO ORDENADOR DE DESPESA;012956                                  ;-9891,56
;015201 - FUNDACAO DE APOIO A PESQUISA DO DF                ;="150201";150201 - FUNDAÇÃO DE APOIO A PESQUISA DO DF - FAP          ;764910300 - TRANSFERÊNCIAS VOLU - ENCAMINHADO PARA DECISÃO DO ORDENADOR DE DESPESA;012957                                  ;-2700
;015201 - FUNDACAO DE APOIO A PESQUISA DO DF                ;="150201";150201 - FUNDAÇÃO DE APOIO A PESQUISA DO DF - FAP          ;764910300 - TRANSFERÊNCIAS VOLU - ENCAMINHADO PARA DECISÃO DO ORDENADOR DE DESPESA;012958                                  ;-9999,96
;015201 - FUNDACAO DE APOIO A PESQUISA DO DF                ;="150201";150201 - FUNDAÇÃO DE APOIO A PESQUISA DO DF - FAP          ;764910300 - TRANSFERÊNCIAS VOLU - ENCAMINHADO PARA DECISÃO DO ORDENADOR DE DESPESA;012960                                  ;-2250
;015201 - FUNDACAO DE APOIO A PESQUISA DO DF                ;="150201";150201 - FUNDAÇÃO DE APOIO A PESQUISA DO DF - FAP          ;764910300 - TRANSFERÊNCIAS VOLU - ENCAMINHADO PARA DECISÃO DO ORDENADOR DE DESPESA;012961                                  ;-3000
;015201 - FUNDACAO DE APOIO A PESQUISA DO DF                ;="150201";150201 - FUNDAÇÃO DE APOIO A PESQUISA DO DF - FAP          ;764910300 - TRANSFERÊNCIAS VOLU - ENCAMINHADO PARA DECISÃO DO ORDENADOR DE DESPESA;012965                                  ;-3000
;015201 - FUNDACAO DE APOIO A PESQUISA DO DF                ;="150201";150201 - FUNDAÇÃO DE APOIO A PESQUISA DO DF - FAP          ;764910300 - TRANSFERÊNCIAS VOLU - ENCAMINHADO PARA DECISÃO DO ORDENADOR DE DESPESA;012967                                  ;-9993
;015201 - FUNDACAO DE APOIO A PESQUISA DO DF                ;="150201";150201 - FUNDAÇÃO DE APOIO A PESQUISA DO DF - FAP          ;764910300 - TRANSFERÊNCIAS VOLU - ENCAMINHADO PARA DECISÃO DO ORDENADOR DE DESPESA;012968                                  ;-10000
;015201 - FUNDACAO DE APOIO A PESQUISA DO DF                ;="150201";150201 - FUNDAÇÃO DE APOIO A PESQUISA DO DF - FAP          ;764910300 - TRANSFERÊNCIAS VOLU - ENCAMINHADO PARA DECISÃO DO ORDENADOR DE DESPESA;012979                                  ;-100000
;015201 - FUNDACAO DE APOIO A PESQUISA DO DF                ;="150201";150201 - FUNDAÇÃO DE APOIO A PESQUISA DO DF - FAP          ;764910300 - TRANSFERÊNCIAS VOLU - ENCAMINHADO PARA DECISÃO DO ORDENADOR DE DESPESA;012984                                  ;-19370
;015201 - FUNDACAO DE APOIO A PESQUISA DO DF                ;="150201";150201 - FUNDAÇÃO DE APOIO A PESQUISA DO DF - FAP          ;764910300 - TRANSFERÊNCIAS VOLU - ENCAMINHADO PARA DECISÃO DO ORDENADOR DE DESPESA;012985                                  ;-3000
;015201 - FUNDACAO DE APOIO A PESQUISA DO DF                ;="150201";150201 - FUNDAÇÃO DE APOIO A PESQUISA DO DF - FAP          ;764910300 - TRANSFERÊNCIAS VOLU - ENCAMINHADO PARA DECISÃO DO ORDENADOR DE DESPESA;012986                                  ;-2000
;015201 - FUNDACAO DE APOIO A PESQUISA DO DF                ;="150201";150201 - FUNDAÇÃO DE APOIO A PESQUISA DO DF - FAP          ;764910300 - TRANSFERÊNCIAS VOLU - ENCAMINHADO PARA DECISÃO DO ORDENADOR DE DESPESA;012988                                  ;-10000
;015201 - FUNDACAO DE APOIO A PESQUISA DO DF                ;="150201";150201 - FUNDAÇÃO DE APOIO A PESQUISA DO DF - FAP          ;764910300 - TRANSFERÊNCIAS VOLU - ENCAMINHADO PARA DECISÃO DO ORDENADOR DE DESPESA;012992                                  ;-2800
;015201 - FUNDACAO DE APOIO A PESQUISA DO DF                ;="150201";150201 - FUNDAÇÃO DE APOIO A PESQUISA DO DF - FAP          ;764910300 - TRANSFERÊNCIAS VOLU - ENCAMINHADO PARA DECISÃO DO ORDENADOR DE DESPESA;013000                                  ;-98159,12
;015201 - FUNDACAO DE APOIO A PESQUISA DO DF                ;="150201";150201 - FUNDAÇÃO DE APOIO A PESQUISA DO DF - FAP          ;764910300 - TRANSFERÊNCIAS VOLU - ENCAMINHADO PARA DECISÃO DO ORDENADOR DE DESPESA;013004                                  ;-29282
;015201 - FUNDACAO DE APOIO A PESQUISA DO DF                ;="150201";150201 - FUNDAÇÃO DE APOIO A PESQUISA DO DF - FAP          ;764910300 - TRANSFERÊNCIAS VOLU - ENCAMINHADO PARA DECISÃO DO ORDENADOR DE DESPESA;013005                                  ;-34900
;015201 - FUNDACAO DE APOIO A PESQUISA DO DF                ;="150201";150201 - FUNDAÇÃO DE APOIO A PESQUISA DO DF - FAP          ;764910300 - TRANSFERÊNCIAS VOLU - ENCAMINHADO PARA DECISÃO DO ORDENADOR DE DESPESA;013012                                  ;-26500
;015201 - FUNDACAO DE APOIO A PESQUISA DO DF                ;="150201";150201 - FUNDAÇÃO DE APOIO A PESQUISA DO DF - FAP          ;764910300 - TRANSFERÊNCIAS VOLU - ENCAMINHADO PARA DECISÃO DO ORDENADOR DE DESPESA;013016                                  ;-10000
;015201 - FUNDACAO DE APOIO A PESQUISA DO DF                ;="150201";150201 - FUNDAÇÃO DE APOIO A PESQUISA DO DF - FAP          ;764910300 - TRANSFERÊNCIAS VOLU - ENCAMINHADO PARA DECISÃO DO ORDENADOR DE DESPESA;013020                                  ;-9916
;015201 - FUNDACAO DE APOIO A PESQUISA DO DF                ;="150201";150201 - FUNDAÇÃO DE APOIO A PESQUISA DO DF - FAP          ;764910300 - TRANSFERÊNCIAS VOLU - ENCAMINHADO PARA DECISÃO DO ORDENADOR DE DESPESA;013021                                  ;-10000
;015201 - FUNDACAO DE APOIO A PESQUISA DO DF                ;="150201";150201 - FUNDAÇÃO DE APOIO A PESQUISA DO DF - FAP          ;764910300 - TRANSFERÊNCIAS VOLU - ENCAMINHADO PARA DECISÃO DO ORDENADOR DE DESPESA;013022                                  ;-1848
;015201 - FUNDACAO DE APOIO A PESQUISA DO DF                ;="150201";150201 - FUNDAÇÃO DE APOIO A PESQUISA DO DF - FAP          ;764910300 - TRANSFERÊNCIAS VOLU - ENCAMINHADO PARA DECISÃO DO ORDENADOR DE DESPESA;013024                                  ;-9760
;015201 - FUNDACAO DE APOIO A PESQUISA DO DF                ;="150201";150201 - FUNDAÇÃO DE APOIO A PESQUISA DO DF - FAP          ;764910300 - TRANSFERÊNCIAS VOLU - ENCAMINHADO PARA DECISÃO DO ORDENADOR DE DESPESA;013025                                  ;-2900
;015201 - FUNDACAO DE APOIO A PESQUISA DO DF                ;="150201";150201 - FUNDAÇÃO DE APOIO A PESQUISA DO DF - FAP          ;764910300 - TRANSFERÊNCIAS VOLU - ENCAMINHADO PARA DECISÃO DO ORDENADOR DE DESPESA;013026                                  ;-2600
;015201 - FUNDACAO DE APOIO A PESQUISA DO DF                ;="150201";150201 - FUNDAÇÃO DE APOIO A PESQUISA DO DF - FAP          ;764910300 - TRANSFERÊNCIAS VOLU - ENCAMINHADO PARA DECISÃO DO ORDENADOR DE DESPESA;013032                                  ;-10000
;015201 - FUNDACAO DE APOIO A PESQUISA DO DF                ;="150201";150201 - FUNDAÇÃO DE APOIO A PESQUISA DO DF - FAP          ;764910300 - TRANSFERÊNCIAS VOLU - ENCAMINHADO PARA DECISÃO DO ORDENADOR DE DESPESA;013033                                  ;-10000
;015201 - FUNDACAO DE APOIO A PESQUISA DO DF                ;="150201";150201 - FUNDAÇÃO DE APOIO A PESQUISA DO DF - FAP          ;764910300 - TRANSFERÊNCIAS VOLU - ENCAMINHADO PARA DECISÃO DO ORDENADOR DE DESPESA;013034                                  ;-9996
;015201 - FUNDACAO DE APOIO A PESQUISA DO DF                ;="150201";150201 - FUNDAÇÃO DE APOIO A PESQUISA DO DF - FAP          ;764910300 - TRANSFERÊNCIAS VOLU - ENCAMINHADO PARA DECISÃO DO ORDENADOR DE DESPESA;013036                                  ;-10000
;015201 - FUNDACAO DE APOIO A PESQUISA DO DF                ;="150201";150201 - FUNDAÇÃO DE APOIO A PESQUISA DO DF - FAP          ;764910300 - TRANSFERÊNCIAS VOLU - ENCAMINHADO PARA DECISÃO DO ORDENADOR DE DESPESA;013037                                  ;-2800
;015201 - FUNDACAO DE APOIO A PESQUISA DO DF                ;="150201";150201 - FUNDAÇÃO DE APOIO A PESQUISA DO DF - FAP          ;764910300 - TRANSFERÊNCIAS VOLU - ENCAMINHADO PARA DECISÃO DO ORDENADOR DE DESPESA;013041                                  ;-10000
;015201 - FUNDACAO DE APOIO A PESQUISA DO DF                ;="150201";150201 - FUNDAÇÃO DE APOIO A PESQUISA DO DF - FAP          ;764910300 - TRANSFERÊNCIAS VOLU - ENCAMINHADO PARA DECISÃO DO ORDENADOR DE DESPESA;013042                                  ;-10000
;015201 - FUNDACAO DE APOIO A PESQUISA DO DF                ;="150201";150201 - FUNDAÇÃO DE APOIO A PESQUISA DO DF - FAP          ;764910300 - TRANSFERÊNCIAS VOLU - ENCAMINHADO PARA DECISÃO DO ORDENADOR DE DESPESA;013043                                  ;-9926
;015201 - FUNDACAO DE APOIO A PESQUISA DO DF                ;="150201";150201 - FUNDAÇÃO DE APOIO A PESQUISA DO DF - FAP          ;764910300 - TRANSFERÊNCIAS VOLU - ENCAMINHADO PARA DECISÃO DO ORDENADOR DE DESPESA;013044                                  ;-10000
;015201 - FUNDACAO DE APOIO A PESQUISA DO DF                ;="150201";150201 - FUNDAÇÃO DE APOIO A PESQUISA DO DF - FAP          ;764910300 - TRANSFERÊNCIAS VOLU - ENCAMINHADO PARA DECISÃO DO ORDENADOR DE DESPESA;013045                                  ;-9980,64
;015201 - FUNDACAO DE APOIO A PESQUISA DO DF                ;="150201";150201 - FUNDAÇÃO DE APOIO A PESQUISA DO DF - FAP          ;764910300 - TRANSFERÊNCIAS VOLU - ENCAMINHADO PARA DECISÃO DO ORDENADOR DE DESPESA;013046                                  ;-10000
;015201 - FUNDACAO DE APOIO A PESQUISA DO DF                ;="150201";150201 - FUNDAÇÃO DE APOIO A PESQUISA DO DF - FAP          ;764910300 - TRANSFERÊNCIAS VOLU - ENCAMINHADO PARA DECISÃO DO ORDENADOR DE DESPESA;013047                                  ;-10000
;015201 - FUNDACAO DE APOIO A PESQUISA DO DF                ;="150201";150201 - FUNDAÇÃO DE APOIO A PESQUISA DO DF - FAP          ;764910300 - TRANSFERÊNCIAS VOLU - ENCAMINHADO PARA DECISÃO DO ORDENADOR DE DESPESA;013050                                  ;-10000
;015201 - FUNDACAO DE APOIO A PESQUISA DO DF                ;="150201";150201 - FUNDAÇÃO DE APOIO A PESQUISA DO DF - FAP          ;764910300 - TRANSFERÊNCIAS VOLU - ENCAMINHADO PARA DECISÃO DO ORDENADOR DE DESPESA;013051                                  ;-10000
;015201 - FUNDACAO DE APOIO A PESQUISA DO DF                ;="150201";150201 - FUNDAÇÃO DE APOIO A PESQUISA DO DF - FAP          ;764910300 - TRANSFERÊNCIAS VOLU - ENCAMINHADO PARA DECISÃO DO ORDENADOR DE DESPESA;013063                                  ;-3000
;015201 - FUNDACAO DE APOIO A PESQUISA DO DF                ;="150201";150201 - FUNDAÇÃO DE APOIO A PESQUISA DO DF - FAP          ;764910300 - TRANSFERÊNCIAS VOLU - ENCAMINHADO PARA DECISÃO DO ORDENADOR DE DESPESA;013065                                  ;-2950
;015201 - FUNDACAO DE APOIO A PESQUISA DO DF                ;="150201";150201 - FUNDAÇÃO DE APOIO A PESQUISA DO DF - FAP          ;764910300 - TRANSFERÊNCIAS VOLU - ENCAMINHADO PARA DECISÃO DO ORDENADOR DE DESPESA;013066                                  ;-3000
;015201 - FUNDACAO DE APOIO A PESQUISA DO DF                ;="150201";150201 - FUNDAÇÃO DE APOIO A PESQUISA DO DF - FAP          ;764910300 - TRANSFERÊNCIAS VOLU - ENCAMINHADO PARA DECISÃO DO ORDENADOR DE DESPESA;013067                                  ;-9991,16
;015201 - FUNDACAO DE APOIO A PESQUISA DO DF                ;="150201";150201 - FUNDAÇÃO DE APOIO A PESQUISA DO DF - FAP          ;764910300 - TRANSFERÊNCIAS VOLU - ENCAMINHADO PARA DECISÃO DO ORDENADOR DE DESPESA;013068                                  ;-10000
;015201 - FUNDACAO DE APOIO A PESQUISA DO DF                ;="150201";150201 - FUNDAÇÃO DE APOIO A PESQUISA DO DF - FAP          ;764910300 - TRANSFERÊNCIAS VOLU - ENCAMINHADO PARA DECISÃO DO ORDENADOR DE DESPESA;013069                                  ;-7600
;015201 - FUNDACAO DE APOIO A PESQUISA DO DF                ;="150201";150201 - FUNDAÇÃO DE APOIO A PESQUISA DO DF - FAP          ;764910300 - TRANSFERÊNCIAS VOLU - ENCAMINHADO PARA DECISÃO DO ORDENADOR DE DESPESA;013070                                  ;-3000
;015201 - FUNDACAO DE APOIO A PESQUISA DO DF                ;="150201";150201 - FUNDAÇÃO DE APOIO A PESQUISA DO DF - FAP          ;764910300 - TRANSFERÊNCIAS VOLU - ENCAMINHADO PARA DECISÃO DO ORDENADOR DE DESPESA;013072                                  ;-2950
;015201 - FUNDACAO DE APOIO A PESQUISA DO DF                ;="150201";150201 - FUNDAÇÃO DE APOIO A PESQUISA DO DF - FAP          ;764910300 - TRANSFERÊNCIAS VOLU - ENCAMINHADO PARA DECISÃO DO ORDENADOR DE DESPESA;013073                                  ;-10000
;015201 - FUNDACAO DE APOIO A PESQUISA DO DF                ;="150201";150201 - FUNDAÇÃO DE APOIO A PESQUISA DO DF - FAP          ;764910300 - TRANSFERÊNCIAS VOLU - ENCAMINHADO PARA DECISÃO DO ORDENADOR DE DESPESA;013078                                  ;-2650
;015201 - FUNDACAO DE APOIO A PESQUISA DO DF                ;="150201";150201 - FUNDAÇÃO DE APOIO A PESQUISA DO DF - FAP          ;764910300 - TRANSFERÊNCIAS VOLU - ENCAMINHADO PARA DECISÃO DO ORDENADOR DE DESPESA;013080                                  ;-9281,6
;015201 - FUNDACAO DE APOIO A PESQUISA DO DF                ;="150201";150201 - FUNDAÇÃO DE APOIO A PESQUISA DO DF - FAP          ;764910300 - TRANSFERÊNCIAS VOLU - ENCAMINHADO PARA DECISÃO DO ORDENADOR DE DESPESA;013081                                  ;-27750
;015201 - FUNDACAO DE APOIO A PESQUISA DO DF                ;="150201";150201 - FUNDAÇÃO DE APOIO A PESQUISA DO DF - FAP          ;764910300 - TRANSFERÊNCIAS VOLU - ENCAMINHADO PARA DECISÃO DO ORDENADOR DE DESPESA;013088                                  ;-2750
;015201 - FUNDACAO DE APOIO A PESQUISA DO DF                ;="150201";150201 - FUNDAÇÃO DE APOIO A PESQUISA DO DF - FAP          ;764910300 - TRANSFERÊNCIAS VOLU - ENCAMINHADO PARA DECISÃO DO ORDENADOR DE DESPESA;013090                                  ;-3000
;015201 - FUNDACAO DE APOIO A PESQUISA DO DF                ;="150201";150201 - FUNDAÇÃO DE APOIO A PESQUISA DO DF - FAP          ;764910300 - TRANSFERÊNCIAS VOLU - ENCAMINHADO PARA DECISÃO DO ORDENADOR DE DESPESA;013093                                  ;-10000
;015201 - FUNDACAO DE APOIO A PESQUISA DO DF                ;="150201";150201 - FUNDAÇÃO DE APOIO A PESQUISA DO DF - FAP          ;764910300 - TRANSFERÊNCIAS VOLU - ENCAMINHADO PARA DECISÃO DO ORDENADOR DE DESPESA;013094                                  ;-3000
;015201 - FUNDACAO DE APOIO A PESQUISA DO DF                ;="150201";150201 - FUNDAÇÃO DE APOIO A PESQUISA DO DF - FAP          ;764910300 - TRANSFERÊNCIAS VOLU - ENCAMINHADO PARA DECISÃO DO ORDENADOR DE DESPESA;013097                                  ;-9998,7
;015201 - FUNDACAO DE APOIO A PESQUISA DO DF                ;="150201";150201 - FUNDAÇÃO DE APOIO A PESQUISA DO DF - FAP          ;764910300 - TRANSFERÊNCIAS VOLU - ENCAMINHADO PARA DECISÃO DO ORDENADOR DE DESPESA;013099                                  ;-9992
;015201 - FUNDACAO DE APOIO A PESQUISA DO DF                ;="150201";150201 - FUNDAÇÃO DE APOIO A PESQUISA DO DF - FAP          ;764910300 - TRANSFERÊNCIAS VOLU - ENCAMINHADO PARA DECISÃO DO ORDENADOR DE DESPESA;013103                                  ;-67151,3
;015201 - FUNDACAO DE APOIO A PESQUISA DO DF                ;="150201";150201 - FUNDAÇÃO DE APOIO A PESQUISA DO DF - FAP          ;764910300 - TRANSFERÊNCIAS VOLU - ENCAMINHADO PARA DECISÃO DO ORDENADOR DE DESPESA;013105                                  ;-2200
;015201 - FUNDACAO DE APOIO A PESQUISA DO DF                ;="150201";150201 - FUNDAÇÃO DE APOIO A PESQUISA DO DF - FAP          ;764910300 - TRANSFERÊNCIAS VOLU - ENCAMINHADO PARA DECISÃO DO ORDENADOR DE DESPESA;013106                                  ;-9708,8
;015201 - FUNDACAO DE APOIO A PESQUISA DO DF                ;="150201";150201 - FUNDAÇÃO DE APOIO A PESQUISA DO DF - FAP          ;764910300 - TRANSFERÊNCIAS VOLU - ENCAMINHADO PARA DECISÃO DO ORDENADOR DE DESPESA;013120                                  ;-9500
;015201 - FUNDACAO DE APOIO A PESQUISA DO DF                ;="150201";150201 - FUNDAÇÃO DE APOIO A PESQUISA DO DF - FAP          ;764910300 - TRANSFERÊNCIAS VOLU - ENCAMINHADO PARA DECISÃO DO ORDENADOR DE DESPESA;013122                                  ;-10000
;015201 - FUNDACAO DE APOIO A PESQUISA DO DF                ;="150201";150201 - FUNDAÇÃO DE APOIO A PESQUISA DO DF - FAP          ;764910300 - TRANSFERÊNCIAS VOLU - ENCAMINHADO PARA DECISÃO DO ORDENADOR DE DESPESA;013123                                  ;-10000
;015201 - FUNDACAO DE APOIO A PESQUISA DO DF                ;="150201";150201 - FUNDAÇÃO DE APOIO A PESQUISA DO DF - FAP          ;764910300 - TRANSFERÊNCIAS VOLU - ENCAMINHADO PARA DECISÃO DO ORDENADOR DE DESPESA;013128                                  ;-10000
;015201 - FUNDACAO DE APOIO A PESQUISA DO DF                ;="150201";150201 - FUNDAÇÃO DE APOIO A PESQUISA DO DF - FAP          ;764910300 - TRANSFERÊNCIAS VOLU - ENCAMINHADO PARA DECISÃO DO ORDENADOR DE DESPESA;013129                                  ;-10000
;015201 - FUNDACAO DE APOIO A PESQUISA DO DF                ;="150201";150201 - FUNDAÇÃO DE APOIO A PESQUISA DO DF - FAP          ;764910300 - TRANSFERÊNCIAS VOLU - ENCAMINHADO PARA DECISÃO DO ORDENADOR DE DESPESA;013134                                  ;-9992
;015201 - FUNDACAO DE APOIO A PESQUISA DO DF                ;="150201";150201 - FUNDAÇÃO DE APOIO A PESQUISA DO DF - FAP          ;764910300 - TRANSFERÊNCIAS VOLU - ENCAMINHADO PARA DECISÃO DO ORDENADOR DE DESPESA;013137                                  ;-9932,17
;015201 - FUNDACAO DE APOIO A PESQUISA DO DF                ;="150201";150201 - FUNDAÇÃO DE APOIO A PESQUISA DO DF - FAP          ;764910300 - TRANSFERÊNCIAS VOLU - ENCAMINHADO PARA DECISÃO DO ORDENADOR DE DESPESA;013139                                  ;-10000
;015201 - FUNDACAO DE APOIO A PESQUISA DO DF                ;="150201";150201 - FUNDAÇÃO DE APOIO A PESQUISA DO DF - FAP          ;764910300 - TRANSFERÊNCIAS VOLU - ENCAMINHADO PARA DECISÃO DO ORDENADOR DE DESPESA;013141                                  ;-9990
;015201 - FUNDACAO DE APOIO A PESQUISA DO DF                ;="150201";150201 - FUNDAÇÃO DE APOIO A PESQUISA DO DF - FAP          ;764910300 - TRANSFERÊNCIAS VOLU - ENCAMINHADO PARA DECISÃO DO ORDENADOR DE DESPESA;013142                                  ;-9400
;015201 - FUNDACAO DE APOIO A PESQUISA DO DF                ;="150201";150201 - FUNDAÇÃO DE APOIO A PESQUISA DO DF - FAP          ;764910300 - TRANSFERÊNCIAS VOLU - ENCAMINHADO PARA DECISÃO DO ORDENADOR DE DESPESA;013144                                  ;-1750
;015201 - FUNDACAO DE APOIO A PESQUISA DO DF                ;="150201";150201 - FUNDAÇÃO DE APOIO A PESQUISA DO DF - FAP          ;764910300 - TRANSFERÊNCIAS VOLU - ENCAMINHADO PARA DECISÃO DO ORDENADOR DE DESPESA;013145                                  ;-9990,8
;015201 - FUNDACAO DE APOIO A PESQUISA DO DF                ;="150201";150201 - FUNDAÇÃO DE APOIO A PESQUISA DO DF - FAP          ;764910300 - TRANSFERÊNCIAS VOLU - ENCAMINHADO PARA DECISÃO DO ORDENADOR DE DESPESA;013146                                  ;-6700
;015201 - FUNDACAO DE APOIO A PESQUISA DO DF                ;="150201";150201 - FUNDAÇÃO DE APOIO A PESQUISA DO DF - FAP          ;764910300 - TRANSFERÊNCIAS VOLU - ENCAMINHADO PARA DECISÃO DO ORDENADOR DE DESPESA;013148                                  ;-9303,84
;015201 - FUNDACAO DE APOIO A PESQUISA DO DF                ;="150201";150201 - FUNDAÇÃO DE APOIO A PESQUISA DO DF - FAP          ;764910300 - TRANSFERÊNCIAS VOLU - ENCAMINHADO PARA DECISÃO DO ORDENADOR DE DESPESA;013149                                  ;-10000
;015201 - FUNDACAO DE APOIO A PESQUISA DO DF                ;="150201";150201 - FUNDAÇÃO DE APOIO A PESQUISA DO DF - FAP          ;764910300 - TRANSFERÊNCIAS VOLU - ENCAMINHADO PARA DECISÃO DO ORDENADOR DE DESPESA;013150                                  ;-4552,8
;015201 - FUNDACAO DE APOIO A PESQUISA DO DF                ;="150201";150201 - FUNDAÇÃO DE APOIO A PESQUISA DO DF - FAP          ;764910300 - TRANSFERÊNCIAS VOLU - ENCAMINHADO PARA DECISÃO DO ORDENADOR DE DESPESA;013152                                  ;-8332,9
;015201 - FUNDACAO DE APOIO A PESQUISA DO DF                ;="150201";150201 - FUNDAÇÃO DE APOIO A PESQUISA DO DF - FAP          ;764910300 - TRANSFERÊNCIAS VOLU - ENCAMINHADO PARA DECISÃO DO ORDENADOR DE DESPESA;013153                                  ;-9263,75
;015201 - FUNDACAO DE APOIO A PESQUISA DO DF                ;="150201";150201 - FUNDAÇÃO DE APOIO A PESQUISA DO DF - FAP          ;764910300 - TRANSFERÊNCIAS VOLU - ENCAMINHADO PARA DECISÃO DO ORDENADOR DE DESPESA;013155                                  ;-9998,4
;015201 - FUNDACAO DE APOIO A PESQUISA DO DF                ;="150201";150201 - FUNDAÇÃO DE APOIO A PESQUISA DO DF - FAP          ;764910300 - TRANSFERÊNCIAS VOLU - ENCAMINHADO PARA DECISÃO DO ORDENADOR DE DESPESA;013157                                  ;-2570
;015201 - FUNDACAO DE APOIO A PESQUISA DO DF                ;="150201";150201 - FUNDAÇÃO DE APOIO A PESQUISA DO DF - FAP          ;764910300 - TRANSFERÊNCIAS VOLU - ENCAMINHADO PARA DECISÃO DO ORDENADOR DE DESPESA;013173                                  ;-9645
;015201 - FUNDACAO DE APOIO A PESQUISA DO DF                ;="150201";150201 - FUNDAÇÃO DE APOIO A PESQUISA DO DF - FAP          ;764910300 - TRANSFERÊNCIAS VOLU - ENCAMINHADO PARA DECISÃO DO ORDENADOR DE DESPESA;013181                                  ;-9900
;015201 - FUNDACAO DE APOIO A PESQUISA DO DF                ;="150201";150201 - FUNDAÇÃO DE APOIO A PESQUISA DO DF - FAP          ;764910300 - TRANSFERÊNCIAS VOLU - ENCAMINHADO PARA DECISÃO DO ORDENADOR DE DESPESA;013183                                  ;-9929
;015201 - FUNDACAO DE APOIO A PESQUISA DO DF                ;="150201";150201 - FUNDAÇÃO DE APOIO A PESQUISA DO DF - FAP          ;764910300 - TRANSFERÊNCIAS VOLU - ENCAMINHADO PARA DECISÃO DO ORDENADOR DE DESPESA;013185                                  ;-8022
;015201 - FUNDACAO DE APOIO A PESQUISA DO DF                ;="150201";150201 - FUNDAÇÃO DE APOIO A PESQUISA DO DF - FAP          ;764910300 - TRANSFERÊNCIAS VOLU - ENCAMINHADO PARA DECISÃO DO ORDENADOR DE DESPESA;013187                                  ;-2650
;015201 - FUNDACAO DE APOIO A PESQUISA DO DF                ;="150201";150201 - FUNDAÇÃO DE APOIO A PESQUISA DO DF - FAP          ;764910300 - TRANSFERÊNCIAS VOLU - ENCAMINHADO PARA DECISÃO DO ORDENADOR DE DESPESA;013190                                  ;-10000
;015201 - FUNDACAO DE APOIO A PESQUISA DO DF                ;="150201";150201 - FUNDAÇÃO DE APOIO A PESQUISA DO DF - FAP          ;764910300 - TRANSFERÊNCIAS VOLU - ENCAMINHADO PARA DECISÃO DO ORDENADOR DE DESPESA;013210                                  ;-8701
;015201 - FUNDACAO DE APOIO A PESQUISA DO DF                ;="150201";150201 - FUNDAÇÃO DE APOIO A PESQUISA DO DF - FAP          ;764910300 - TRANSFERÊNCIAS VOLU - ENCAMINHADO PARA DECISÃO DO ORDENADOR DE DESPESA;013213                                  ;-5790
;015201 - FUNDACAO DE APOIO A PESQUISA DO DF                ;="150201";150201 - FUNDAÇÃO DE APOIO A PESQUISA DO DF - FAP          ;764910300 - TRANSFERÊNCIAS VOLU - ENCAMINHADO PARA DECISÃO DO ORDENADOR DE DESPESA;013219                                  ;-8779
;015201 - FUNDACAO DE APOIO A PESQUISA DO DF                ;="150201";150201 - FUNDAÇÃO DE APOIO A PESQUISA DO DF - FAP          ;764910300 - TRANSFERÊNCIAS VOLU - ENCAMINHADO PARA DECISÃO DO ORDENADOR DE DESPESA;013223                                  ;-9500
;015201 - FUNDACAO DE APOIO A PESQUISA DO DF                ;="150201";150201 - FUNDAÇÃO DE APOIO A PESQUISA DO DF - FAP          ;764910300 - TRANSFERÊNCIAS VOLU - ENCAMINHADO PARA DECISÃO DO ORDENADOR DE DESPESA;013226                                  ;-9998,4
;015201 - FUNDACAO DE APOIO A PESQUISA DO DF                ;="150201";150201 - FUNDAÇÃO DE APOIO A PESQUISA DO DF - FAP          ;764910300 - TRANSFERÊNCIAS VOLU - ENCAMINHADO PARA DECISÃO DO ORDENADOR DE DESPESA;013229                                  ;-10000
;015201 - FUNDACAO DE APOIO A PESQUISA DO DF                ;="150201";150201 - FUNDAÇÃO DE APOIO A PESQUISA DO DF - FAP          ;764910300 - TRANSFERÊNCIAS VOLU - ENCAMINHADO PARA DECISÃO DO ORDENADOR DE DESPESA;013233                                  ;-9999,93
;015201 - FUNDACAO DE APOIO A PESQUISA DO DF                ;="150201";150201 - FUNDAÇÃO DE APOIO A PESQUISA DO DF - FAP          ;764910300 - TRANSFERÊNCIAS VOLU - ENCAMINHADO PARA DECISÃO DO ORDENADOR DE DESPESA;013235                                  ;-6100
;015201 - FUNDACAO DE APOIO A PESQUISA DO DF                ;="150201";150201 - FUNDAÇÃO DE APOIO A PESQUISA DO DF - FAP          ;764910300 - TRANSFERÊNCIAS VOLU - ENCAMINHADO PARA DECISÃO DO ORDENADOR DE DESPESA;013236                                  ;-4695
;015201 - FUNDACAO DE APOIO A PESQUISA DO DF                ;="150201";150201 - FUNDAÇÃO DE APOIO A PESQUISA DO DF - FAP          ;764910300 - TRANSFERÊNCIAS VOLU - ENCAMINHADO PARA DECISÃO DO ORDENADOR DE DESPESA;013238                                  ;-9996,39
;015201 - FUNDACAO DE APOIO A PESQUISA DO DF                ;="150201";150201 - FUNDAÇÃO DE APOIO A PESQUISA DO DF - FAP          ;764910300 - TRANSFERÊNCIAS VOLU - ENCAMINHADO PARA DECISÃO DO ORDENADOR DE DESPESA;013319                                  ;-31877,13
;015201 - FUNDACAO DE APOIO A PESQUISA DO DF                ;="150201";150201 - FUNDAÇÃO DE APOIO A PESQUISA DO DF - FAP          ;764910300 - TRANSFERÊNCIAS VOLU - ENCAMINHADO PARA DECISÃO DO ORDENADOR DE DESPESA;013330                                  ;-8336
;015201 - FUNDACAO DE APOIO A PESQUISA DO DF                ;="150201";150201 - FUNDAÇÃO DE APOIO A PESQUISA DO DF - FAP          ;764910300 - TRANSFERÊNCIAS VOLU - ENCAMINHADO PARA DECISÃO DO ORDENADOR DE DESPESA;013331                                  ;-10000
;015201 - FUNDACAO DE APOIO A PESQUISA DO DF                ;="150201";150201 - FUNDAÇÃO DE APOIO A PESQUISA DO DF - FAP          ;764910300 - TRANSFERÊNCIAS VOLU - ENCAMINHADO PARA DECISÃO DO ORDENADOR DE DESPESA;013333                                  ;-9990
;015201 - FUNDACAO DE APOIO A PESQUISA DO DF                ;="150201";150201 - FUNDAÇÃO DE APOIO A PESQUISA DO DF - FAP          ;764910300 - TRANSFERÊNCIAS VOLU - ENCAMINHADO PARA DECISÃO DO ORDENADOR DE DESPESA;013334                                  ;-10000
;015201 - FUNDACAO DE APOIO A PESQUISA DO DF                ;="150201";150201 - FUNDAÇÃO DE APOIO A PESQUISA DO DF - FAP          ;764910300 - TRANSFERÊNCIAS VOLU - ENCAMINHADO PARA DECISÃO DO ORDENADOR DE DESPESA;013335                                  ;-10000
;015201 - FUNDACAO DE APOIO A PESQUISA DO DF                ;="150201";150201 - FUNDAÇÃO DE APOIO A PESQUISA DO DF - FAP          ;764910300 - TRANSFERÊNCIAS VOLU - ENCAMINHADO PARA DECISÃO DO ORDENADOR DE DESPESA;013336                                  ;-10000
;015201 - FUNDACAO DE APOIO A PESQUISA DO DF                ;="150201";150201 - FUNDAÇÃO DE APOIO A PESQUISA DO DF - FAP          ;764910300 - TRANSFERÊNCIAS VOLU - ENCAMINHADO PARA DECISÃO DO ORDENADOR DE DESPESA;013337                                  ;-9975,86
;015201 - FUNDACAO DE APOIO A PESQUISA DO DF                ;="150201";150201 - FUNDAÇÃO DE APOIO A PESQUISA DO DF - FAP          ;764910300 - TRANSFERÊNCIAS VOLU - ENCAMINHADO PARA DECISÃO DO ORDENADOR DE DESPESA;013338                                  ;-10000
;015201 - FUNDACAO DE APOIO A PESQUISA DO DF                ;="150201";150201 - FUNDAÇÃO DE APOIO A PESQUISA DO DF - FAP          ;764910300 - TRANSFERÊNCIAS VOLU - ENCAMINHADO PARA DECISÃO DO ORDENADOR DE DESPESA;013341                                  ;-9998,24
;015201 - FUNDACAO DE APOIO A PESQUISA DO DF                ;="150201";150201 - FUNDAÇÃO DE APOIO A PESQUISA DO DF - FAP          ;764910300 - TRANSFERÊNCIAS VOLU - ENCAMINHADO PARA DECISÃO DO ORDENADOR DE DESPESA;013343                                  ;-9999,9
;015201 - FUNDACAO DE APOIO A PESQUISA DO DF                ;="150201";150201 - FUNDAÇÃO DE APOIO A PESQUISA DO DF - FAP          ;764910300 - TRANSFERÊNCIAS VOLU - ENCAMINHADO PARA DECISÃO DO ORDENADOR DE DESPESA;013344                                  ;-9999,99
;015201 - FUNDACAO DE APOIO A PESQUISA DO DF                ;="150201";150201 - FUNDAÇÃO DE APOIO A PESQUISA DO DF - FAP          ;764910300 - TRANSFERÊNCIAS VOLU - ENCAMINHADO PARA DECISÃO DO ORDENADOR DE DESPESA;013347                                  ;-2050
;015201 - FUNDACAO DE APOIO A PESQUISA DO DF                ;="150201";150201 - FUNDAÇÃO DE APOIO A PESQUISA DO DF - FAP          ;764910300 - TRANSFERÊNCIAS VOLU - ENCAMINHADO PARA DECISÃO DO ORDENADOR DE DESPESA;013348                                  ;-10000
;015201 - FUNDACAO DE APOIO A PESQUISA DO DF                ;="150201";150201 - FUNDAÇÃO DE APOIO A PESQUISA DO DF - FAP          ;764910300 - TRANSFERÊNCIAS VOLU - ENCAMINHADO PARA DECISÃO DO ORDENADOR DE DESPESA;013349                                  ;-2550
;015201 - FUNDACAO DE APOIO A PESQUISA DO DF                ;="150201";150201 - FUNDAÇÃO DE APOIO A PESQUISA DO DF - FAP          ;764910300 - TRANSFERÊNCIAS VOLU - ENCAMINHADO PARA DECISÃO DO ORDENADOR DE DESPESA;013351                                  ;-2160
;015201 - FUNDACAO DE APOIO A PESQUISA DO DF                ;="150201";150201 - FUNDAÇÃO DE APOIO A PESQUISA DO DF - FAP          ;764910300 - TRANSFERÊNCIAS VOLU - ENCAMINHADO PARA DECISÃO DO ORDENADOR DE DESPESA;013353                                  ;-10000
;015201 - FUNDACAO DE APOIO A PESQUISA DO DF                ;="150201";150201 - FUNDAÇÃO DE APOIO A PESQUISA DO DF - FAP          ;764910300 - TRANSFERÊNCIAS VOLU - ENCAMINHADO PARA DECISÃO DO ORDENADOR DE DESPESA;013355                                  ;-3000
;015201 - FUNDACAO DE APOIO A PESQUISA DO DF                ;="150201";150201 - FUNDAÇÃO DE APOIO A PESQUISA DO DF - FAP          ;764910300 - TRANSFERÊNCIAS VOLU - ENCAMINHADO PARA DECISÃO DO ORDENADOR DE DESPESA;013356                                  ;-8383
;015201 - FUNDACAO DE APOIO A PESQUISA DO DF                ;="150201";150201 - FUNDAÇÃO DE APOIO A PESQUISA DO DF - FAP          ;764910300 - TRANSFERÊNCIAS VOLU - ENCAMINHADO PARA DECISÃO DO ORDENADOR DE DESPESA;013357                                  ;-1900
;015201 - FUNDACAO DE APOIO A PESQUISA DO DF                ;="150201";150201 - FUNDAÇÃO DE APOIO A PESQUISA DO DF - FAP          ;764910300 - TRANSFERÊNCIAS VOLU - ENCAMINHADO PARA DECISÃO DO ORDENADOR DE DESPESA;013358                                  ;-9998
;015201 - FUNDACAO DE APOIO A PESQUISA DO DF                ;="150201";150201 - FUNDAÇÃO DE APOIO A PESQUISA DO DF - FAP          ;764910300 - TRANSFERÊNCIAS VOLU - ENCAMINHADO PARA DECISÃO DO ORDENADOR DE DESPESA;013360                                  ;-9679,24
;015201 - FUNDACAO DE APOIO A PESQUISA DO DF                ;="150201";150201 - FUNDAÇÃO DE APOIO A PESQUISA DO DF - FAP          ;764910300 - TRANSFERÊNCIAS VOLU - ENCAMINHADO PARA DECISÃO DO ORDENADOR DE DESPESA;013361                                  ;-10000
;015201 - FUNDACAO DE APOIO A PESQUISA DO DF                ;="150201";150201 - FUNDAÇÃO DE APOIO A PESQUISA DO DF - FAP          ;764910300 - TRANSFERÊNCIAS VOLU - ENCAMINHADO PARA DECISÃO DO ORDENADOR DE DESPESA;013362                                  ;-1450
;015201 - FUNDACAO DE APOIO A PESQUISA DO DF                ;="150201";150201 - FUNDAÇÃO DE APOIO A PESQUISA DO DF - FAP          ;764910300 - TRANSFERÊNCIAS VOLU - ENCAMINHADO PARA DECISÃO DO ORDENADOR DE DESPESA;013363                                  ;-6884
;015201 - FUNDACAO DE APOIO A PESQUISA DO DF                ;="150201";150201 - FUNDAÇÃO DE APOIO A PESQUISA DO DF - FAP          ;764910300 - TRANSFERÊNCIAS VOLU - ENCAMINHADO PARA DECISÃO DO ORDENADOR DE DESPESA;013366                                  ;-4560
;015201 - FUNDACAO DE APOIO A PESQUISA DO DF                ;="150201";150201 - FUNDAÇÃO DE APOIO A PESQUISA DO DF - FAP          ;764910300 - TRANSFERÊNCIAS VOLU - ENCAMINHADO PARA DECISÃO DO ORDENADOR DE DESPESA;013367                                  ;-8422
;015201 - FUNDACAO DE APOIO A PESQUISA DO DF                ;="150201";150201 - FUNDAÇÃO DE APOIO A PESQUISA DO DF - FAP          ;764910300 - TRANSFERÊNCIAS VOLU - ENCAMINHADO PARA DECISÃO DO ORDENADOR DE DESPESA;013368                                  ;-9996
;015201 - FUNDACAO DE APOIO A PESQUISA DO DF                ;="150201";150201 - FUNDAÇÃO DE APOIO A PESQUISA DO DF - FAP          ;764910300 - TRANSFERÊNCIAS VOLU - ENCAMINHADO PARA DECISÃO DO ORDENADOR DE DESPESA;013369                                  ;-9476,4
;015201 - FUNDACAO DE APOIO A PESQUISA DO DF                ;="150201";150201 - FUNDAÇÃO DE APOIO A PESQUISA DO DF - FAP          ;764910300 - TRANSFERÊNCIAS VOLU - ENCAMINHADO PARA DECISÃO DO ORDENADOR DE DESPESA;013371                                  ;-9826
;015201 - FUNDACAO DE APOIO A PESQUISA DO DF                ;="150201";150201 - FUNDAÇÃO DE APOIO A PESQUISA DO DF - FAP          ;764910300 - TRANSFERÊNCIAS VOLU - ENCAMINHADO PARA DECISÃO DO ORDENADOR DE DESPESA;013372                                  ;-9901,5
;015201 - FUNDACAO DE APOIO A PESQUISA DO DF                ;="150201";150201 - FUNDAÇÃO DE APOIO A PESQUISA DO DF - FAP          ;764910300 - TRANSFERÊNCIAS VOLU - ENCAMINHADO PARA DECISÃO DO ORDENADOR DE DESPESA;013373                                  ;-10000
;015201 - FUNDACAO DE APOIO A PESQUISA DO DF                ;="150201";150201 - FUNDAÇÃO DE APOIO A PESQUISA DO DF - FAP          ;764910300 - TRANSFERÊNCIAS VOLU - ENCAMINHADO PARA DECISÃO DO ORDENADOR DE DESPESA;013374                                  ;-10000
;015201 - FUNDACAO DE APOIO A PESQUISA DO DF                ;="150201";150201 - FUNDAÇÃO DE APOIO A PESQUISA DO DF - FAP          ;764910300 - TRANSFERÊNCIAS VOLU - ENCAMINHADO PARA DECISÃO DO ORDENADOR DE DESPESA;013375                                  ;-2930
;015201 - FUNDACAO DE APOIO A PESQUISA DO DF                ;="150201";150201 - FUNDAÇÃO DE APOIO A PESQUISA DO DF - FAP          ;764910300 - TRANSFERÊNCIAS VOLU - ENCAMINHADO PARA DECISÃO DO ORDENADOR DE DESPESA;013376                                  ;-8806,85
;015201 - FUNDACAO DE APOIO A PESQUISA DO DF                ;="150201";150201 - FUNDAÇÃO DE APOIO A PESQUISA DO DF - FAP          ;764910300 - TRANSFERÊNCIAS VOLU - ENCAMINHADO PARA DECISÃO DO ORDENADOR DE DESPESA;013377                                  ;-2400
;015201 - FUNDACAO DE APOIO A PESQUISA DO DF                ;="150201";150201 - FUNDAÇÃO DE APOIO A PESQUISA DO DF - FAP          ;764910300 - TRANSFERÊNCIAS VOLU - ENCAMINHADO PARA DECISÃO DO ORDENADOR DE DESPESA;013378                                  ;-10000
;015201 - FUNDACAO DE APOIO A PESQUISA DO DF                ;="150201";150201 - FUNDAÇÃO DE APOIO A PESQUISA DO DF - FAP          ;764910300 - TRANSFERÊNCIAS VOLU - ENCAMINHADO PARA DECISÃO DO ORDENADOR DE DESPESA;013379                                  ;-78428,2
;015201 - FUNDACAO DE APOIO A PESQUISA DO DF                ;="150201";150201 - FUNDAÇÃO DE APOIO A PESQUISA DO DF - FAP          ;764910300 - TRANSFERÊNCIAS VOLU - ENCAMINHADO PARA DECISÃO DO ORDENADOR DE DESPESA;013380                                  ;-8800
;015201 - FUNDACAO DE APOIO A PESQUISA DO DF                ;="150201";150201 - FUNDAÇÃO DE APOIO A PESQUISA DO DF - FAP          ;764910300 - TRANSFERÊNCIAS VOLU - ENCAMINHADO PARA DECISÃO DO ORDENADOR DE DESPESA;013381                                  ;-5440
;015201 - FUNDACAO DE APOIO A PESQUISA DO DF                ;="150201";150201 - FUNDAÇÃO DE APOIO A PESQUISA DO DF - FAP          ;764910300 - TRANSFERÊNCIAS VOLU - ENCAMINHADO PARA DECISÃO DO ORDENADOR DE DESPESA;013382                                  ;-3808
;015201 - FUNDACAO DE APOIO A PESQUISA DO DF                ;="150201";150201 - FUNDAÇÃO DE APOIO A PESQUISA DO DF - FAP          ;764910300 - TRANSFERÊNCIAS VOLU - ENCAMINHADO PARA DECISÃO DO ORDENADOR DE DESPESA;013383                                  ;-9992,2
;015201 - FUNDACAO DE APOIO A PESQUISA DO DF                ;="150201";150201 - FUNDAÇÃO DE APOIO A PESQUISA DO DF - FAP          ;764910300 - TRANSFERÊNCIAS VOLU - ENCAMINHADO PARA DECISÃO DO ORDENADOR DE DESPESA;013384                                  ;-8745,4
;015201 - FUNDACAO DE APOIO A PESQUISA DO DF                ;="150201";150201 - FUNDAÇÃO DE APOIO A PESQUISA DO DF - FAP          ;764910300 - TRANSFERÊNCIAS VOLU - ENCAMINHADO PARA DECISÃO DO ORDENADOR DE DESPESA;013385                                  ;-9960
;015201 - FUNDACAO DE APOIO A PESQUISA DO DF                ;="150201";150201 - FUNDAÇÃO DE APOIO A PESQUISA DO DF - FAP          ;764910300 - TRANSFERÊNCIAS VOLU - ENCAMINHADO PARA DECISÃO DO ORDENADOR DE DESPESA;013386                                  ;-10000
;015201 - FUNDACAO DE APOIO A PESQUISA DO DF                ;="150201";150201 - FUNDAÇÃO DE APOIO A PESQUISA DO DF - FAP          ;764910300 - TRANSFERÊNCIAS VOLU - ENCAMINHADO PARA DECISÃO DO ORDENADOR DE DESPESA;013389                                  ;-7460
;015201 - FUNDACAO DE APOIO A PESQUISA DO DF                ;="150201";150201 - FUNDAÇÃO DE APOIO A PESQUISA DO DF - FAP          ;764910300 - TRANSFERÊNCIAS VOLU - ENCAMINHADO PARA DECISÃO DO ORDENADOR DE DESPESA;013390                                  ;-9978
;015201 - FUNDACAO DE APOIO A PESQUISA DO DF                ;="150201";150201 - FUNDAÇÃO DE APOIO A PESQUISA DO DF - FAP          ;764910300 - TRANSFERÊNCIAS VOLU - ENCAMINHADO PARA DECISÃO DO ORDENADOR DE DESPESA;013391                                  ;-9065
;015201 - FUNDACAO DE APOIO A PESQUISA DO DF                ;="150201";150201 - FUNDAÇÃO DE APOIO A PESQUISA DO DF - FAP          ;764910300 - TRANSFERÊNCIAS VOLU - ENCAMINHADO PARA DECISÃO DO ORDENADOR DE DESPESA;013392                                  ;-10000
;015201 - FUNDACAO DE APOIO A PESQUISA DO DF                ;="150201";150201 - FUNDAÇÃO DE APOIO A PESQUISA DO DF - FAP          ;764910300 - TRANSFERÊNCIAS VOLU - ENCAMINHADO PARA DECISÃO DO ORDENADOR DE DESPESA;013394                                  ;-5640
;015201 - FUNDACAO DE APOIO A PESQUISA DO DF                ;="150201";150201 - FUNDAÇÃO DE APOIO A PESQUISA DO DF - FAP          ;764910300 - TRANSFERÊNCIAS VOLU - ENCAMINHADO PARA DECISÃO DO ORDENADOR DE DESPESA;013395                                  ;-2910
;015201 - FUNDACAO DE APOIO A PESQUISA DO DF                ;="150201";150201 - FUNDAÇÃO DE APOIO A PESQUISA DO DF - FAP          ;764910300 - TRANSFERÊNCIAS VOLU - ENCAMINHADO PARA DECISÃO DO ORDENADOR DE DESPESA;013396                                  ;-9747,96
;015201 - FUNDACAO DE APOIO A PESQUISA DO DF                ;="150201";150201 - FUNDAÇÃO DE APOIO A PESQUISA DO DF - FAP          ;764910300 - TRANSFERÊNCIAS VOLU - ENCAMINHADO PARA DECISÃO DO ORDENADOR DE DESPESA;013397                                  ;-7705
;015201 - FUNDACAO DE APOIO A PESQUISA DO DF                ;="150201";150201 - FUNDAÇÃO DE APOIO A PESQUISA DO DF - FAP          ;764910300 - TRANSFERÊNCIAS VOLU - ENCAMINHADO PARA DECISÃO DO ORDENADOR DE DESPESA;013404                                  ;-62910
;015201 - FUNDACAO DE APOIO A PESQUISA DO DF                ;="150201";150201 - FUNDAÇÃO DE APOIO A PESQUISA DO DF - FAP          ;764910300 - TRANSFERÊNCIAS VOLU - ENCAMINHADO PARA DECISÃO DO ORDENADOR DE DESPESA;013408                                  ;-9999,6
;015201 - FUNDACAO DE APOIO A PESQUISA DO DF                ;="150201";150201 - FUNDAÇÃO DE APOIO A PESQUISA DO DF - FAP          ;764910300 - TRANSFERÊNCIAS VOLU - ENCAMINHADO PARA DECISÃO DO ORDENADOR DE DESPESA;013410                                  ;-10000
;015201 - FUNDACAO DE APOIO A PESQUISA DO DF                ;="150201";150201 - FUNDAÇÃO DE APOIO A PESQUISA DO DF - FAP          ;764910300 - TRANSFERÊNCIAS VOLU - ENCAMINHADO PARA DECISÃO DO ORDENADOR DE DESPESA;013411                                  ;-10000
;015201 - FUNDACAO DE APOIO A PESQUISA DO DF                ;="150201";150201 - FUNDAÇÃO DE APOIO A PESQUISA DO DF - FAP          ;764910300 - TRANSFERÊNCIAS VOLU - ENCAMINHADO PARA DECISÃO DO ORDENADOR DE DESPESA;013412                                  ;-100000
;015201 - FUNDACAO DE APOIO A PESQUISA DO DF                ;="150201";150201 - FUNDAÇÃO DE APOIO A PESQUISA DO DF - FAP          ;764910300 - TRANSFERÊNCIAS VOLU - ENCAMINHADO PARA DECISÃO DO ORDENADOR DE DESPESA;013413                                  ;-78950
;015201 - FUNDACAO DE APOIO A PESQUISA DO DF                ;="150201";150201 - FUNDAÇÃO DE APOIO A PESQUISA DO DF - FAP          ;764910300 - TRANSFERÊNCIAS VOLU - ENCAMINHADO PARA DECISÃO DO ORDENADOR DE DESPESA;013421                                  ;-2900
;015201 - FUNDACAO DE APOIO A PESQUISA DO DF                ;="150201";150201 - FUNDAÇÃO DE APOIO A PESQUISA DO DF - FAP          ;764910300 - TRANSFERÊNCIAS VOLU - ENCAMINHADO PARA DECISÃO DO ORDENADOR DE DESPESA;013422                                  ;-9300
;015201 - FUNDACAO DE APOIO A PESQUISA DO DF                ;="150201";150201 - FUNDAÇÃO DE APOIO A PESQUISA DO DF - FAP          ;764910300 - TRANSFERÊNCIAS VOLU - ENCAMINHADO PARA DECISÃO DO ORDENADOR DE DESPESA;013423                                  ;-1390
;015201 - FUNDACAO DE APOIO A PESQUISA DO DF                ;="150201";150201 - FUNDAÇÃO DE APOIO A PESQUISA DO DF - FAP          ;764910300 - TRANSFERÊNCIAS VOLU - ENCAMINHADO PARA DECISÃO DO ORDENADOR DE DESPESA;013424                                  ;-2100
;015201 - FUNDACAO DE APOIO A PESQUISA DO DF                ;="150201";150201 - FUNDAÇÃO DE APOIO A PESQUISA DO DF - FAP          ;764910300 - TRANSFERÊNCIAS VOLU - ENCAMINHADO PARA DECISÃO DO ORDENADOR DE DESPESA;013425                                  ;-9996,04
;015201 - FUNDACAO DE APOIO A PESQUISA DO DF                ;="150201";150201 - FUNDAÇÃO DE APOIO A PESQUISA DO DF - FAP          ;764910300 - TRANSFERÊNCIAS VOLU - ENCAMINHADO PARA DECISÃO DO ORDENADOR DE DESPESA;013427                                  ;-9434,1
;015201 - FUNDACAO DE APOIO A PESQUISA DO DF                ;="150201";150201 - FUNDAÇÃO DE APOIO A PESQUISA DO DF - FAP          ;764910300 - TRANSFERÊNCIAS VOLU - ENCAMINHADO PARA DECISÃO DO ORDENADOR DE DESPESA;013432                                  ;-10000
;015201 - FUNDACAO DE APOIO A PESQUISA DO DF                ;="150201";150201 - FUNDAÇÃO DE APOIO A PESQUISA DO DF - FAP          ;764910300 - TRANSFERÊNCIAS VOLU - ENCAMINHADO PARA DECISÃO DO ORDENADOR DE DESPESA;013434                                  ;-2794
;015201 - FUNDACAO DE APOIO A PESQUISA DO DF                ;="150201";150201 - FUNDAÇÃO DE APOIO A PESQUISA DO DF - FAP          ;764910300 - TRANSFERÊNCIAS VOLU - ENCAMINHADO PARA DECISÃO DO ORDENADOR DE DESPESA;013435                                  ;-9460
;015201 - FUNDACAO DE APOIO A PESQUISA DO DF                ;="150201";150201 - FUNDAÇÃO DE APOIO A PESQUISA DO DF - FAP          ;764910300 - TRANSFERÊNCIAS VOLU - ENCAMINHADO PARA DECISÃO DO ORDENADOR DE DESPESA;013437                                  ;-1902,05
;015201 - FUNDACAO DE APOIO A PESQUISA DO DF                ;="150201";150201 - FUNDAÇÃO DE APOIO A PESQUISA DO DF - FAP          ;764910300 - TRANSFERÊNCIAS VOLU - ENCAMINHADO PARA DECISÃO DO ORDENADOR DE DESPESA;013439                                  ;-10000
;015201 - FUNDACAO DE APOIO A PESQUISA DO DF                ;="150201";150201 - FUNDAÇÃO DE APOIO A PESQUISA DO DF - FAP          ;764910300 - TRANSFERÊNCIAS VOLU - ENCAMINHADO PARA DECISÃO DO ORDENADOR DE DESPESA;013440                                  ;-3000
;015201 - FUNDACAO DE APOIO A PESQUISA DO DF                ;="150201";150201 - FUNDAÇÃO DE APOIO A PESQUISA DO DF - FAP          ;764910300 - TRANSFERÊNCIAS VOLU - ENCAMINHADO PARA DECISÃO DO ORDENADOR DE DESPESA;013441                                  ;-9663,5
;015201 - FUNDACAO DE APOIO A PESQUISA DO DF                ;="150201";150201 - FUNDAÇÃO DE APOIO A PESQUISA DO DF - FAP          ;764910300 - TRANSFERÊNCIAS VOLU - ENCAMINHADO PARA DECISÃO DO ORDENADOR DE DESPESA;013442                                  ;-2650
;015201 - FUNDACAO DE APOIO A PESQUISA DO DF                ;="150201";150201 - FUNDAÇÃO DE APOIO A PESQUISA DO DF - FAP          ;764910300 - TRANSFERÊNCIAS VOLU - ENCAMINHADO PARA DECISÃO DO ORDENADOR DE DESPESA;013443                                  ;-2550
;015201 - FUNDACAO DE APOIO A PESQUISA DO DF                ;="150201";150201 - FUNDAÇÃO DE APOIO A PESQUISA DO DF - FAP          ;764910300 - TRANSFERÊNCIAS VOLU - ENCAMINHADO PARA DECISÃO DO ORDENADOR DE DESPESA;013444                                  ;-10000
;015201 - FUNDACAO DE APOIO A PESQUISA DO DF                ;="150201";150201 - FUNDAÇÃO DE APOIO A PESQUISA DO DF - FAP          ;764910300 - TRANSFERÊNCIAS VOLU - ENCAMINHADO PARA DECISÃO DO ORDENADOR DE DESPESA;013445                                  ;-2450
;015201 - FUNDACAO DE APOIO A PESQUISA DO DF                ;="150201";150201 - FUNDAÇÃO DE APOIO A PESQUISA DO DF - FAP          ;764910300 - TRANSFERÊNCIAS VOLU - ENCAMINHADO PARA DECISÃO DO ORDENADOR DE DESPESA;013446                                  ;-2239
;015201 - FUNDACAO DE APOIO A PESQUISA DO DF                ;="150201";150201 - FUNDAÇÃO DE APOIO A PESQUISA DO DF - FAP          ;764910300 - TRANSFERÊNCIAS VOLU - ENCAMINHADO PARA DECISÃO DO ORDENADOR DE DESPESA;013448                                  ;-2250
;015201 - FUNDACAO DE APOIO A PESQUISA DO DF                ;="150201";150201 - FUNDAÇÃO DE APOIO A PESQUISA DO DF - FAP          ;764910300 - TRANSFERÊNCIAS VOLU - ENCAMINHADO PARA DECISÃO DO ORDENADOR DE DESPESA;013449                                  ;-9563,67
;015201 - FUNDACAO DE APOIO A PESQUISA DO DF                ;="150201";150201 - FUNDAÇÃO DE APOIO A PESQUISA DO DF - FAP          ;764910300 - TRANSFERÊNCIAS VOLU - ENCAMINHADO PARA DECISÃO DO ORDENADOR DE DESPESA;013450                                  ;-79786
;015201 - FUNDACAO DE APOIO A PESQUISA DO DF                ;="150201";150201 - FUNDAÇÃO DE APOIO A PESQUISA DO DF - FAP          ;764910300 - TRANSFERÊNCIAS VOLU - ENCAMINHADO PARA DECISÃO DO ORDENADOR DE DESPESA;013451                                  ;-79362,56
;015201 - FUNDACAO DE APOIO A PESQUISA DO DF                ;="150201";150201 - FUNDAÇÃO DE APOIO A PESQUISA DO DF - FAP          ;764910300 - TRANSFERÊNCIAS VOLU - ENCAMINHADO PARA DECISÃO DO ORDENADOR DE DESPESA;013452                                  ;-7050
;015201 - FUNDACAO DE APOIO A PESQUISA DO DF                ;="150201";150201 - FUNDAÇÃO DE APOIO A PESQUISA DO DF - FAP          ;764910300 - TRANSFERÊNCIAS VOLU - ENCAMINHADO PARA DECISÃO DO ORDENADOR DE DESPESA;013459                                  ;-40000
;015201 - FUNDACAO DE APOIO A PESQUISA DO DF                ;="150201";150201 - FUNDAÇÃO DE APOIO A PESQUISA DO DF - FAP          ;764910300 - TRANSFERÊNCIAS VOLU - ENCAMINHADO PARA DECISÃO DO ORDENADOR DE DESPESA;013461                                  ;-40000
;015201 - FUNDACAO DE APOIO A PESQUISA DO DF                ;="150201";150201 - FUNDAÇÃO DE APOIO A PESQUISA DO DF - FAP          ;764910300 - TRANSFERÊNCIAS VOLU - ENCAMINHADO PARA DECISÃO DO ORDENADOR DE DESPESA;013462                                  ;-1610
;015201 - FUNDACAO DE APOIO A PESQUISA DO DF                ;="150201";150201 - FUNDAÇÃO DE APOIO A PESQUISA DO DF - FAP          ;764910300 - TRANSFERÊNCIAS VOLU - ENCAMINHADO PARA DECISÃO DO ORDENADOR DE DESPESA;013463                                  ;-9354,4
;015201 - FUNDACAO DE APOIO A PESQUISA DO DF                ;="150201";150201 - FUNDAÇÃO DE APOIO A PESQUISA DO DF - FAP          ;764910300 - TRANSFERÊNCIAS VOLU - ENCAMINHADO PARA DECISÃO DO ORDENADOR DE DESPESA;013464                                  ;-3000
;015201 - FUNDACAO DE APOIO A PESQUISA DO DF                ;="150201";150201 - FUNDAÇÃO DE APOIO A PESQUISA DO DF - FAP          ;764910300 - TRANSFERÊNCIAS VOLU - ENCAMINHADO PARA DECISÃO DO ORDENADOR DE DESPESA;013465                                  ;-9254,8
;015201 - FUNDACAO DE APOIO A PESQUISA DO DF                ;="150201";150201 - FUNDAÇÃO DE APOIO A PESQUISA DO DF - FAP          ;764910300 - TRANSFERÊNCIAS VOLU - ENCAMINHADO PARA DECISÃO DO ORDENADOR DE DESPESA;013466                                  ;-3000
;015201 - FUNDACAO DE APOIO A PESQUISA DO DF                ;="150201";150201 - FUNDAÇÃO DE APOIO A PESQUISA DO DF - FAP          ;764910300 - TRANSFERÊNCIAS VOLU - ENCAMINHADO PARA DECISÃO DO ORDENADOR DE DESPESA;013467                                  ;-1600
;015201 - FUNDACAO DE APOIO A PESQUISA DO DF                ;="150201";150201 - FUNDAÇÃO DE APOIO A PESQUISA DO DF - FAP          ;764910300 - TRANSFERÊNCIAS VOLU - ENCAMINHADO PARA DECISÃO DO ORDENADOR DE DESPESA;013469                                  ;-9974
;015201 - FUNDACAO DE APOIO A PESQUISA DO DF                ;="150201";150201 - FUNDAÇÃO DE APOIO A PESQUISA DO DF - FAP          ;764910300 - TRANSFERÊNCIAS VOLU - ENCAMINHADO PARA DECISÃO DO ORDENADOR DE DESPESA;013470                                  ;-1660
;015201 - FUNDACAO DE APOIO A PESQUISA DO DF                ;="150201";150201 - FUNDAÇÃO DE APOIO A PESQUISA DO DF - FAP          ;764910300 - TRANSFERÊNCIAS VOLU - ENCAMINHADO PARA DECISÃO DO ORDENADOR DE DESPESA;013471                                  ;-9260
;015201 - FUNDACAO DE APOIO A PESQUISA DO DF                ;="150201";150201 - FUNDAÇÃO DE APOIO A PESQUISA DO DF - FAP          ;764910300 - TRANSFERÊNCIAS VOLU - ENCAMINHADO PARA DECISÃO DO ORDENADOR DE DESPESA;013472                                  ;-9999
;015201 - FUNDACAO DE APOIO A PESQUISA DO DF                ;="150201";150201 - FUNDAÇÃO DE APOIO A PESQUISA DO DF - FAP          ;764910300 - TRANSFERÊNCIAS VOLU - ENCAMINHADO PARA DECISÃO DO ORDENADOR DE DESPESA;013473                                  ;-10000
;015201 - FUNDACAO DE APOIO A PESQUISA DO DF                ;="150201";150201 - FUNDAÇÃO DE APOIO A PESQUISA DO DF - FAP          ;764910300 - TRANSFERÊNCIAS VOLU - ENCAMINHADO PARA DECISÃO DO ORDENADOR DE DESPESA;013474                                  ;-10000
;015201 - FUNDACAO DE APOIO A PESQUISA DO DF                ;="150201";150201 - FUNDAÇÃO DE APOIO A PESQUISA DO DF - FAP          ;764910300 - TRANSFERÊNCIAS VOLU - ENCAMINHADO PARA DECISÃO DO ORDENADOR DE DESPESA;013475                                  ;-9000
;015201 - FUNDACAO DE APOIO A PESQUISA DO DF                ;="150201";150201 - FUNDAÇÃO DE APOIO A PESQUISA DO DF - FAP          ;764910300 - TRANSFERÊNCIAS VOLU - ENCAMINHADO PARA DECISÃO DO ORDENADOR DE DESPESA;013476                                  ;-34700
;015201 - FUNDACAO DE APOIO A PESQUISA DO DF                ;="150201";150201 - FUNDAÇÃO DE APOIO A PESQUISA DO DF - FAP          ;764910300 - TRANSFERÊNCIAS VOLU - ENCAMINHADO PARA DECISÃO DO ORDENADOR DE DESPESA;013477                                  ;-10000
;015201 - FUNDACAO DE APOIO A PESQUISA DO DF                ;="150201";150201 - FUNDAÇÃO DE APOIO A PESQUISA DO DF - FAP          ;764910300 - TRANSFERÊNCIAS VOLU - ENCAMINHADO PARA DECISÃO DO ORDENADOR DE DESPESA;013479                                  ;-2400
;015201 - FUNDACAO DE APOIO A PESQUISA DO DF                ;="150201";150201 - FUNDAÇÃO DE APOIO A PESQUISA DO DF - FAP          ;764910300 - TRANSFERÊNCIAS VOLU - ENCAMINHADO PARA DECISÃO DO ORDENADOR DE DESPESA;013480                                  ;-10000
;015201 - FUNDACAO DE APOIO A PESQUISA DO DF                ;="150201";150201 - FUNDAÇÃO DE APOIO A PESQUISA DO DF - FAP          ;764910300 - TRANSFERÊNCIAS VOLU - ENCAMINHADO PARA DECISÃO DO ORDENADOR DE DESPESA;013481                                  ;-2950
;015201 - FUNDACAO DE APOIO A PESQUISA DO DF                ;="150201";150201 - FUNDAÇÃO DE APOIO A PESQUISA DO DF - FAP          ;764910300 - TRANSFERÊNCIAS VOLU - ENCAMINHADO PARA DECISÃO DO ORDENADOR DE DESPESA;013482                                  ;-5449,52
;015201 - FUNDACAO DE APOIO A PESQUISA DO DF                ;="150201";150201 - FUNDAÇÃO DE APOIO A PESQUISA DO DF - FAP          ;764910300 - TRANSFERÊNCIAS VOLU - ENCAMINHADO PARA DECISÃO DO ORDENADOR DE DESPESA;013484                                  ;-3000
;015201 - FUNDACAO DE APOIO A PESQUISA DO DF                ;="150201";150201 - FUNDAÇÃO DE APOIO A PESQUISA DO DF - FAP          ;764910300 - TRANSFERÊNCIAS VOLU - ENCAMINHADO PARA DECISÃO DO ORDENADOR DE DESPESA;013485                                  ;-10000
;015201 - FUNDACAO DE APOIO A PESQUISA DO DF                ;="150201";150201 - FUNDAÇÃO DE APOIO A PESQUISA DO DF - FAP          ;764910300 - TRANSFERÊNCIAS VOLU - ENCAMINHADO PARA DECISÃO DO ORDENADOR DE DESPESA;013486                                  ;-9974
;015201 - FUNDACAO DE APOIO A PESQUISA DO DF                ;="150201";150201 - FUNDAÇÃO DE APOIO A PESQUISA DO DF - FAP          ;764910300 - TRANSFERÊNCIAS VOLU - ENCAMINHADO PARA DECISÃO DO ORDENADOR DE DESPESA;013488                                  ;-2600
;015201 - FUNDACAO DE APOIO A PESQUISA DO DF                ;="150201";150201 - FUNDAÇÃO DE APOIO A PESQUISA DO DF - FAP          ;764910300 - TRANSFERÊNCIAS VOLU - ENCAMINHADO PARA DECISÃO DO ORDENADOR DE DESPESA;013490                                  ;-9790
;015201 - FUNDACAO DE APOIO A PESQUISA DO DF                ;="150201";150201 - FUNDAÇÃO DE APOIO A PESQUISA DO DF - FAP          ;764910300 - TRANSFERÊNCIAS VOLU - ENCAMINHADO PARA DECISÃO DO ORDENADOR DE DESPESA;013494                                  ;-10000
;015201 - FUNDACAO DE APOIO A PESQUISA DO DF                ;="150201";150201 - FUNDAÇÃO DE APOIO A PESQUISA DO DF - FAP          ;764910300 - TRANSFERÊNCIAS VOLU - ENCAMINHADO PARA DECISÃO DO ORDENADOR DE DESPESA;013495                                  ;-3000
;015201 - FUNDACAO DE APOIO A PESQUISA DO DF                ;="150201";150201 - FUNDAÇÃO DE APOIO A PESQUISA DO DF - FAP          ;764910300 - TRANSFERÊNCIAS VOLU - ENCAMINHADO PARA DECISÃO DO ORDENADOR DE DESPESA;013496                                  ;-3000
;015201 - FUNDACAO DE APOIO A PESQUISA DO DF                ;="150201";150201 - FUNDAÇÃO DE APOIO A PESQUISA DO DF - FAP          ;764910300 - TRANSFERÊNCIAS VOLU - ENCAMINHADO PARA DECISÃO DO ORDENADOR DE DESPESA;013497                                  ;-9232
;015201 - FUNDACAO DE APOIO A PESQUISA DO DF                ;="150201";150201 - FUNDAÇÃO DE APOIO A PESQUISA DO DF - FAP          ;764910300 - TRANSFERÊNCIAS VOLU - ENCAMINHADO PARA DECISÃO DO ORDENADOR DE DESPESA;013498                                  ;-10000
;015201 - FUNDACAO DE APOIO A PESQUISA DO DF                ;="150201";150201 - FUNDAÇÃO DE APOIO A PESQUISA DO DF - FAP          ;764910300 - TRANSFERÊNCIAS VOLU - ENCAMINHADO PARA DECISÃO DO ORDENADOR DE DESPESA;013499                                  ;-7105
;015201 - FUNDACAO DE APOIO A PESQUISA DO DF                ;="150201";150201 - FUNDAÇÃO DE APOIO A PESQUISA DO DF - FAP          ;764910300 - TRANSFERÊNCIAS VOLU - ENCAMINHADO PARA DECISÃO DO ORDENADOR DE DESPESA;013500                                  ;-2800
;015201 - FUNDACAO DE APOIO A PESQUISA DO DF                ;="150201";150201 - FUNDAÇÃO DE APOIO A PESQUISA DO DF - FAP          ;764910300 - TRANSFERÊNCIAS VOLU - ENCAMINHADO PARA DECISÃO DO ORDENADOR DE DESPESA;013508                                  ;-2400
;015201 - FUNDACAO DE APOIO A PESQUISA DO DF                ;="150201";150201 - FUNDAÇÃO DE APOIO A PESQUISA DO DF - FAP          ;764910300 - TRANSFERÊNCIAS VOLU - ENCAMINHADO PARA DECISÃO DO ORDENADOR DE DESPESA;013509                                  ;-10000
;015201 - FUNDACAO DE APOIO A PESQUISA DO DF                ;="150201";150201 - FUNDAÇÃO DE APOIO A PESQUISA DO DF - FAP          ;764910300 - TRANSFERÊNCIAS VOLU - ENCAMINHADO PARA DECISÃO DO ORDENADOR DE DESPESA;013510                                  ;-9930
;015201 - FUNDACAO DE APOIO A PESQUISA DO DF                ;="150201";150201 - FUNDAÇÃO DE APOIO A PESQUISA DO DF - FAP          ;764910300 - TRANSFERÊNCIAS VOLU - ENCAMINHADO PARA DECISÃO DO ORDENADOR DE DESPESA;013511                                  ;-10000
;015201 - FUNDACAO DE APOIO A PESQUISA DO DF                ;="150201";150201 - FUNDAÇÃO DE APOIO A PESQUISA DO DF - FAP          ;764910300 - TRANSFERÊNCIAS VOLU - ENCAMINHADO PARA DECISÃO DO ORDENADOR DE DESPESA;013512                                  ;-10000
;015201 - FUNDACAO DE APOIO A PESQUISA DO DF                ;="150201";150201 - FUNDAÇÃO DE APOIO A PESQUISA DO DF - FAP          ;764910300 - TRANSFERÊNCIAS VOLU - ENCAMINHADO PARA DECISÃO DO ORDENADOR DE DESPESA;013513                                  ;-8990
;015201 - FUNDACAO DE APOIO A PESQUISA DO DF                ;="150201";150201 - FUNDAÇÃO DE APOIO A PESQUISA DO DF - FAP          ;764910300 - TRANSFERÊNCIAS VOLU - ENCAMINHADO PARA DECISÃO DO ORDENADOR DE DESPESA;013514                                  ;-10000
;015201 - FUNDACAO DE APOIO A PESQUISA DO DF                ;="150201";150201 - FUNDAÇÃO DE APOIO A PESQUISA DO DF - FAP          ;764910300 - TRANSFERÊNCIAS VOLU - ENCAMINHADO PARA DECISÃO DO ORDENADOR DE DESPESA;013515                                  ;-9977,5
;015201 - FUNDACAO DE APOIO A PESQUISA DO DF                ;="150201";150201 - FUNDAÇÃO DE APOIO A PESQUISA DO DF - FAP          ;764910300 - TRANSFERÊNCIAS VOLU - ENCAMINHADO PARA DECISÃO DO ORDENADOR DE DESPESA;013518                                  ;-10000
;015201 - FUNDACAO DE APOIO A PESQUISA DO DF                ;="150201";150201 - FUNDAÇÃO DE APOIO A PESQUISA DO DF - FAP          ;764910300 - TRANSFERÊNCIAS VOLU - ENCAMINHADO PARA DECISÃO DO ORDENADOR DE DESPESA;013524                                  ;-10000
;015201 - FUNDACAO DE APOIO A PESQUISA DO DF                ;="150201";150201 - FUNDAÇÃO DE APOIO A PESQUISA DO DF - FAP          ;764910300 - TRANSFERÊNCIAS VOLU - ENCAMINHADO PARA DECISÃO DO ORDENADOR DE DESPESA;013525                                  ;-10000
;015201 - FUNDACAO DE APOIO A PESQUISA DO DF                ;="150201";150201 - FUNDAÇÃO DE APOIO A PESQUISA DO DF - FAP          ;764910300 - TRANSFERÊNCIAS VOLU - ENCAMINHADO PARA DECISÃO DO ORDENADOR DE DESPESA;013529                                  ;-1850
;015201 - FUNDACAO DE APOIO A PESQUISA DO DF                ;="150201";150201 - FUNDAÇÃO DE APOIO A PESQUISA DO DF - FAP          ;764910300 - TRANSFERÊNCIAS VOLU - ENCAMINHADO PARA DECISÃO DO ORDENADOR DE DESPESA;013530                                  ;-10000
;015201 - FUNDACAO DE APOIO A PESQUISA DO DF                ;="150201";150201 - FUNDAÇÃO DE APOIO A PESQUISA DO DF - FAP          ;764910300 - TRANSFERÊNCIAS VOLU - ENCAMINHADO PARA DECISÃO DO ORDENADOR DE DESPESA;013531                                  ;-9902,93
;015201 - FUNDACAO DE APOIO A PESQUISA DO DF                ;="150201";150201 - FUNDAÇÃO DE APOIO A PESQUISA DO DF - FAP          ;764910300 - TRANSFERÊNCIAS VOLU - ENCAMINHADO PARA DECISÃO DO ORDENADOR DE DESPESA;013532                                  ;-6250
;015201 - FUNDACAO DE APOIO A PESQUISA DO DF                ;="150201";150201 - FUNDAÇÃO DE APOIO A PESQUISA DO DF - FAP          ;764910300 - TRANSFERÊNCIAS VOLU - ENCAMINHADO PARA DECISÃO DO ORDENADOR DE DESPESA;013534                                  ;-9311
;015201 - FUNDACAO DE APOIO A PESQUISA DO DF                ;="150201";150201 - FUNDAÇÃO DE APOIO A PESQUISA DO DF - FAP          ;764910300 - TRANSFERÊNCIAS VOLU - ENCAMINHADO PARA DECISÃO DO ORDENADOR DE DESPESA;013535                                  ;-10000
;015201 - FUNDACAO DE APOIO A PESQUISA DO DF                ;="150201";150201 - FUNDAÇÃO DE APOIO A PESQUISA DO DF - FAP          ;764910300 - TRANSFERÊNCIAS VOLU - ENCAMINHADO PARA DECISÃO DO ORDENADOR DE DESPESA;013536                                  ;-3000
;015201 - FUNDACAO DE APOIO A PESQUISA DO DF                ;="150201";150201 - FUNDAÇÃO DE APOIO A PESQUISA DO DF - FAP          ;764910300 - TRANSFERÊNCIAS VOLU - ENCAMINHADO PARA DECISÃO DO ORDENADOR DE DESPESA;013543                                  ;-10000
;015201 - FUNDACAO DE APOIO A PESQUISA DO DF                ;="150201";150201 - FUNDAÇÃO DE APOIO A PESQUISA DO DF - FAP          ;764910300 - TRANSFERÊNCIAS VOLU - ENCAMINHADO PARA DECISÃO DO ORDENADOR DE DESPESA;013544                                  ;-10000
;015201 - FUNDACAO DE APOIO A PESQUISA DO DF                ;="150201";150201 - FUNDAÇÃO DE APOIO A PESQUISA DO DF - FAP          ;764910300 - TRANSFERÊNCIAS VOLU - ENCAMINHADO PARA DECISÃO DO ORDENADOR DE DESPESA;013545                                  ;-2650
;015201 - FUNDACAO DE APOIO A PESQUISA DO DF                ;="150201";150201 - FUNDAÇÃO DE APOIO A PESQUISA DO DF - FAP          ;764910300 - TRANSFERÊNCIAS VOLU - ENCAMINHADO PARA DECISÃO DO ORDENADOR DE DESPESA;013547                                  ;-9800
;015201 - FUNDACAO DE APOIO A PESQUISA DO DF                ;="150201";150201 - FUNDAÇÃO DE APOIO A PESQUISA DO DF - FAP          ;764910300 - TRANSFERÊNCIAS VOLU - ENCAMINHADO PARA DECISÃO DO ORDENADOR DE DESPESA;013548                                  ;-10000
;015201 - FUNDACAO DE APOIO A PESQUISA DO DF                ;="150201";150201 - FUNDAÇÃO DE APOIO A PESQUISA DO DF - FAP          ;764910300 - TRANSFERÊNCIAS VOLU - ENCAMINHADO PARA DECISÃO DO ORDENADOR DE DESPESA;013549                                  ;-9965,3
;015201 - FUNDACAO DE APOIO A PESQUISA DO DF                ;="150201";150201 - FUNDAÇÃO DE APOIO A PESQUISA DO DF - FAP          ;764910300 - TRANSFERÊNCIAS VOLU - ENCAMINHADO PARA DECISÃO DO ORDENADOR DE DESPESA;013550                                  ;-6945
;015201 - FUNDACAO DE APOIO A PESQUISA DO DF                ;="150201";150201 - FUNDAÇÃO DE APOIO A PESQUISA DO DF - FAP          ;764910300 - TRANSFERÊNCIAS VOLU - ENCAMINHADO PARA DECISÃO DO ORDENADOR DE DESPESA;013551                                  ;-2794
;015201 - FUNDACAO DE APOIO A PESQUISA DO DF                ;="150201";150201 - FUNDAÇÃO DE APOIO A PESQUISA DO DF - FAP          ;764910300 - TRANSFERÊNCIAS VOLU - ENCAMINHADO PARA DECISÃO DO ORDENADOR DE DESPESA;013552                                  ;-9336
;015201 - FUNDACAO DE APOIO A PESQUISA DO DF                ;="150201";150201 - FUNDAÇÃO DE APOIO A PESQUISA DO DF - FAP          ;764910300 - TRANSFERÊNCIAS VOLU - ENCAMINHADO PARA DECISÃO DO ORDENADOR DE DESPESA;013560                                  ;-57080
;015201 - FUNDACAO DE APOIO A PESQUISA DO DF                ;="150201";150201 - FUNDAÇÃO DE APOIO A PESQUISA DO DF - FAP          ;764910300 - TRANSFERÊNCIAS VOLU - ENCAMINHADO PARA DECISÃO DO ORDENADOR DE DESPESA;013562                                  ;-11249
;015201 - FUNDACAO DE APOIO A PESQUISA DO DF                ;="150201";150201 - FUNDAÇÃO DE APOIO A PESQUISA DO DF - FAP          ;764910300 - TRANSFERÊNCIAS VOLU - ENCAMINHADO PARA DECISÃO DO ORDENADOR DE DESPESA;013564                                  ;-28060
;015201 - FUNDACAO DE APOIO A PESQUISA DO DF                ;="150201";150201 - FUNDAÇÃO DE APOIO A PESQUISA DO DF - FAP          ;764910300 - TRANSFERÊNCIAS VOLU - ENCAMINHADO PARA DECISÃO DO ORDENADOR DE DESPESA;013566                                  ;-5234,45
;015201 - FUNDACAO DE APOIO A PESQUISA DO DF                ;="150201";150201 - FUNDAÇÃO DE APOIO A PESQUISA DO DF - FAP          ;764910300 - TRANSFERÊNCIAS VOLU - ENCAMINHADO PARA DECISÃO DO ORDENADOR DE DESPESA;013567                                  ;-9999
;015201 - FUNDACAO DE APOIO A PESQUISA DO DF                ;="150201";150201 - FUNDAÇÃO DE APOIO A PESQUISA DO DF - FAP          ;764910300 - TRANSFERÊNCIAS VOLU - ENCAMINHADO PARA DECISÃO DO ORDENADOR DE DESPESA;013568                                  ;-7922
;015201 - FUNDACAO DE APOIO A PESQUISA DO DF                ;="150201";150201 - FUNDAÇÃO DE APOIO A PESQUISA DO DF - FAP          ;764910300 - TRANSFERÊNCIAS VOLU - ENCAMINHADO PARA DECISÃO DO ORDENADOR DE DESPESA;013569                                  ;-3000
;015201 - FUNDACAO DE APOIO A PESQUISA DO DF                ;="150201";150201 - FUNDAÇÃO DE APOIO A PESQUISA DO DF - FAP          ;764910300 - TRANSFERÊNCIAS VOLU - ENCAMINHADO PARA DECISÃO DO ORDENADOR DE DESPESA;013570                                  ;-9432
;015201 - FUNDACAO DE APOIO A PESQUISA DO DF                ;="150201";150201 - FUNDAÇÃO DE APOIO A PESQUISA DO DF - FAP          ;764910300 - TRANSFERÊNCIAS VOLU - ENCAMINHADO PARA DECISÃO DO ORDENADOR DE DESPESA;013574                                  ;-30000
;015201 - FUNDACAO DE APOIO A PESQUISA DO DF                ;="150201";150201 - FUNDAÇÃO DE APOIO A PESQUISA DO DF - FAP          ;764910300 - TRANSFERÊNCIAS VOLU - ENCAMINHADO PARA DECISÃO DO ORDENADOR DE DESPESA;013575                                  ;-9707
;015201 - FUNDACAO DE APOIO A PESQUISA DO DF                ;="150201";150201 - FUNDAÇÃO DE APOIO A PESQUISA DO DF - FAP          ;764910300 - TRANSFERÊNCIAS VOLU - ENCAMINHADO PARA DECISÃO DO ORDENADOR DE DESPESA;013576                                  ;-10000
;015201 - FUNDACAO DE APOIO A PESQUISA DO DF                ;="150201";150201 - FUNDAÇÃO DE APOIO A PESQUISA DO DF - FAP          ;764910300 - TRANSFERÊNCIAS VOLU - ENCAMINHADO PARA DECISÃO DO ORDENADOR DE DESPESA;013577                                  ;-2500
;015201 - FUNDACAO DE APOIO A PESQUISA DO DF                ;="150201";150201 - FUNDAÇÃO DE APOIO A PESQUISA DO DF - FAP          ;764910300 - TRANSFERÊNCIAS VOLU - ENCAMINHADO PARA DECISÃO DO ORDENADOR DE DESPESA;013587                                  ;-10000
;015201 - FUNDACAO DE APOIO A PESQUISA DO DF                ;="150201";150201 - FUNDAÇÃO DE APOIO A PESQUISA DO DF - FAP          ;764910300 - TRANSFERÊNCIAS VOLU - ENCAMINHADO PARA DECISÃO DO ORDENADOR DE DESPESA;013614                                  ;-10000
;015201 - FUNDACAO DE APOIO A PESQUISA DO DF                ;="150201";150201 - FUNDAÇÃO DE APOIO A PESQUISA DO DF - FAP          ;764910300 - TRANSFERÊNCIAS VOLU - ENCAMINHADO PARA DECISÃO DO ORDENADOR DE DESPESA;013615                                  ;-10000
;015201 - FUNDACAO DE APOIO A PESQUISA DO DF                ;="150201";150201 - FUNDAÇÃO DE APOIO A PESQUISA DO DF - FAP          ;764910300 - TRANSFERÊNCIAS VOLU - ENCAMINHADO PARA DECISÃO DO ORDENADOR DE DESPESA;013617                                  ;-6089,6
;015201 - FUNDACAO DE APOIO A PESQUISA DO DF                ;="150201";150201 - FUNDAÇÃO DE APOIO A PESQUISA DO DF - FAP          ;764910300 - TRANSFERÊNCIAS VOLU - ENCAMINHADO PARA DECISÃO DO ORDENADOR DE DESPESA;013618                                  ;-10000
;015201 - FUNDACAO DE APOIO A PESQUISA DO DF                ;="150201";150201 - FUNDAÇÃO DE APOIO A PESQUISA DO DF - FAP          ;764910300 - TRANSFERÊNCIAS VOLU - ENCAMINHADO PARA DECISÃO DO ORDENADOR DE DESPESA;013619                                  ;-10000
;015201 - FUNDACAO DE APOIO A PESQUISA DO DF                ;="150201";150201 - FUNDAÇÃO DE APOIO A PESQUISA DO DF - FAP          ;764910300 - TRANSFERÊNCIAS VOLU - ENCAMINHADO PARA DECISÃO DO ORDENADOR DE DESPESA;013620                                  ;-9909,96
;015201 - FUNDACAO DE APOIO A PESQUISA DO DF                ;="150201";150201 - FUNDAÇÃO DE APOIO A PESQUISA DO DF - FAP          ;764910300 - TRANSFERÊNCIAS VOLU - ENCAMINHADO PARA DECISÃO DO ORDENADOR DE DESPESA;013621                                  ;-2817
;015201 - FUNDACAO DE APOIO A PESQUISA DO DF                ;="150201";150201 - FUNDAÇÃO DE APOIO A PESQUISA DO DF - FAP          ;764910300 - TRANSFERÊNCIAS VOLU - ENCAMINHADO PARA DECISÃO DO ORDENADOR DE DESPESA;013623                                  ;-5574
;015201 - FUNDACAO DE APOIO A PESQUISA DO DF                ;="150201";150201 - FUNDAÇÃO DE APOIO A PESQUISA DO DF - FAP          ;764910300 - TRANSFERÊNCIAS VOLU - ENCAMINHADO PARA DECISÃO DO ORDENADOR DE DESPESA;013624                                  ;-3000
;015201 - FUNDACAO DE APOIO A PESQUISA DO DF                ;="150201";150201 - FUNDAÇÃO DE APOIO A PESQUISA DO DF - FAP          ;764910300 - TRANSFERÊNCIAS VOLU - ENCAMINHADO PARA DECISÃO DO ORDENADOR DE DESPESA;013628                                  ;-9100
;015201 - FUNDACAO DE APOIO A PESQUISA DO DF                ;="150201";150201 - FUNDAÇÃO DE APOIO A PESQUISA DO DF - FAP          ;764910300 - TRANSFERÊNCIAS VOLU - ENCAMINHADO PARA DECISÃO DO ORDENADOR DE DESPESA;013629                                  ;-86450
;015201 - FUNDACAO DE APOIO A PESQUISA DO DF                ;="150201";150201 - FUNDAÇÃO DE APOIO A PESQUISA DO DF - FAP          ;764910300 - TRANSFERÊNCIAS VOLU - ENCAMINHADO PARA DECISÃO DO ORDENADOR DE DESPESA;013645                                  ;-10000
;015201 - FUNDACAO DE APOIO A PESQUISA DO DF                ;="150201";150201 - FUNDAÇÃO DE APOIO A PESQUISA DO DF - FAP          ;764910300 - TRANSFERÊNCIAS VOLU - ENCAMINHADO PARA DECISÃO DO ORDENADOR DE DESPESA;013646                                  ;-9442,4
;015201 - FUNDACAO DE APOIO A PESQUISA DO DF                ;="150201";150201 - FUNDAÇÃO DE APOIO A PESQUISA DO DF - FAP          ;764910300 - TRANSFERÊNCIAS VOLU - ENCAMINHADO PARA DECISÃO DO ORDENADOR DE DESPESA;013647                                  ;-8364,3
;015201 - FUNDACAO DE APOIO A PESQUISA DO DF                ;="150201";150201 - FUNDAÇÃO DE APOIO A PESQUISA DO DF - FAP          ;764910300 - TRANSFERÊNCIAS VOLU - ENCAMINHADO PARA DECISÃO DO ORDENADOR DE DESPESA;013649                                  ;-2950
;015201 - FUNDACAO DE APOIO A PESQUISA DO DF                ;="150201";150201 - FUNDAÇÃO DE APOIO A PESQUISA DO DF - FAP          ;764910300 - TRANSFERÊNCIAS VOLU - ENCAMINHADO PARA DECISÃO DO ORDENADOR DE DESPESA;013650                                  ;-2850
;015201 - FUNDACAO DE APOIO A PESQUISA DO DF                ;="150201";150201 - FUNDAÇÃO DE APOIO A PESQUISA DO DF - FAP          ;764910300 - TRANSFERÊNCIAS VOLU - ENCAMINHADO PARA DECISÃO DO ORDENADOR DE DESPESA;013655                                  ;-9997,75
;015201 - FUNDACAO DE APOIO A PESQUISA DO DF                ;="150201";150201 - FUNDAÇÃO DE APOIO A PESQUISA DO DF - FAP          ;764910300 - TRANSFERÊNCIAS VOLU - ENCAMINHADO PARA DECISÃO DO ORDENADOR DE DESPESA;013656                                  ;-9987,95
;015201 - FUNDACAO DE APOIO A PESQUISA DO DF                ;="150201";150201 - FUNDAÇÃO DE APOIO A PESQUISA DO DF - FAP          ;764910300 - TRANSFERÊNCIAS VOLU - ENCAMINHADO PARA DECISÃO DO ORDENADOR DE DESPESA;013676                                  ;-33170
;015201 - FUNDACAO DE APOIO A PESQUISA DO DF                ;="150201";150201 - FUNDAÇÃO DE APOIO A PESQUISA DO DF - FAP          ;764910300 - TRANSFERÊNCIAS VOLU - ENCAMINHADO PARA DECISÃO DO ORDENADOR DE DESPESA;013677                                  ;-54694
;015201 - FUNDACAO DE APOIO A PESQUISA DO DF                ;="150201";150201 - FUNDAÇÃO DE APOIO A PESQUISA DO DF - FAP          ;764910300 - TRANSFERÊNCIAS VOLU - ENCAMINHADO PARA DECISÃO DO ORDENADOR DE DESPESA;013679                                  ;-22600
;015201 - FUNDACAO DE APOIO A PESQUISA DO DF                ;="150201";150201 - FUNDAÇÃO DE APOIO A PESQUISA DO DF - FAP          ;764910300 - TRANSFERÊNCIAS VOLU - ENCAMINHADO PARA DECISÃO DO ORDENADOR DE DESPESA;013680                                  ;-10000
;015201 - FUNDACAO DE APOIO A PESQUISA DO DF                ;="150201";150201 - FUNDAÇÃO DE APOIO A PESQUISA DO DF - FAP          ;764910300 - TRANSFERÊNCIAS VOLU - ENCAMINHADO PARA DECISÃO DO ORDENADOR DE DESPESA;013681                                  ;-10000
;015201 - FUNDACAO DE APOIO A PESQUISA DO DF                ;="150201";150201 - FUNDAÇÃO DE APOIO A PESQUISA DO DF - FAP          ;764910300 - TRANSFERÊNCIAS VOLU - ENCAMINHADO PARA DECISÃO DO ORDENADOR DE DESPESA;013682                                  ;-8349,5
;015201 - FUNDACAO DE APOIO A PESQUISA DO DF                ;="150201";150201 - FUNDAÇÃO DE APOIO A PESQUISA DO DF - FAP          ;764910300 - TRANSFERÊNCIAS VOLU - ENCAMINHADO PARA DECISÃO DO ORDENADOR DE DESPESA;013684                                  ;-9760,46
;015201 - FUNDACAO DE APOIO A PESQUISA DO DF                ;="150201";150201 - FUNDAÇÃO DE APOIO A PESQUISA DO DF - FAP          ;764910300 - TRANSFERÊNCIAS VOLU - ENCAMINHADO PARA DECISÃO DO ORDENADOR DE DESPESA;013686                                  ;-1400
;015201 - FUNDACAO DE APOIO A PESQUISA DO DF                ;="150201";150201 - FUNDAÇÃO DE APOIO A PESQUISA DO DF - FAP          ;764910300 - TRANSFERÊNCIAS VOLU - ENCAMINHADO PARA DECISÃO DO ORDENADOR DE DESPESA;013688                                  ;-10000
;015201 - FUNDACAO DE APOIO A PESQUISA DO DF                ;="150201";150201 - FUNDAÇÃO DE APOIO A PESQUISA DO DF - FAP          ;764910300 - TRANSFERÊNCIAS VOLU - ENCAMINHADO PARA DECISÃO DO ORDENADOR DE DESPESA;013692                                  ;-10000
;015201 - FUNDACAO DE APOIO A PESQUISA DO DF                ;="150201";150201 - FUNDAÇÃO DE APOIO A PESQUISA DO DF - FAP          ;764910300 - TRANSFERÊNCIAS VOLU - ENCAMINHADO PARA DECISÃO DO ORDENADOR DE DESPESA;013693                                  ;-3000
;015201 - FUNDACAO DE APOIO A PESQUISA DO DF                ;="150201";150201 - FUNDAÇÃO DE APOIO A PESQUISA DO DF - FAP          ;764910300 - TRANSFERÊNCIAS VOLU - ENCAMINHADO PARA DECISÃO DO ORDENADOR DE DESPESA;013698                                  ;-2900
;015201 - FUNDACAO DE APOIO A PESQUISA DO DF                ;="150201";150201 - FUNDAÇÃO DE APOIO A PESQUISA DO DF - FAP          ;764910300 - TRANSFERÊNCIAS VOLU - ENCAMINHADO PARA DECISÃO DO ORDENADOR DE DESPESA;013699                                  ;-9988
;015201 - FUNDACAO DE APOIO A PESQUISA DO DF                ;="150201";150201 - FUNDAÇÃO DE APOIO A PESQUISA DO DF - FAP          ;764910300 - TRANSFERÊNCIAS VOLU - ENCAMINHADO PARA DECISÃO DO ORDENADOR DE DESPESA;013708                                  ;-33440
;015201 - FUNDACAO DE APOIO A PESQUISA DO DF                ;="150201";150201 - FUNDAÇÃO DE APOIO A PESQUISA DO DF - FAP          ;764910300 - TRANSFERÊNCIAS VOLU - ENCAMINHADO PARA DECISÃO DO ORDENADOR DE DESPESA;013710                                  ;-2200
;015201 - FUNDACAO DE APOIO A PESQUISA DO DF                ;="150201";150201 - FUNDAÇÃO DE APOIO A PESQUISA DO DF - FAP          ;764910300 - TRANSFERÊNCIAS VOLU - ENCAMINHADO PARA DECISÃO DO ORDENADOR DE DESPESA;013711                                  ;-8790
;015201 - FUNDACAO DE APOIO A PESQUISA DO DF                ;="150201";150201 - FUNDAÇÃO DE APOIO A PESQUISA DO DF - FAP          ;764910300 - TRANSFERÊNCIAS VOLU - ENCAMINHADO PARA DECISÃO DO ORDENADOR DE DESPESA;013716                                  ;-3000
;015201 - FUNDACAO DE APOIO A PESQUISA DO DF                ;="150201";150201 - FUNDAÇÃO DE APOIO A PESQUISA DO DF - FAP          ;764910300 - TRANSFERÊNCIAS VOLU - ENCAMINHADO PARA DECISÃO DO ORDENADOR DE DESPESA;013717                                  ;-3000
;015201 - FUNDACAO DE APOIO A PESQUISA DO DF                ;="150201";150201 - FUNDAÇÃO DE APOIO A PESQUISA DO DF - FAP          ;764910300 - TRANSFERÊNCIAS VOLU - ENCAMINHADO PARA DECISÃO DO ORDENADOR DE DESPESA;013718                                  ;-7892
;015201 - FUNDACAO DE APOIO A PESQUISA DO DF                ;="150201";150201 - FUNDAÇÃO DE APOIO A PESQUISA DO DF - FAP          ;764910300 - TRANSFERÊNCIAS VOLU - ENCAMINHADO PARA DECISÃO DO ORDENADOR DE DESPESA;013719                                  ;-10000
;015201 - FUNDACAO DE APOIO A PESQUISA DO DF                ;="150201";150201 - FUNDAÇÃO DE APOIO A PESQUISA DO DF - FAP          ;764910300 - TRANSFERÊNCIAS VOLU - ENCAMINHADO PARA DECISÃO DO ORDENADOR DE DESPESA;013751                                  ;-48850
;015201 - FUNDACAO DE APOIO A PESQUISA DO DF                ;="150201";150201 - FUNDAÇÃO DE APOIO A PESQUISA DO DF - FAP          ;764910300 - TRANSFERÊNCIAS VOLU - ENCAMINHADO PARA DECISÃO DO ORDENADOR DE DESPESA;013766                                  ;-1840
;015201 - FUNDACAO DE APOIO A PESQUISA DO DF                ;="150201";150201 - FUNDAÇÃO DE APOIO A PESQUISA DO DF - FAP          ;764910300 - TRANSFERÊNCIAS VOLU - ENCAMINHADO PARA DECISÃO DO ORDENADOR DE DESPESA;013767                                  ;-2000
;015201 - FUNDACAO DE APOIO A PESQUISA DO DF                ;="150201";150201 - FUNDAÇÃO DE APOIO A PESQUISA DO DF - FAP          ;764910300 - TRANSFERÊNCIAS VOLU - ENCAMINHADO PARA DECISÃO DO ORDENADOR DE DESPESA;013770                                  ;-8633,6
;015201 - FUNDACAO DE APOIO A PESQUISA DO DF                ;="150201";150201 - FUNDAÇÃO DE APOIO A PESQUISA DO DF - FAP          ;764910300 - TRANSFERÊNCIAS VOLU - ENCAMINHADO PARA DECISÃO DO ORDENADOR DE DESPESA;013771                                  ;-2800
;015201 - FUNDACAO DE APOIO A PESQUISA DO DF                ;="150201";150201 - FUNDAÇÃO DE APOIO A PESQUISA DO DF - FAP          ;764910300 - TRANSFERÊNCIAS VOLU - ENCAMINHADO PARA DECISÃO DO ORDENADOR DE DESPESA;013772                                  ;-10000
;015201 - FUNDACAO DE APOIO A PESQUISA DO DF                ;="150201";150201 - FUNDAÇÃO DE APOIO A PESQUISA DO DF - FAP          ;764910300 - TRANSFERÊNCIAS VOLU - ENCAMINHADO PARA DECISÃO DO ORDENADOR DE DESPESA;013774                                  ;-10000
;015201 - FUNDACAO DE APOIO A PESQUISA DO DF                ;="150201";150201 - FUNDAÇÃO DE APOIO A PESQUISA DO DF - FAP          ;764910300 - TRANSFERÊNCIAS VOLU - ENCAMINHADO PARA DECISÃO DO ORDENADOR DE DESPESA;013776                                  ;-9992
;015201 - FUNDACAO DE APOIO A PESQUISA DO DF                ;="150201";150201 - FUNDAÇÃO DE APOIO A PESQUISA DO DF - FAP          ;764910300 - TRANSFERÊNCIAS VOLU - ENCAMINHADO PARA DECISÃO DO ORDENADOR DE DESPESA;013777                                  ;-9999,4
;015201 - FUNDACAO DE APOIO A PESQUISA DO DF                ;="150201";150201 - FUNDAÇÃO DE APOIO A PESQUISA DO DF - FAP          ;764910300 - TRANSFERÊNCIAS VOLU - ENCAMINHADO PARA DECISÃO DO ORDENADOR DE DESPESA;013778                                  ;-7949,5
;015201 - FUNDACAO DE APOIO A PESQUISA DO DF                ;="150201";150201 - FUNDAÇÃO DE APOIO A PESQUISA DO DF - FAP          ;764910300 - TRANSFERÊNCIAS VOLU - ENCAMINHADO PARA DECISÃO DO ORDENADOR DE DESPESA;013779                                  ;-9040
;015201 - FUNDACAO DE APOIO A PESQUISA DO DF                ;="150201";150201 - FUNDAÇÃO DE APOIO A PESQUISA DO DF - FAP          ;764910300 - TRANSFERÊNCIAS VOLU - ENCAMINHADO PARA DECISÃO DO ORDENADOR DE DESPESA;013791                                  ;-9900
;015201 - FUNDACAO DE APOIO A PESQUISA DO DF                ;="150201";150201 - FUNDAÇÃO DE APOIO A PESQUISA DO DF - FAP          ;764910300 - TRANSFERÊNCIAS VOLU - ENCAMINHADO PARA DECISÃO DO ORDENADOR DE DESPESA;013793                                  ;-5967,14
;015201 - FUNDACAO DE APOIO A PESQUISA DO DF                ;="150201";150201 - FUNDAÇÃO DE APOIO A PESQUISA DO DF - FAP          ;764910300 - TRANSFERÊNCIAS VOLU - ENCAMINHADO PARA DECISÃO DO ORDENADOR DE DESPESA;013795                                  ;-8313,5
;015201 - FUNDACAO DE APOIO A PESQUISA DO DF                ;="150201";150201 - FUNDAÇÃO DE APOIO A PESQUISA DO DF - FAP          ;764910300 - TRANSFERÊNCIAS VOLU - ENCAMINHADO PARA DECISÃO DO ORDENADOR DE DESPESA;013796                                  ;-9527
;015201 - FUNDACAO DE APOIO A PESQUISA DO DF                ;="150201";150201 - FUNDAÇÃO DE APOIO A PESQUISA DO DF - FAP          ;764910300 - TRANSFERÊNCIAS VOLU - ENCAMINHADO PARA DECISÃO DO ORDENADOR DE DESPESA;013801                                  ;-2900
;015201 - FUNDACAO DE APOIO A PESQUISA DO DF                ;="150201";150201 - FUNDAÇÃO DE APOIO A PESQUISA DO DF - FAP          ;764910300 - TRANSFERÊNCIAS VOLU - ENCAMINHADO PARA DECISÃO DO ORDENADOR DE DESPESA;013802                                  ;-8736
;015201 - FUNDACAO DE APOIO A PESQUISA DO DF                ;="150201";150201 - FUNDAÇÃO DE APOIO A PESQUISA DO DF - FAP          ;764910300 - TRANSFERÊNCIAS VOLU - ENCAMINHADO PARA DECISÃO DO ORDENADOR DE DESPESA;013812                                  ;-9999,9
;015201 - FUNDACAO DE APOIO A PESQUISA DO DF                ;="150201";150201 - FUNDAÇÃO DE APOIO A PESQUISA DO DF - FAP          ;764910300 - TRANSFERÊNCIAS VOLU - ENCAMINHADO PARA DECISÃO DO ORDENADOR DE DESPESA;013824                                  ;-100000
;015201 - FUNDACAO DE APOIO A PESQUISA DO DF                ;="150201";150201 - FUNDAÇÃO DE APOIO A PESQUISA DO DF - FAP          ;764910300 - TRANSFERÊNCIAS VOLU - ENCAMINHADO PARA DECISÃO DO ORDENADOR DE DESPESA;013826                                  ;-100000
;015201 - FUNDACAO DE APOIO A PESQUISA DO DF                ;="150201";150201 - FUNDAÇÃO DE APOIO A PESQUISA DO DF - FAP          ;764910300 - TRANSFERÊNCIAS VOLU - ENCAMINHADO PARA DECISÃO DO ORDENADOR DE DESPESA;013827                                  ;-9330
;015201 - FUNDACAO DE APOIO A PESQUISA DO DF                ;="150201";150201 - FUNDAÇÃO DE APOIO A PESQUISA DO DF - FAP          ;764910300 - TRANSFERÊNCIAS VOLU - ENCAMINHADO PARA DECISÃO DO ORDENADOR DE DESPESA;013832                                  ;-10000
;015201 - FUNDACAO DE APOIO A PESQUISA DO DF                ;="150201";150201 - FUNDAÇÃO DE APOIO A PESQUISA DO DF - FAP          ;764910300 - TRANSFERÊNCIAS VOLU - ENCAMINHADO PARA DECISÃO DO ORDENADOR DE DESPESA;013833                                  ;-7500
;015201 - FUNDACAO DE APOIO A PESQUISA DO DF                ;="150201";150201 - FUNDAÇÃO DE APOIO A PESQUISA DO DF - FAP          ;764910300 - TRANSFERÊNCIAS VOLU - ENCAMINHADO PARA DECISÃO DO ORDENADOR DE DESPESA;013834                                  ;-7500
;015201 - FUNDACAO DE APOIO A PESQUISA DO DF                ;="150201";150201 - FUNDAÇÃO DE APOIO A PESQUISA DO DF - FAP          ;764910300 - TRANSFERÊNCIAS VOLU - ENCAMINHADO PARA DECISÃO DO ORDENADOR DE DESPESA;013837                                  ;-6496
;015201 - FUNDACAO DE APOIO A PESQUISA DO DF                ;="150201";150201 - FUNDAÇÃO DE APOIO A PESQUISA DO DF - FAP          ;764910300 - TRANSFERÊNCIAS VOLU - ENCAMINHADO PARA DECISÃO DO ORDENADOR DE DESPESA;013841                                  ;-9997,6
;015201 - FUNDACAO DE APOIO A PESQUISA DO DF                ;="150201";150201 - FUNDAÇÃO DE APOIO A PESQUISA DO DF - FAP          ;764910300 - TRANSFERÊNCIAS VOLU - ENCAMINHADO PARA DECISÃO DO ORDENADOR DE DESPESA;013843                                  ;-10000
;015201 - FUNDACAO DE APOIO A PESQUISA DO DF                ;="150201";150201 - FUNDAÇÃO DE APOIO A PESQUISA DO DF - FAP          ;764910300 - TRANSFERÊNCIAS VOLU - ENCAMINHADO PARA DECISÃO DO ORDENADOR DE DESPESA;013852                                  ;-9332
;015201 - FUNDACAO DE APOIO A PESQUISA DO DF                ;="150201";150201 - FUNDAÇÃO DE APOIO A PESQUISA DO DF - FAP          ;764910300 - TRANSFERÊNCIAS VOLU - ENCAMINHADO PARA DECISÃO DO ORDENADOR DE DESPESA;013853                                  ;-9763
;015201 - FUNDACAO DE APOIO A PESQUISA DO DF                ;="150201";150201 - FUNDAÇÃO DE APOIO A PESQUISA DO DF - FAP          ;764910300 - TRANSFERÊNCIAS VOLU - ENCAMINHADO PARA DECISÃO DO ORDENADOR DE DESPESA;013856                                  ;-3000
;015201 - FUNDACAO DE APOIO A PESQUISA DO DF                ;="150201";150201 - FUNDAÇÃO DE APOIO A PESQUISA DO DF - FAP          ;764910300 - TRANSFERÊNCIAS VOLU - ENCAMINHADO PARA DECISÃO DO ORDENADOR DE DESPESA;013861                                  ;-2600
;015201 - FUNDACAO DE APOIO A PESQUISA DO DF                ;="150201";150201 - FUNDAÇÃO DE APOIO A PESQUISA DO DF - FAP          ;764910300 - TRANSFERÊNCIAS VOLU - ENCAMINHADO PARA DECISÃO DO ORDENADOR DE DESPESA;013866                                  ;-10000
;015201 - FUNDACAO DE APOIO A PESQUISA DO DF                ;="150201";150201 - FUNDAÇÃO DE APOIO A PESQUISA DO DF - FAP          ;764910300 - TRANSFERÊNCIAS VOLU - ENCAMINHADO PARA DECISÃO DO ORDENADOR DE DESPESA;013867                                  ;-9992
;015201 - FUNDACAO DE APOIO A PESQUISA DO DF                ;="150201";150201 - FUNDAÇÃO DE APOIO A PESQUISA DO DF - FAP          ;764910300 - TRANSFERÊNCIAS VOLU - ENCAMINHADO PARA DECISÃO DO ORDENADOR DE DESPESA;013868                                  ;-2000
;015201 - FUNDACAO DE APOIO A PESQUISA DO DF                ;="150201";150201 - FUNDAÇÃO DE APOIO A PESQUISA DO DF - FAP          ;764910300 - TRANSFERÊNCIAS VOLU - ENCAMINHADO PARA DECISÃO DO ORDENADOR DE DESPESA;013879                                  ;-33550
;015201 - FUNDACAO DE APOIO A PESQUISA DO DF                ;="150201";150201 - FUNDAÇÃO DE APOIO A PESQUISA DO DF - FAP          ;764910300 - TRANSFERÊNCIAS VOLU - ENCAMINHADO PARA DECISÃO DO ORDENADOR DE DESPESA;013883                                  ;-10000
;015201 - FUNDACAO DE APOIO A PESQUISA DO DF                ;="150201";150201 - FUNDAÇÃO DE APOIO A PESQUISA DO DF - FAP          ;764910300 - TRANSFERÊNCIAS VOLU - ENCAMINHADO PARA DECISÃO DO ORDENADOR DE DESPESA;013894                                  ;-2400
;015201 - FUNDACAO DE APOIO A PESQUISA DO DF                ;="150201";150201 - FUNDAÇÃO DE APOIO A PESQUISA DO DF - FAP          ;764910300 - TRANSFERÊNCIAS VOLU - ENCAMINHADO PARA DECISÃO DO ORDENADOR DE DESPESA;013903                                  ;-10000
;015201 - FUNDACAO DE APOIO A PESQUISA DO DF                ;="150201";150201 - FUNDAÇÃO DE APOIO A PESQUISA DO DF - FAP          ;764910300 - TRANSFERÊNCIAS VOLU - ENCAMINHADO PARA DECISÃO DO ORDENADOR DE DESPESA;013913                                  ;-43000
;015201 - FUNDACAO DE APOIO A PESQUISA DO DF                ;="150201";150201 - FUNDAÇÃO DE APOIO A PESQUISA DO DF - FAP          ;764910300 - TRANSFERÊNCIAS VOLU - ENCAMINHADO PARA DECISÃO DO ORDENADOR DE DESPESA;013934                                  ;-7489,76
;015201 - FUNDACAO DE APOIO A PESQUISA DO DF                ;="150201";150201 - FUNDAÇÃO DE APOIO A PESQUISA DO DF - FAP          ;764910300 - TRANSFERÊNCIAS VOLU - ENCAMINHADO PARA DECISÃO DO ORDENADOR DE DESPESA;013935                                  ;-10000
;015201 - FUNDACAO DE APOIO A PESQUISA DO DF                ;="150201";150201 - FUNDAÇÃO DE APOIO A PESQUISA DO DF - FAP          ;764910300 - TRANSFERÊNCIAS VOLU - ENCAMINHADO PARA DECISÃO DO ORDENADOR DE DESPESA;013937                                  ;-7147,2
;015201 - FUNDACAO DE APOIO A PESQUISA DO DF                ;="150201";150201 - FUNDAÇÃO DE APOIO A PESQUISA DO DF - FAP          ;764910300 - TRANSFERÊNCIAS VOLU - ENCAMINHADO PARA DECISÃO DO ORDENADOR DE DESPESA;013939                                  ;-2286
;015201 - FUNDACAO DE APOIO A PESQUISA DO DF                ;="150201";150201 - FUNDAÇÃO DE APOIO A PESQUISA DO DF - FAP          ;764910300 - TRANSFERÊNCIAS VOLU - ENCAMINHADO PARA DECISÃO DO ORDENADOR DE DESPESA;013945                                  ;-2800
;015201 - FUNDACAO DE APOIO A PESQUISA DO DF                ;="150201";150201 - FUNDAÇÃO DE APOIO A PESQUISA DO DF - FAP          ;764910300 - TRANSFERÊNCIAS VOLU - ENCAMINHADO PARA DECISÃO DO ORDENADOR DE DESPESA;013951                                  ;-9976
;015201 - FUNDACAO DE APOIO A PESQUISA DO DF                ;="150201";150201 - FUNDAÇÃO DE APOIO A PESQUISA DO DF - FAP          ;764910300 - TRANSFERÊNCIAS VOLU - ENCAMINHADO PARA DECISÃO DO ORDENADOR DE DESPESA;013952                                  ;-2860
;015201 - FUNDACAO DE APOIO A PESQUISA DO DF                ;="150201";150201 - FUNDAÇÃO DE APOIO A PESQUISA DO DF - FAP          ;764910300 - TRANSFERÊNCIAS VOLU - ENCAMINHADO PARA DECISÃO DO ORDENADOR DE DESPESA;013954                                  ;-2600
;015201 - FUNDACAO DE APOIO A PESQUISA DO DF                ;="150201";150201 - FUNDAÇÃO DE APOIO A PESQUISA DO DF - FAP          ;764910300 - TRANSFERÊNCIAS VOLU - ENCAMINHADO PARA DECISÃO DO ORDENADOR DE DESPESA;013956                                  ;-6782,8
;015201 - FUNDACAO DE APOIO A PESQUISA DO DF                ;="150201";150201 - FUNDAÇÃO DE APOIO A PESQUISA DO DF - FAP          ;764910300 - TRANSFERÊNCIAS VOLU - ENCAMINHADO PARA DECISÃO DO ORDENADOR DE DESPESA;013957                                  ;-7318
;015201 - FUNDACAO DE APOIO A PESQUISA DO DF                ;="150201";150201 - FUNDAÇÃO DE APOIO A PESQUISA DO DF - FAP          ;764910300 - TRANSFERÊNCIAS VOLU - ENCAMINHADO PARA DECISÃO DO ORDENADOR DE DESPESA;014000                                  ;-9160
;015201 - FUNDACAO DE APOIO A PESQUISA DO DF                ;="150201";150201 - FUNDAÇÃO DE APOIO A PESQUISA DO DF - FAP          ;764910300 - TRANSFERÊNCIAS VOLU - ENCAMINHADO PARA DECISÃO DO ORDENADOR DE DESPESA;014004                                  ;-7413,5
;015201 - FUNDACAO DE APOIO A PESQUISA DO DF                ;="150201";150201 - FUNDAÇÃO DE APOIO A PESQUISA DO DF - FAP          ;764910300 - TRANSFERÊNCIAS VOLU - ENCAMINHADO PARA DECISÃO DO ORDENADOR DE DESPESA;014005                                  ;-7546
;015201 - FUNDACAO DE APOIO A PESQUISA DO DF                ;="150201";150201 - FUNDAÇÃO DE APOIO A PESQUISA DO DF - FAP          ;764910300 - TRANSFERÊNCIAS VOLU - ENCAMINHADO PARA DECISÃO DO ORDENADOR DE DESPESA;014006                                  ;-2960
;015201 - FUNDACAO DE APOIO A PESQUISA DO DF                ;="150201";150201 - FUNDAÇÃO DE APOIO A PESQUISA DO DF - FAP          ;764910300 - TRANSFERÊNCIAS VOLU - ENCAMINHADO PARA DECISÃO DO ORDENADOR DE DESPESA;014011                                  ;-3000
;015201 - FUNDACAO DE APOIO A PESQUISA DO DF                ;="150201";150201 - FUNDAÇÃO DE APOIO A PESQUISA DO DF - FAP          ;764910300 - TRANSFERÊNCIAS VOLU - ENCAMINHADO PARA DECISÃO DO ORDENADOR DE DESPESA;014016                                  ;-8636,9
;015201 - FUNDACAO DE APOIO A PESQUISA DO DF                ;="150201";150201 - FUNDAÇÃO DE APOIO A PESQUISA DO DF - FAP          ;764910300 - TRANSFERÊNCIAS VOLU - ENCAMINHADO PARA DECISÃO DO ORDENADOR DE DESPESA;014018                                  ;-4009,88
;015201 - FUNDACAO DE APOIO A PESQUISA DO DF                ;="150201";150201 - FUNDAÇÃO DE APOIO A PESQUISA DO DF - FAP          ;764910300 - TRANSFERÊNCIAS VOLU - ENCAMINHADO PARA DECISÃO DO ORDENADOR DE DESPESA;014032                                  ;-6360
;015201 - FUNDACAO DE APOIO A PESQUISA DO DF                ;="150201";150201 - FUNDAÇÃO DE APOIO A PESQUISA DO DF - FAP          ;764910300 - TRANSFERÊNCIAS VOLU - ENCAMINHADO PARA DECISÃO DO ORDENADOR DE DESPESA;014038                                  ;-76799,95
;015201 - FUNDACAO DE APOIO A PESQUISA DO DF                ;="150201";150201 - FUNDAÇÃO DE APOIO A PESQUISA DO DF - FAP          ;764910300 - TRANSFERÊNCIAS VOLU - ENCAMINHADO PARA DECISÃO DO ORDENADOR DE DESPESA;014039                                  ;-51525
;015201 - FUNDACAO DE APOIO A PESQUISA DO DF                ;="150201";150201 - FUNDAÇÃO DE APOIO A PESQUISA DO DF - FAP          ;764910300 - TRANSFERÊNCIAS VOLU - ENCAMINHADO PARA DECISÃO DO ORDENADOR DE DESPESA;014043                                  ;-100000
;015201 - FUNDACAO DE APOIO A PESQUISA DO DF                ;="150201";150201 - FUNDAÇÃO DE APOIO A PESQUISA DO DF - FAP          ;764910300 - TRANSFERÊNCIAS VOLU - ENCAMINHADO PARA DECISÃO DO ORDENADOR DE DESPESA;014053                                  ;-9999,9
;015201 - FUNDACAO DE APOIO A PESQUISA DO DF                ;="150201";150201 - FUNDAÇÃO DE APOIO A PESQUISA DO DF - FAP          ;764910300 - TRANSFERÊNCIAS VOLU - ENCAMINHADO PARA DECISÃO DO ORDENADOR DE DESPESA;014056                                  ;-100000
;015201 - FUNDACAO DE APOIO A PESQUISA DO DF                ;="150201";150201 - FUNDAÇÃO DE APOIO A PESQUISA DO DF - FAP          ;764910300 - TRANSFERÊNCIAS VOLU - ENCAMINHADO PARA DECISÃO DO ORDENADOR DE DESPESA;014058                                  ;-36400
;015201 - FUNDACAO DE APOIO A PESQUISA DO DF                ;="150201";150201 - FUNDAÇÃO DE APOIO A PESQUISA DO DF - FAP          ;764910300 - TRANSFERÊNCIAS VOLU - ENCAMINHADO PARA DECISÃO DO ORDENADOR DE DESPESA;014073                                  ;-9180
;015201 - FUNDACAO DE APOIO A PESQUISA DO DF                ;="150201";150201 - FUNDAÇÃO DE APOIO A PESQUISA DO DF - FAP          ;764910300 - TRANSFERÊNCIAS VOLU - ENCAMINHADO PARA DECISÃO DO ORDENADOR DE DESPESA;014074                                  ;-2600
;015201 - FUNDACAO DE APOIO A PESQUISA DO DF                ;="150201";150201 - FUNDAÇÃO DE APOIO A PESQUISA DO DF - FAP          ;764910300 - TRANSFERÊNCIAS VOLU - ENCAMINHADO PARA DECISÃO DO ORDENADOR DE DESPESA;014075                                  ;-1680
;015201 - FUNDACAO DE APOIO A PESQUISA DO DF                ;="150201";150201 - FUNDAÇÃO DE APOIO A PESQUISA DO DF - FAP          ;764910300 - TRANSFERÊNCIAS VOLU - ENCAMINHADO PARA DECISÃO DO ORDENADOR DE DESPESA;014077                                  ;-9360
;015201 - FUNDACAO DE APOIO A PESQUISA DO DF                ;="150201";150201 - FUNDAÇÃO DE APOIO A PESQUISA DO DF - FAP          ;764910300 - TRANSFERÊNCIAS VOLU - ENCAMINHADO PARA DECISÃO DO ORDENADOR DE DESPESA;014078                                  ;-10000
;015201 - FUNDACAO DE APOIO A PESQUISA DO DF                ;="150201";150201 - FUNDAÇÃO DE APOIO A PESQUISA DO DF - FAP          ;764910300 - TRANSFERÊNCIAS VOLU - ENCAMINHADO PARA DECISÃO DO ORDENADOR DE DESPESA;014079                                  ;-10000
;015201 - FUNDACAO DE APOIO A PESQUISA DO DF                ;="150201";150201 - FUNDAÇÃO DE APOIO A PESQUISA DO DF - FAP          ;764910300 - TRANSFERÊNCIAS VOLU - ENCAMINHADO PARA DECISÃO DO ORDENADOR DE DESPESA;014081                                  ;-6080
;015201 - FUNDACAO DE APOIO A PESQUISA DO DF                ;="150201";150201 - FUNDAÇÃO DE APOIO A PESQUISA DO DF - FAP          ;764910300 - TRANSFERÊNCIAS VOLU - ENCAMINHADO PARA DECISÃO DO ORDENADOR DE DESPESA;014082                                  ;-5876
;015201 - FUNDACAO DE APOIO A PESQUISA DO DF                ;="150201";150201 - FUNDAÇÃO DE APOIO A PESQUISA DO DF - FAP          ;764910300 - TRANSFERÊNCIAS VOLU - ENCAMINHADO PARA DECISÃO DO ORDENADOR DE DESPESA;014083                                  ;-6751,68
;015201 - FUNDACAO DE APOIO A PESQUISA DO DF                ;="150201";150201 - FUNDAÇÃO DE APOIO A PESQUISA DO DF - FAP          ;764910300 - TRANSFERÊNCIAS VOLU - ENCAMINHADO PARA DECISÃO DO ORDENADOR DE DESPESA;014106                                  ;-40000
;015201 - FUNDACAO DE APOIO A PESQUISA DO DF                ;="150201";150201 - FUNDAÇÃO DE APOIO A PESQUISA DO DF - FAP          ;764910300 - TRANSFERÊNCIAS VOLU - ENCAMINHADO PARA DECISÃO DO ORDENADOR DE DESPESA;014107                                  ;-10000
;015201 - FUNDACAO DE APOIO A PESQUISA DO DF                ;="150201";150201 - FUNDAÇÃO DE APOIO A PESQUISA DO DF - FAP          ;764910300 - TRANSFERÊNCIAS VOLU - ENCAMINHADO PARA DECISÃO DO ORDENADOR DE DESPESA;014109                                  ;-3000
;015201 - FUNDACAO DE APOIO A PESQUISA DO DF                ;="150201";150201 - FUNDAÇÃO DE APOIO A PESQUISA DO DF - FAP          ;764910300 - TRANSFERÊNCIAS VOLU - ENCAMINHADO PARA DECISÃO DO ORDENADOR DE DESPESA;014110                                  ;-10000
;015201 - FUNDACAO DE APOIO A PESQUISA DO DF                ;="150201";150201 - FUNDAÇÃO DE APOIO A PESQUISA DO DF - FAP          ;764910300 - TRANSFERÊNCIAS VOLU - ENCAMINHADO PARA DECISÃO DO ORDENADOR DE DESPESA;014113                                  ;-9955
;015201 - FUNDACAO DE APOIO A PESQUISA DO DF                ;="150201";150201 - FUNDAÇÃO DE APOIO A PESQUISA DO DF - FAP          ;764910300 - TRANSFERÊNCIAS VOLU - ENCAMINHADO PARA DECISÃO DO ORDENADOR DE DESPESA;014115                                  ;-2200
;015201 - FUNDACAO DE APOIO A PESQUISA DO DF                ;="150201";150201 - FUNDAÇÃO DE APOIO A PESQUISA DO DF - FAP          ;764910300 - TRANSFERÊNCIAS VOLU - ENCAMINHADO PARA DECISÃO DO ORDENADOR DE DESPESA;014116                                  ;-10000
;015201 - FUNDACAO DE APOIO A PESQUISA DO DF                ;="150201";150201 - FUNDAÇÃO DE APOIO A PESQUISA DO DF - FAP          ;764910300 - TRANSFERÊNCIAS VOLU - ENCAMINHADO PARA DECISÃO DO ORDENADOR DE DESPESA;014117                                  ;-6635
;015201 - FUNDACAO DE APOIO A PESQUISA DO DF                ;="150201";150201 - FUNDAÇÃO DE APOIO A PESQUISA DO DF - FAP          ;764910300 - TRANSFERÊNCIAS VOLU - ENCAMINHADO PARA DECISÃO DO ORDENADOR DE DESPESA;014120                                  ;-10000
;015201 - FUNDACAO DE APOIO A PESQUISA DO DF                ;="150201";150201 - FUNDAÇÃO DE APOIO A PESQUISA DO DF - FAP          ;764910300 - TRANSFERÊNCIAS VOLU - ENCAMINHADO PARA DECISÃO DO ORDENADOR DE DESPESA;014121                                  ;-9951,3
;015201 - FUNDACAO DE APOIO A PESQUISA DO DF                ;="150201";150201 - FUNDAÇÃO DE APOIO A PESQUISA DO DF - FAP          ;764910300 - TRANSFERÊNCIAS VOLU - ENCAMINHADO PARA DECISÃO DO ORDENADOR DE DESPESA;014124                                  ;-100000
;015201 - FUNDACAO DE APOIO A PESQUISA DO DF                ;="150201";150201 - FUNDAÇÃO DE APOIO A PESQUISA DO DF - FAP          ;764910300 - TRANSFERÊNCIAS VOLU - ENCAMINHADO PARA DECISÃO DO ORDENADOR DE DESPESA;014127                                  ;-9160
;015201 - FUNDACAO DE APOIO A PESQUISA DO DF                ;="150201";150201 - FUNDAÇÃO DE APOIO A PESQUISA DO DF - FAP          ;764910300 - TRANSFERÊNCIAS VOLU - ENCAMINHADO PARA DECISÃO DO ORDENADOR DE DESPESA;014129                                  ;-9531,63
;015201 - FUNDACAO DE APOIO A PESQUISA DO DF                ;="150201";150201 - FUNDAÇÃO DE APOIO A PESQUISA DO DF - FAP          ;764910300 - TRANSFERÊNCIAS VOLU - ENCAMINHADO PARA DECISÃO DO ORDENADOR DE DESPESA;014132                                  ;-2237
;015201 - FUNDACAO DE APOIO A PESQUISA DO DF                ;="150201";150201 - FUNDAÇÃO DE APOIO A PESQUISA DO DF - FAP          ;764910300 - TRANSFERÊNCIAS VOLU - ENCAMINHADO PARA DECISÃO DO ORDENADOR DE DESPESA;014135                                  ;-10000
;015201 - FUNDACAO DE APOIO A PESQUISA DO DF                ;="150201";150201 - FUNDAÇÃO DE APOIO A PESQUISA DO DF - FAP          ;764910300 - TRANSFERÊNCIAS VOLU - ENCAMINHADO PARA DECISÃO DO ORDENADOR DE DESPESA;014136                                  ;-10000
;015201 - FUNDACAO DE APOIO A PESQUISA DO DF                ;="150201";150201 - FUNDAÇÃO DE APOIO A PESQUISA DO DF - FAP          ;764910300 - TRANSFERÊNCIAS VOLU - ENCAMINHADO PARA DECISÃO DO ORDENADOR DE DESPESA;014137                                  ;-9999,99
;015201 - FUNDACAO DE APOIO A PESQUISA DO DF                ;="150201";150201 - FUNDAÇÃO DE APOIO A PESQUISA DO DF - FAP          ;764910300 - TRANSFERÊNCIAS VOLU - ENCAMINHADO PARA DECISÃO DO ORDENADOR DE DESPESA;014138                                  ;-10000
;015201 - FUNDACAO DE APOIO A PESQUISA DO DF                ;="150201";150201 - FUNDAÇÃO DE APOIO A PESQUISA DO DF - FAP          ;764910300 - TRANSFERÊNCIAS VOLU - ENCAMINHADO PARA DECISÃO DO ORDENADOR DE DESPESA;014140                                  ;-8336
;015201 - FUNDACAO DE APOIO A PESQUISA DO DF                ;="150201";150201 - FUNDAÇÃO DE APOIO A PESQUISA DO DF - FAP          ;764910300 - TRANSFERÊNCIAS VOLU - ENCAMINHADO PARA DECISÃO DO ORDENADOR DE DESPESA;014142                                  ;-6940
;015201 - FUNDACAO DE APOIO A PESQUISA DO DF                ;="150201";150201 - FUNDAÇÃO DE APOIO A PESQUISA DO DF - FAP          ;764910300 - TRANSFERÊNCIAS VOLU - ENCAMINHADO PARA DECISÃO DO ORDENADOR DE DESPESA;014145                                  ;-8894,94
;015201 - FUNDACAO DE APOIO A PESQUISA DO DF                ;="150201";150201 - FUNDAÇÃO DE APOIO A PESQUISA DO DF - FAP          ;764910300 - TRANSFERÊNCIAS VOLU - ENCAMINHADO PARA DECISÃO DO ORDENADOR DE DESPESA;014152                                  ;-9995,2
;015201 - FUNDACAO DE APOIO A PESQUISA DO DF                ;="150201";150201 - FUNDAÇÃO DE APOIO A PESQUISA DO DF - FAP          ;764910300 - TRANSFERÊNCIAS VOLU - ENCAMINHADO PARA DECISÃO DO ORDENADOR DE DESPESA;014157                                  ;-52486
;015201 - FUNDACAO DE APOIO A PESQUISA DO DF                ;="150201";150201 - FUNDAÇÃO DE APOIO A PESQUISA DO DF - FAP          ;764910300 - TRANSFERÊNCIAS VOLU - ENCAMINHADO PARA DECISÃO DO ORDENADOR DE DESPESA;014159                                  ;-10000
;015201 - FUNDACAO DE APOIO A PESQUISA DO DF                ;="150201";150201 - FUNDAÇÃO DE APOIO A PESQUISA DO DF - FAP          ;764910300 - TRANSFERÊNCIAS VOLU - ENCAMINHADO PARA DECISÃO DO ORDENADOR DE DESPESA;014160                                  ;-10000
;015201 - FUNDACAO DE APOIO A PESQUISA DO DF                ;="150201";150201 - FUNDAÇÃO DE APOIO A PESQUISA DO DF - FAP          ;764910300 - TRANSFERÊNCIAS VOLU - ENCAMINHADO PARA DECISÃO DO ORDENADOR DE DESPESA;014161                                  ;-2999,97
;015201 - FUNDACAO DE APOIO A PESQUISA DO DF                ;="150201";150201 - FUNDAÇÃO DE APOIO A PESQUISA DO DF - FAP          ;764910300 - TRANSFERÊNCIAS VOLU - ENCAMINHADO PARA DECISÃO DO ORDENADOR DE DESPESA;014162                                  ;-9900
;015201 - FUNDACAO DE APOIO A PESQUISA DO DF                ;="150201";150201 - FUNDAÇÃO DE APOIO A PESQUISA DO DF - FAP          ;764910300 - TRANSFERÊNCIAS VOLU - ENCAMINHADO PARA DECISÃO DO ORDENADOR DE DESPESA;014172                                  ;-10000
;015201 - FUNDACAO DE APOIO A PESQUISA DO DF                ;="150201";150201 - FUNDAÇÃO DE APOIO A PESQUISA DO DF - FAP          ;764910300 - TRANSFERÊNCIAS VOLU - ENCAMINHADO PARA DECISÃO DO ORDENADOR DE DESPESA;014175                                  ;-10000
;015201 - FUNDACAO DE APOIO A PESQUISA DO DF                ;="150201";150201 - FUNDAÇÃO DE APOIO A PESQUISA DO DF - FAP          ;764910300 - TRANSFERÊNCIAS VOLU - ENCAMINHADO PARA DECISÃO DO ORDENADOR DE DESPESA;014180                                  ;-9635,32
;015201 - FUNDACAO DE APOIO A PESQUISA DO DF                ;="150201";150201 - FUNDAÇÃO DE APOIO A PESQUISA DO DF - FAP          ;764910300 - TRANSFERÊNCIAS VOLU - ENCAMINHADO PARA DECISÃO DO ORDENADOR DE DESPESA;014187                                  ;-10000
;015201 - FUNDACAO DE APOIO A PESQUISA DO DF                ;="150201";150201 - FUNDAÇÃO DE APOIO A PESQUISA DO DF - FAP          ;764910300 - TRANSFERÊNCIAS VOLU - ENCAMINHADO PARA DECISÃO DO ORDENADOR DE DESPESA;014188                                  ;-9874,3
;015201 - FUNDACAO DE APOIO A PESQUISA DO DF                ;="150201";150201 - FUNDAÇÃO DE APOIO A PESQUISA DO DF - FAP          ;764910300 - TRANSFERÊNCIAS VOLU - ENCAMINHADO PARA DECISÃO DO ORDENADOR DE DESPESA;014192                                  ;-9623,2
;015201 - FUNDACAO DE APOIO A PESQUISA DO DF                ;="150201";150201 - FUNDAÇÃO DE APOIO A PESQUISA DO DF - FAP          ;764910300 - TRANSFERÊNCIAS VOLU - ENCAMINHADO PARA DECISÃO DO ORDENADOR DE DESPESA;014193                                  ;-10000
;015201 - FUNDACAO DE APOIO A PESQUISA DO DF                ;="150201";150201 - FUNDAÇÃO DE APOIO A PESQUISA DO DF - FAP          ;764910300 - TRANSFERÊNCIAS VOLU - ENCAMINHADO PARA DECISÃO DO ORDENADOR DE DESPESA;014195                                  ;-10000
;015201 - FUNDACAO DE APOIO A PESQUISA DO DF                ;="150201";150201 - FUNDAÇÃO DE APOIO A PESQUISA DO DF - FAP          ;764910300 - TRANSFERÊNCIAS VOLU - ENCAMINHADO PARA DECISÃO DO ORDENADOR DE DESPESA;014199                                  ;-7600
;015201 - FUNDACAO DE APOIO A PESQUISA DO DF                ;="150201";150201 - FUNDAÇÃO DE APOIO A PESQUISA DO DF - FAP          ;764910300 - TRANSFERÊNCIAS VOLU - ENCAMINHADO PARA DECISÃO DO ORDENADOR DE DESPESA;014204                                  ;-10000
;015201 - FUNDACAO DE APOIO A PESQUISA DO DF                ;="150201";150201 - FUNDAÇÃO DE APOIO A PESQUISA DO DF - FAP          ;764910300 - TRANSFERÊNCIAS VOLU - ENCAMINHADO PARA DECISÃO DO ORDENADOR DE DESPESA;014205                                  ;-9550
;015201 - FUNDACAO DE APOIO A PESQUISA DO DF                ;="150201";150201 - FUNDAÇÃO DE APOIO A PESQUISA DO DF - FAP          ;764910300 - TRANSFERÊNCIAS VOLU - ENCAMINHADO PARA DECISÃO DO ORDENADOR DE DESPESA;014206                                  ;-9000
;015201 - FUNDACAO DE APOIO A PESQUISA DO DF                ;="150201";150201 - FUNDAÇÃO DE APOIO A PESQUISA DO DF - FAP          ;764910300 - TRANSFERÊNCIAS VOLU - ENCAMINHADO PARA DECISÃO DO ORDENADOR DE DESPESA;014226                                  ;-9990
;015201 - FUNDACAO DE APOIO A PESQUISA DO DF                ;="150201";150201 - FUNDAÇÃO DE APOIO A PESQUISA DO DF - FAP          ;764910300 - TRANSFERÊNCIAS VOLU - ENCAMINHADO PARA DECISÃO DO ORDENADOR DE DESPESA;014229                                  ;-10000
;015201 - FUNDACAO DE APOIO A PESQUISA DO DF                ;="150201";150201 - FUNDAÇÃO DE APOIO A PESQUISA DO DF - FAP          ;764910300 - TRANSFERÊNCIAS VOLU - ENCAMINHADO PARA DECISÃO DO ORDENADOR DE DESPESA;014230                                  ;-7446,1
;015201 - FUNDACAO DE APOIO A PESQUISA DO DF                ;="150201";150201 - FUNDAÇÃO DE APOIO A PESQUISA DO DF - FAP          ;764910300 - TRANSFERÊNCIAS VOLU - ENCAMINHADO PARA DECISÃO DO ORDENADOR DE DESPESA;014237                                  ;-10000
;015201 - FUNDACAO DE APOIO A PESQUISA DO DF                ;="150201";150201 - FUNDAÇÃO DE APOIO A PESQUISA DO DF - FAP          ;764910300 - TRANSFERÊNCIAS VOLU - ENCAMINHADO PARA DECISÃO DO ORDENADOR DE DESPESA;014239                                  ;-9655,32
;015201 - FUNDACAO DE APOIO A PESQUISA DO DF                ;="150201";150201 - FUNDAÇÃO DE APOIO A PESQUISA DO DF - FAP          ;764910300 - TRANSFERÊNCIAS VOLU - ENCAMINHADO PARA DECISÃO DO ORDENADOR DE DESPESA;014241                                  ;-10000
;015201 - FUNDACAO DE APOIO A PESQUISA DO DF                ;="150201";150201 - FUNDAÇÃO DE APOIO A PESQUISA DO DF - FAP          ;764910300 - TRANSFERÊNCIAS VOLU - ENCAMINHADO PARA DECISÃO DO ORDENADOR DE DESPESA;014242                                  ;-10000
;015201 - FUNDACAO DE APOIO A PESQUISA DO DF                ;="150201";150201 - FUNDAÇÃO DE APOIO A PESQUISA DO DF - FAP          ;764910300 - TRANSFERÊNCIAS VOLU - ENCAMINHADO PARA DECISÃO DO ORDENADOR DE DESPESA;014546                                  ;-10000
;015201 - FUNDACAO DE APOIO A PESQUISA DO DF                ;="150201";150201 - FUNDAÇÃO DE APOIO A PESQUISA DO DF - FAP          ;764910300 - TRANSFERÊNCIAS VOLU - ENCAMINHADO PARA DECISÃO DO ORDENADOR DE DESPESA;014547                                  ;-10000
;015201 - FUNDACAO DE APOIO A PESQUISA DO DF                ;="150201";150201 - FUNDAÇÃO DE APOIO A PESQUISA DO DF - FAP          ;764910300 - TRANSFERÊNCIAS VOLU - ENCAMINHADO PARA DECISÃO DO ORDENADOR DE DESPESA;014549                                  ;-8328,48
;015201 - FUNDACAO DE APOIO A PESQUISA DO DF                ;="150201";150201 - FUNDAÇÃO DE APOIO A PESQUISA DO DF - FAP          ;764910300 - TRANSFERÊNCIAS VOLU - ENCAMINHADO PARA DECISÃO DO ORDENADOR DE DESPESA;014550                                  ;-10000
;015201 - FUNDACAO DE APOIO A PESQUISA DO DF                ;="150201";150201 - FUNDAÇÃO DE APOIO A PESQUISA DO DF - FAP          ;764910300 - TRANSFERÊNCIAS VOLU - ENCAMINHADO PARA DECISÃO DO ORDENADOR DE DESPESA;014552                                  ;-9900
;015201 - FUNDACAO DE APOIO A PESQUISA DO DF                ;="150201";150201 - FUNDAÇÃO DE APOIO A PESQUISA DO DF - FAP          ;764910300 - TRANSFERÊNCIAS VOLU - ENCAMINHADO PARA DECISÃO DO ORDENADOR DE DESPESA;014558                                  ;-9975,2
;015201 - FUNDACAO DE APOIO A PESQUISA DO DF                ;="150201";150201 - FUNDAÇÃO DE APOIO A PESQUISA DO DF - FAP          ;764910300 - TRANSFERÊNCIAS VOLU - ENCAMINHADO PARA DECISÃO DO ORDENADOR DE DESPESA;014559                                  ;-7560
;015201 - FUNDACAO DE APOIO A PESQUISA DO DF                ;="150201";150201 - FUNDAÇÃO DE APOIO A PESQUISA DO DF - FAP          ;764910300 - TRANSFERÊNCIAS VOLU - ENCAMINHADO PARA DECISÃO DO ORDENADOR DE DESPESA;014561                                  ;-9000
;015201 - FUNDACAO DE APOIO A PESQUISA DO DF                ;="150201";150201 - FUNDAÇÃO DE APOIO A PESQUISA DO DF - FAP          ;764910300 - TRANSFERÊNCIAS VOLU - ENCAMINHADO PARA DECISÃO DO ORDENADOR DE DESPESA;014565                                  ;-9502,8
;015201 - FUNDACAO DE APOIO A PESQUISA DO DF                ;="150201";150201 - FUNDAÇÃO DE APOIO A PESQUISA DO DF - FAP          ;764910300 - TRANSFERÊNCIAS VOLU - ENCAMINHADO PARA DECISÃO DO ORDENADOR DE DESPESA;014566                                  ;-10000
;015201 - FUNDACAO DE APOIO A PESQUISA DO DF                ;="150201";150201 - FUNDAÇÃO DE APOIO A PESQUISA DO DF - FAP          ;764910300 - TRANSFERÊNCIAS VOLU - ENCAMINHADO PARA DECISÃO DO ORDENADOR DE DESPESA;014570                                  ;-7950
;015201 - FUNDACAO DE APOIO A PESQUISA DO DF                ;="150201";150201 - FUNDAÇÃO DE APOIO A PESQUISA DO DF - FAP          ;764910300 - TRANSFERÊNCIAS VOLU - ENCAMINHADO PARA DECISÃO DO ORDENADOR DE DESPESA;014572                                  ;-9975,2
;015201 - FUNDACAO DE APOIO A PESQUISA DO DF                ;="150201";150201 - FUNDAÇÃO DE APOIO A PESQUISA DO DF - FAP          ;764910300 - TRANSFERÊNCIAS VOLU - ENCAMINHADO PARA DECISÃO DO ORDENADOR DE DESPESA;014573                                  ;-6290
;015201 - FUNDACAO DE APOIO A PESQUISA DO DF                ;="150201";150201 - FUNDAÇÃO DE APOIO A PESQUISA DO DF - FAP          ;764910300 - TRANSFERÊNCIAS VOLU - ENCAMINHADO PARA DECISÃO DO ORDENADOR DE DESPESA;014575                                  ;-10000
;015201 - FUNDACAO DE APOIO A PESQUISA DO DF                ;="150201";150201 - FUNDAÇÃO DE APOIO A PESQUISA DO DF - FAP          ;764910300 - TRANSFERÊNCIAS VOLU - ENCAMINHADO PARA DECISÃO DO ORDENADOR DE DESPESA;014577                                  ;-9999,78
;015201 - FUNDACAO DE APOIO A PESQUISA DO DF                ;="150201";150201 - FUNDAÇÃO DE APOIO A PESQUISA DO DF - FAP          ;764910300 - TRANSFERÊNCIAS VOLU - ENCAMINHADO PARA DECISÃO DO ORDENADOR DE DESPESA;014579                                  ;-7160
;015201 - FUNDACAO DE APOIO A PESQUISA DO DF                ;="150201";150201 - FUNDAÇÃO DE APOIO A PESQUISA DO DF - FAP          ;764910300 - TRANSFERÊNCIAS VOLU - ENCAMINHADO PARA DECISÃO DO ORDENADOR DE DESPESA;014589                                  ;-9669,2
;015201 - FUNDACAO DE APOIO A PESQUISA DO DF                ;="150201";150201 - FUNDAÇÃO DE APOIO A PESQUISA DO DF - FAP          ;764910300 - TRANSFERÊNCIAS VOLU - ENCAMINHADO PARA DECISÃO DO ORDENADOR DE DESPESA;014590                                  ;-105000
;015201 - FUNDACAO DE APOIO A PESQUISA DO DF                ;="150201";150201 - FUNDAÇÃO DE APOIO A PESQUISA DO DF - FAP          ;764910300 - TRANSFERÊNCIAS VOLU - ENCAMINHADO PARA DECISÃO DO ORDENADOR DE DESPESA;014591                                  ;-1624
;015201 - FUNDACAO DE APOIO A PESQUISA DO DF                ;="150201";150201 - FUNDAÇÃO DE APOIO A PESQUISA DO DF - FAP          ;764910300 - TRANSFERÊNCIAS VOLU - ENCAMINHADO PARA DECISÃO DO ORDENADOR DE DESPESA;014592                                  ;-9975
;015201 - FUNDACAO DE APOIO A PESQUISA DO DF                ;="150201";150201 - FUNDAÇÃO DE APOIO A PESQUISA DO DF - FAP          ;764910300 - TRANSFERÊNCIAS VOLU - ENCAMINHADO PARA DECISÃO DO ORDENADOR DE DESPESA;014593                                  ;-9999,99
;015201 - FUNDACAO DE APOIO A PESQUISA DO DF                ;="150201";150201 - FUNDAÇÃO DE APOIO A PESQUISA DO DF - FAP          ;764910300 - TRANSFERÊNCIAS VOLU - ENCAMINHADO PARA DECISÃO DO ORDENADOR DE DESPESA;014594                                  ;-9887,12
;015201 - FUNDACAO DE APOIO A PESQUISA DO DF                ;="150201";150201 - FUNDAÇÃO DE APOIO A PESQUISA DO DF - FAP          ;764910300 - TRANSFERÊNCIAS VOLU - ENCAMINHADO PARA DECISÃO DO ORDENADOR DE DESPESA;014595                                  ;-8744
;015201 - FUNDACAO DE APOIO A PESQUISA DO DF                ;="150201";150201 - FUNDAÇÃO DE APOIO A PESQUISA DO DF - FAP          ;764910300 - TRANSFERÊNCIAS VOLU - ENCAMINHADO PARA DECISÃO DO ORDENADOR DE DESPESA;014596                                  ;-7621,5
;015201 - FUNDACAO DE APOIO A PESQUISA DO DF                ;="150201";150201 - FUNDAÇÃO DE APOIO A PESQUISA DO DF - FAP          ;764910300 - TRANSFERÊNCIAS VOLU - ENCAMINHADO PARA DECISÃO DO ORDENADOR DE DESPESA;014597                                  ;-10000
;015201 - FUNDACAO DE APOIO A PESQUISA DO DF                ;="150201";150201 - FUNDAÇÃO DE APOIO A PESQUISA DO DF - FAP          ;764910300 - TRANSFERÊNCIAS VOLU - ENCAMINHADO PARA DECISÃO DO ORDENADOR DE DESPESA;014599                                  ;-9169,2
;015201 - FUNDACAO DE APOIO A PESQUISA DO DF                ;="150201";150201 - FUNDAÇÃO DE APOIO A PESQUISA DO DF - FAP          ;764910300 - TRANSFERÊNCIAS VOLU - ENCAMINHADO PARA DECISÃO DO ORDENADOR DE DESPESA;014600                                  ;-9994
;015201 - FUNDACAO DE APOIO A PESQUISA DO DF                ;="150201";150201 - FUNDAÇÃO DE APOIO A PESQUISA DO DF - FAP          ;764910300 - TRANSFERÊNCIAS VOLU - ENCAMINHADO PARA DECISÃO DO ORDENADOR DE DESPESA;014601                                  ;-9999,9
;015201 - FUNDACAO DE APOIO A PESQUISA DO DF                ;="150201";150201 - FUNDAÇÃO DE APOIO A PESQUISA DO DF - FAP          ;764910300 - TRANSFERÊNCIAS VOLU - ENCAMINHADO PARA DECISÃO DO ORDENADOR DE DESPESA;014606                                  ;-7258
;015201 - FUNDACAO DE APOIO A PESQUISA DO DF                ;="150201";150201 - FUNDAÇÃO DE APOIO A PESQUISA DO DF - FAP          ;764910300 - TRANSFERÊNCIAS VOLU - ENCAMINHADO PARA DECISÃO DO ORDENADOR DE DESPESA;014607                                  ;-9750,8
;015201 - FUNDACAO DE APOIO A PESQUISA DO DF                ;="150201";150201 - FUNDAÇÃO DE APOIO A PESQUISA DO DF - FAP          ;764910300 - TRANSFERÊNCIAS VOLU - ENCAMINHADO PARA DECISÃO DO ORDENADOR DE DESPESA;014608                                  ;-7411,54
;015201 - FUNDACAO DE APOIO A PESQUISA DO DF                ;="150201";150201 - FUNDAÇÃO DE APOIO A PESQUISA DO DF - FAP          ;764910300 - TRANSFERÊNCIAS VOLU - ENCAMINHADO PARA DECISÃO DO ORDENADOR DE DESPESA;014610                                  ;-10000
;015201 - FUNDACAO DE APOIO A PESQUISA DO DF                ;="150201";150201 - FUNDAÇÃO DE APOIO A PESQUISA DO DF - FAP          ;764910300 - TRANSFERÊNCIAS VOLU - ENCAMINHADO PARA DECISÃO DO ORDENADOR DE DESPESA;014611                                  ;-9750
;015201 - FUNDACAO DE APOIO A PESQUISA DO DF                ;="150201";150201 - FUNDAÇÃO DE APOIO A PESQUISA DO DF - FAP          ;764910300 - TRANSFERÊNCIAS VOLU - ENCAMINHADO PARA DECISÃO DO ORDENADOR DE DESPESA;014612                                  ;-8077,76
;015201 - FUNDACAO DE APOIO A PESQUISA DO DF                ;="150201";150201 - FUNDAÇÃO DE APOIO A PESQUISA DO DF - FAP          ;764910300 - TRANSFERÊNCIAS VOLU - ENCAMINHADO PARA DECISÃO DO ORDENADOR DE DESPESA;014613                                  ;-8772,24
;015201 - FUNDACAO DE APOIO A PESQUISA DO DF                ;="150201";150201 - FUNDAÇÃO DE APOIO A PESQUISA DO DF - FAP          ;764910300 - TRANSFERÊNCIAS VOLU - ENCAMINHADO PARA DECISÃO DO ORDENADOR DE DESPESA;014614                                  ;-6484,62
;015201 - FUNDACAO DE APOIO A PESQUISA DO DF                ;="150201";150201 - FUNDAÇÃO DE APOIO A PESQUISA DO DF - FAP          ;764910300 - TRANSFERÊNCIAS VOLU - ENCAMINHADO PARA DECISÃO DO ORDENADOR DE DESPESA;014615                                  ;-9993
;015201 - FUNDACAO DE APOIO A PESQUISA DO DF                ;="150201";150201 - FUNDAÇÃO DE APOIO A PESQUISA DO DF - FAP          ;764910300 - TRANSFERÊNCIAS VOLU - ENCAMINHADO PARA DECISÃO DO ORDENADOR DE DESPESA;014617                                  ;-9999,99
;015201 - FUNDACAO DE APOIO A PESQUISA DO DF                ;="150201";150201 - FUNDAÇÃO DE APOIO A PESQUISA DO DF - FAP          ;764910300 - TRANSFERÊNCIAS VOLU - ENCAMINHADO PARA DECISÃO DO ORDENADOR DE DESPESA;014619                                  ;-3000
;015201 - FUNDACAO DE APOIO A PESQUISA DO DF                ;="150201";150201 - FUNDAÇÃO DE APOIO A PESQUISA DO DF - FAP          ;764910300 - TRANSFERÊNCIAS VOLU - ENCAMINHADO PARA DECISÃO DO ORDENADOR DE DESPESA;014620                                  ;-8578,97
;015201 - FUNDACAO DE APOIO A PESQUISA DO DF                ;="150201";150201 - FUNDAÇÃO DE APOIO A PESQUISA DO DF - FAP          ;764910300 - TRANSFERÊNCIAS VOLU - ENCAMINHADO PARA DECISÃO DO ORDENADOR DE DESPESA;014623                                  ;-2750
;015201 - FUNDACAO DE APOIO A PESQUISA DO DF                ;="150201";150201 - FUNDAÇÃO DE APOIO A PESQUISA DO DF - FAP          ;764910300 - TRANSFERÊNCIAS VOLU - ENCAMINHADO PARA DECISÃO DO ORDENADOR DE DESPESA;014624                                  ;-8705
;015201 - FUNDACAO DE APOIO A PESQUISA DO DF                ;="150201";150201 - FUNDAÇÃO DE APOIO A PESQUISA DO DF - FAP          ;764910300 - TRANSFERÊNCIAS VOLU - ENCAMINHADO PARA DECISÃO DO ORDENADOR DE DESPESA;014627                                  ;-9990
;015201 - FUNDACAO DE APOIO A PESQUISA DO DF                ;="150201";150201 - FUNDAÇÃO DE APOIO A PESQUISA DO DF - FAP          ;764910300 - TRANSFERÊNCIAS VOLU - ENCAMINHADO PARA DECISÃO DO ORDENADOR DE DESPESA;014629                                  ;-8314,4
;015201 - FUNDACAO DE APOIO A PESQUISA DO DF                ;="150201";150201 - FUNDAÇÃO DE APOIO A PESQUISA DO DF - FAP          ;764910300 - TRANSFERÊNCIAS VOLU - ENCAMINHADO PARA DECISÃO DO ORDENADOR DE DESPESA;014632                                  ;-10000
;015201 - FUNDACAO DE APOIO A PESQUISA DO DF                ;="150201";150201 - FUNDAÇÃO DE APOIO A PESQUISA DO DF - FAP          ;764910300 - TRANSFERÊNCIAS VOLU - ENCAMINHADO PARA DECISÃO DO ORDENADOR DE DESPESA;014633                                  ;-10000
;015201 - FUNDACAO DE APOIO A PESQUISA DO DF                ;="150201";150201 - FUNDAÇÃO DE APOIO A PESQUISA DO DF - FAP          ;764910300 - TRANSFERÊNCIAS VOLU - ENCAMINHADO PARA DECISÃO DO ORDENADOR DE DESPESA;014635                                  ;-10000
;015201 - FUNDACAO DE APOIO A PESQUISA DO DF                ;="150201";150201 - FUNDAÇÃO DE APOIO A PESQUISA DO DF - FAP          ;764910300 - TRANSFERÊNCIAS VOLU - ENCAMINHADO PARA DECISÃO DO ORDENADOR DE DESPESA;014636                                  ;-9177
;015201 - FUNDACAO DE APOIO A PESQUISA DO DF                ;="150201";150201 - FUNDAÇÃO DE APOIO A PESQUISA DO DF - FAP          ;764910300 - TRANSFERÊNCIAS VOLU - ENCAMINHADO PARA DECISÃO DO ORDENADOR DE DESPESA;014637                                  ;-3000
;015201 - FUNDACAO DE APOIO A PESQUISA DO DF                ;="150201";150201 - FUNDAÇÃO DE APOIO A PESQUISA DO DF - FAP          ;764910300 - TRANSFERÊNCIAS VOLU - ENCAMINHADO PARA DECISÃO DO ORDENADOR DE DESPESA;014638                                  ;-10000
;015201 - FUNDACAO DE APOIO A PESQUISA DO DF                ;="150201";150201 - FUNDAÇÃO DE APOIO A PESQUISA DO DF - FAP          ;764910300 - TRANSFERÊNCIAS VOLU - ENCAMINHADO PARA DECISÃO DO ORDENADOR DE DESPESA;014639                                  ;-9845,12
;015201 - FUNDACAO DE APOIO A PESQUISA DO DF                ;="150201";150201 - FUNDAÇÃO DE APOIO A PESQUISA DO DF - FAP          ;764910300 - TRANSFERÊNCIAS VOLU - ENCAMINHADO PARA DECISÃO DO ORDENADOR DE DESPESA;014640                                  ;-10000
;015201 - FUNDACAO DE APOIO A PESQUISA DO DF                ;="150201";150201 - FUNDAÇÃO DE APOIO A PESQUISA DO DF - FAP          ;764910300 - TRANSFERÊNCIAS VOLU - ENCAMINHADO PARA DECISÃO DO ORDENADOR DE DESPESA;014641                                  ;-10000
;015201 - FUNDACAO DE APOIO A PESQUISA DO DF                ;="150201";150201 - FUNDAÇÃO DE APOIO A PESQUISA DO DF - FAP          ;764910300 - TRANSFERÊNCIAS VOLU - ENCAMINHADO PARA DECISÃO DO ORDENADOR DE DESPESA;014642                                  ;-9995,32
;015201 - FUNDACAO DE APOIO A PESQUISA DO DF                ;="150201";150201 - FUNDAÇÃO DE APOIO A PESQUISA DO DF - FAP          ;764910300 - TRANSFERÊNCIAS VOLU - ENCAMINHADO PARA DECISÃO DO ORDENADOR DE DESPESA;014643                                  ;-10000
;015201 - FUNDACAO DE APOIO A PESQUISA DO DF                ;="150201";150201 - FUNDAÇÃO DE APOIO A PESQUISA DO DF - FAP          ;764910300 - TRANSFERÊNCIAS VOLU - ENCAMINHADO PARA DECISÃO DO ORDENADOR DE DESPESA;014644                                  ;-10000
;015201 - FUNDACAO DE APOIO A PESQUISA DO DF                ;="150201";150201 - FUNDAÇÃO DE APOIO A PESQUISA DO DF - FAP          ;764910300 - TRANSFERÊNCIAS VOLU - ENCAMINHADO PARA DECISÃO DO ORDENADOR DE DESPESA;014645                                  ;-39116,21
;015201 - FUNDACAO DE APOIO A PESQUISA DO DF                ;="150201";150201 - FUNDAÇÃO DE APOIO A PESQUISA DO DF - FAP          ;764910300 - TRANSFERÊNCIAS VOLU - ENCAMINHADO PARA DECISÃO DO ORDENADOR DE DESPESA;014653                                  ;-9512,9
;015201 - FUNDACAO DE APOIO A PESQUISA DO DF                ;="150201";150201 - FUNDAÇÃO DE APOIO A PESQUISA DO DF - FAP          ;764910300 - TRANSFERÊNCIAS VOLU - ENCAMINHADO PARA DECISÃO DO ORDENADOR DE DESPESA;014655                                  ;-9996,5
;015201 - FUNDACAO DE APOIO A PESQUISA DO DF                ;="150201";150201 - FUNDAÇÃO DE APOIO A PESQUISA DO DF - FAP          ;764910300 - TRANSFERÊNCIAS VOLU - ENCAMINHADO PARA DECISÃO DO ORDENADOR DE DESPESA;014661                                  ;-9990
;015201 - FUNDACAO DE APOIO A PESQUISA DO DF                ;="150201";150201 - FUNDAÇÃO DE APOIO A PESQUISA DO DF - FAP          ;764910300 - TRANSFERÊNCIAS VOLU - ENCAMINHADO PARA DECISÃO DO ORDENADOR DE DESPESA;014662                                  ;-7628,6
;015201 - FUNDACAO DE APOIO A PESQUISA DO DF                ;="150201";150201 - FUNDAÇÃO DE APOIO A PESQUISA DO DF - FAP          ;764910300 - TRANSFERÊNCIAS VOLU - ENCAMINHADO PARA DECISÃO DO ORDENADOR DE DESPESA;014663                                  ;-10000
;015201 - FUNDACAO DE APOIO A PESQUISA DO DF                ;="150201";150201 - FUNDAÇÃO DE APOIO A PESQUISA DO DF - FAP          ;764910300 - TRANSFERÊNCIAS VOLU - ENCAMINHADO PARA DECISÃO DO ORDENADOR DE DESPESA;014744                                  ;-10000
;015201 - FUNDACAO DE APOIO A PESQUISA DO DF                ;="150201";150201 - FUNDAÇÃO DE APOIO A PESQUISA DO DF - FAP          ;764910300 - TRANSFERÊNCIAS VOLU - ENCAMINHADO PARA DECISÃO DO ORDENADOR DE DESPESA;014789                                  ;-10000
;015201 - FUNDACAO DE APOIO A PESQUISA DO DF                ;="150201";150201 - FUNDAÇÃO DE APOIO A PESQUISA DO DF - FAP          ;764910300 - TRANSFERÊNCIAS VOLU - ENCAMINHADO PARA DECISÃO DO ORDENADOR DE DESPESA;014791                                  ;-5046,8
;015201 - FUNDACAO DE APOIO A PESQUISA DO DF                ;="150201";150201 - FUNDAÇÃO DE APOIO A PESQUISA DO DF - FAP          ;764910300 - TRANSFERÊNCIAS VOLU - ENCAMINHADO PARA DECISÃO DO ORDENADOR DE DESPESA;014793                                  ;-7897
;015201 - FUNDACAO DE APOIO A PESQUISA DO DF                ;="150201";150201 - FUNDAÇÃO DE APOIO A PESQUISA DO DF - FAP          ;764910300 - TRANSFERÊNCIAS VOLU - ENCAMINHADO PARA DECISÃO DO ORDENADOR DE DESPESA;014794                                  ;-5002,4
;015201 - FUNDACAO DE APOIO A PESQUISA DO DF                ;="150201";150201 - FUNDAÇÃO DE APOIO A PESQUISA DO DF - FAP          ;764910300 - TRANSFERÊNCIAS VOLU - ENCAMINHADO PARA DECISÃO DO ORDENADOR DE DESPESA;014795                                  ;-10000
;015201 - FUNDACAO DE APOIO A PESQUISA DO DF                ;="150201";150201 - FUNDAÇÃO DE APOIO A PESQUISA DO DF - FAP          ;764910300 - TRANSFERÊNCIAS VOLU - ENCAMINHADO PARA DECISÃO DO ORDENADOR DE DESPESA;014796                                  ;-10000
;015201 - FUNDACAO DE APOIO A PESQUISA DO DF                ;="150201";150201 - FUNDAÇÃO DE APOIO A PESQUISA DO DF - FAP          ;764910300 - TRANSFERÊNCIAS VOLU - ENCAMINHADO PARA DECISÃO DO ORDENADOR DE DESPESA;014810                                  ;-10000
;015201 - FUNDACAO DE APOIO A PESQUISA DO DF                ;="150201";150201 - FUNDAÇÃO DE APOIO A PESQUISA DO DF - FAP          ;764910300 - TRANSFERÊNCIAS VOLU - ENCAMINHADO PARA DECISÃO DO ORDENADOR DE DESPESA;014811                                  ;-10000
;015201 - FUNDACAO DE APOIO A PESQUISA DO DF                ;="150201";150201 - FUNDAÇÃO DE APOIO A PESQUISA DO DF - FAP          ;764910300 - TRANSFERÊNCIAS VOLU - ENCAMINHADO PARA DECISÃO DO ORDENADOR DE DESPESA;014812                                  ;-10000
;015201 - FUNDACAO DE APOIO A PESQUISA DO DF                ;="150201";150201 - FUNDAÇÃO DE APOIO A PESQUISA DO DF - FAP          ;764910300 - TRANSFERÊNCIAS VOLU - ENCAMINHADO PARA DECISÃO DO ORDENADOR DE DESPESA;014813                                  ;-10000
;015201 - FUNDACAO DE APOIO A PESQUISA DO DF                ;="150201";150201 - FUNDAÇÃO DE APOIO A PESQUISA DO DF - FAP          ;764910300 - TRANSFERÊNCIAS VOLU - ENCAMINHADO PARA DECISÃO DO ORDENADOR DE DESPESA;014814                                  ;-8730
;015201 - FUNDACAO DE APOIO A PESQUISA DO DF                ;="150201";150201 - FUNDAÇÃO DE APOIO A PESQUISA DO DF - FAP          ;764910300 - TRANSFERÊNCIAS VOLU - ENCAMINHADO PARA DECISÃO DO ORDENADOR DE DESPESA;014815                                  ;-7057,16
;015201 - FUNDACAO DE APOIO A PESQUISA DO DF                ;="150201";150201 - FUNDAÇÃO DE APOIO A PESQUISA DO DF - FAP          ;764910300 - TRANSFERÊNCIAS VOLU - ENCAMINHADO PARA DECISÃO DO ORDENADOR DE DESPESA;014818                                  ;-9952,15
;015201 - FUNDACAO DE APOIO A PESQUISA DO DF                ;="150201";150201 - FUNDAÇÃO DE APOIO A PESQUISA DO DF - FAP          ;764910300 - TRANSFERÊNCIAS VOLU - ENCAMINHADO PARA DECISÃO DO ORDENADOR DE DESPESA;014819                                  ;-9625
;015201 - FUNDACAO DE APOIO A PESQUISA DO DF                ;="150201";150201 - FUNDAÇÃO DE APOIO A PESQUISA DO DF - FAP          ;764910300 - TRANSFERÊNCIAS VOLU - ENCAMINHADO PARA DECISÃO DO ORDENADOR DE DESPESA;014820                                  ;-10000
;015201 - FUNDACAO DE APOIO A PESQUISA DO DF                ;="150201";150201 - FUNDAÇÃO DE APOIO A PESQUISA DO DF - FAP          ;764910300 - TRANSFERÊNCIAS VOLU - ENCAMINHADO PARA DECISÃO DO ORDENADOR DE DESPESA;014821                                  ;-10000
;015201 - FUNDACAO DE APOIO A PESQUISA DO DF                ;="150201";150201 - FUNDAÇÃO DE APOIO A PESQUISA DO DF - FAP          ;764910300 - TRANSFERÊNCIAS VOLU - ENCAMINHADO PARA DECISÃO DO ORDENADOR DE DESPESA;014823                                  ;-4825,56
;015201 - FUNDACAO DE APOIO A PESQUISA DO DF                ;="150201";150201 - FUNDAÇÃO DE APOIO A PESQUISA DO DF - FAP          ;764910300 - TRANSFERÊNCIAS VOLU - ENCAMINHADO PARA DECISÃO DO ORDENADOR DE DESPESA;014824                                  ;-5032
;015201 - FUNDACAO DE APOIO A PESQUISA DO DF                ;="150201";150201 - FUNDAÇÃO DE APOIO A PESQUISA DO DF - FAP          ;764910300 - TRANSFERÊNCIAS VOLU - ENCAMINHADO PARA DECISÃO DO ORDENADOR DE DESPESA;014825                                  ;-9988
;015201 - FUNDACAO DE APOIO A PESQUISA DO DF                ;="150201";150201 - FUNDAÇÃO DE APOIO A PESQUISA DO DF - FAP          ;764910300 - TRANSFERÊNCIAS VOLU - ENCAMINHADO PARA DECISÃO DO ORDENADOR DE DESPESA;014828                                  ;-10000
;015201 - FUNDACAO DE APOIO A PESQUISA DO DF                ;="150201";150201 - FUNDAÇÃO DE APOIO A PESQUISA DO DF - FAP          ;764910300 - TRANSFERÊNCIAS VOLU - ENCAMINHADO PARA DECISÃO DO ORDENADOR DE DESPESA;014829                                  ;-7008,8
;015201 - FUNDACAO DE APOIO A PESQUISA DO DF                ;="150201";150201 - FUNDAÇÃO DE APOIO A PESQUISA DO DF - FAP          ;764910300 - TRANSFERÊNCIAS VOLU - ENCAMINHADO PARA DECISÃO DO ORDENADOR DE DESPESA;014843                                  ;-9472,8
;015201 - FUNDACAO DE APOIO A PESQUISA DO DF                ;="150201";150201 - FUNDAÇÃO DE APOIO A PESQUISA DO DF - FAP          ;764910300 - TRANSFERÊNCIAS VOLU - ENCAMINHADO PARA DECISÃO DO ORDENADOR DE DESPESA;014845                                  ;-8760
;015201 - FUNDACAO DE APOIO A PESQUISA DO DF                ;="150201";150201 - FUNDAÇÃO DE APOIO A PESQUISA DO DF - FAP          ;764910300 - TRANSFERÊNCIAS VOLU - ENCAMINHADO PARA DECISÃO DO ORDENADOR DE DESPESA;014846                                  ;-10000
;015201 - FUNDACAO DE APOIO A PESQUISA DO DF                ;="150201";150201 - FUNDAÇÃO DE APOIO A PESQUISA DO DF - FAP          ;764910300 - TRANSFERÊNCIAS VOLU - ENCAMINHADO PARA DECISÃO DO ORDENADOR DE DESPESA;014847                                  ;-9900
;015201 - FUNDACAO DE APOIO A PESQUISA DO DF                ;="150201";150201 - FUNDAÇÃO DE APOIO A PESQUISA DO DF - FAP          ;764910300 - TRANSFERÊNCIAS VOLU - ENCAMINHADO PARA DECISÃO DO ORDENADOR DE DESPESA;014852                                  ;-10000
;015201 - FUNDACAO DE APOIO A PESQUISA DO DF                ;="150201";150201 - FUNDAÇÃO DE APOIO A PESQUISA DO DF - FAP          ;764910300 - TRANSFERÊNCIAS VOLU - ENCAMINHADO PARA DECISÃO DO ORDENADOR DE DESPESA;014854                                  ;-10000
;015201 - FUNDACAO DE APOIO A PESQUISA DO DF                ;="150201";150201 - FUNDAÇÃO DE APOIO A PESQUISA DO DF - FAP          ;764910300 - TRANSFERÊNCIAS VOLU - ENCAMINHADO PARA DECISÃO DO ORDENADOR DE DESPESA;014855                                  ;-9971,59
;015201 - FUNDACAO DE APOIO A PESQUISA DO DF                ;="150201";150201 - FUNDAÇÃO DE APOIO A PESQUISA DO DF - FAP          ;764910300 - TRANSFERÊNCIAS VOLU - ENCAMINHADO PARA DECISÃO DO ORDENADOR DE DESPESA;014857                                  ;-2300
;015201 - FUNDACAO DE APOIO A PESQUISA DO DF                ;="150201";150201 - FUNDAÇÃO DE APOIO A PESQUISA DO DF - FAP          ;764910300 - TRANSFERÊNCIAS VOLU - ENCAMINHADO PARA DECISÃO DO ORDENADOR DE DESPESA;014859                                  ;-9996,1
;015201 - FUNDACAO DE APOIO A PESQUISA DO DF                ;="150201";150201 - FUNDAÇÃO DE APOIO A PESQUISA DO DF - FAP          ;764910300 - TRANSFERÊNCIAS VOLU - ENCAMINHADO PARA DECISÃO DO ORDENADOR DE DESPESA;014860                                  ;-9999,78
;015201 - FUNDACAO DE APOIO A PESQUISA DO DF                ;="150201";150201 - FUNDAÇÃO DE APOIO A PESQUISA DO DF - FAP          ;764910300 - TRANSFERÊNCIAS VOLU - ENCAMINHADO PARA DECISÃO DO ORDENADOR DE DESPESA;014862                                  ;-9996,1
;015201 - FUNDACAO DE APOIO A PESQUISA DO DF                ;="150201";150201 - FUNDAÇÃO DE APOIO A PESQUISA DO DF - FAP          ;764910300 - TRANSFERÊNCIAS VOLU - ENCAMINHADO PARA DECISÃO DO ORDENADOR DE DESPESA;014868                                  ;-7320
;015201 - FUNDACAO DE APOIO A PESQUISA DO DF                ;="150201";150201 - FUNDAÇÃO DE APOIO A PESQUISA DO DF - FAP          ;764910300 - TRANSFERÊNCIAS VOLU - ENCAMINHADO PARA DECISÃO DO ORDENADOR DE DESPESA;014869                                  ;-9367
;015201 - FUNDACAO DE APOIO A PESQUISA DO DF                ;="150201";150201 - FUNDAÇÃO DE APOIO A PESQUISA DO DF - FAP          ;764910300 - TRANSFERÊNCIAS VOLU - ENCAMINHADO PARA DECISÃO DO ORDENADOR DE DESPESA;014871                                  ;-8515,01
;015201 - FUNDACAO DE APOIO A PESQUISA DO DF                ;="150201";150201 - FUNDAÇÃO DE APOIO A PESQUISA DO DF - FAP          ;764910300 - TRANSFERÊNCIAS VOLU - ENCAMINHADO PARA DECISÃO DO ORDENADOR DE DESPESA;014872                                  ;-1576
;015201 - FUNDACAO DE APOIO A PESQUISA DO DF                ;="150201";150201 - FUNDAÇÃO DE APOIO A PESQUISA DO DF - FAP          ;764910300 - TRANSFERÊNCIAS VOLU - ENCAMINHADO PARA DECISÃO DO ORDENADOR DE DESPESA;014874                                  ;-9958
;015201 - FUNDACAO DE APOIO A PESQUISA DO DF                ;="150201";150201 - FUNDAÇÃO DE APOIO A PESQUISA DO DF - FAP          ;764910300 - TRANSFERÊNCIAS VOLU - ENCAMINHADO PARA DECISÃO DO ORDENADOR DE DESPESA;014876                                  ;-10000
;015201 - FUNDACAO DE APOIO A PESQUISA DO DF                ;="150201";150201 - FUNDAÇÃO DE APOIO A PESQUISA DO DF - FAP          ;764910300 - TRANSFERÊNCIAS VOLU - ENCAMINHADO PARA DECISÃO DO ORDENADOR DE DESPESA;014877                                  ;-10000
;015201 - FUNDACAO DE APOIO A PESQUISA DO DF                ;="150201";150201 - FUNDAÇÃO DE APOIO A PESQUISA DO DF - FAP          ;764910300 - TRANSFERÊNCIAS VOLU - ENCAMINHADO PARA DECISÃO DO ORDENADOR DE DESPESA;014878                                  ;-10000
;015201 - FUNDACAO DE APOIO A PESQUISA DO DF                ;="150201";150201 - FUNDAÇÃO DE APOIO A PESQUISA DO DF - FAP          ;764910300 - TRANSFERÊNCIAS VOLU - ENCAMINHADO PARA DECISÃO DO ORDENADOR DE DESPESA;014881                                  ;-9900
;015201 - FUNDACAO DE APOIO A PESQUISA DO DF                ;="150201";150201 - FUNDAÇÃO DE APOIO A PESQUISA DO DF - FAP          ;764910300 - TRANSFERÊNCIAS VOLU - ENCAMINHADO PARA DECISÃO DO ORDENADOR DE DESPESA;014883                                  ;-10000
;015201 - FUNDACAO DE APOIO A PESQUISA DO DF                ;="150201";150201 - FUNDAÇÃO DE APOIO A PESQUISA DO DF - FAP          ;764910300 - TRANSFERÊNCIAS VOLU - ENCAMINHADO PARA DECISÃO DO ORDENADOR DE DESPESA;014885                                  ;-8709,09
;015201 - FUNDACAO DE APOIO A PESQUISA DO DF                ;="150201";150201 - FUNDAÇÃO DE APOIO A PESQUISA DO DF - FAP          ;764910300 - TRANSFERÊNCIAS VOLU - ENCAMINHADO PARA DECISÃO DO ORDENADOR DE DESPESA;014886                                  ;-9711,72
;015201 - FUNDACAO DE APOIO A PESQUISA DO DF                ;="150201";150201 - FUNDAÇÃO DE APOIO A PESQUISA DO DF - FAP          ;764910300 - TRANSFERÊNCIAS VOLU - ENCAMINHADO PARA DECISÃO DO ORDENADOR DE DESPESA;014889                                  ;-7820
;015201 - FUNDACAO DE APOIO A PESQUISA DO DF                ;="150201";150201 - FUNDAÇÃO DE APOIO A PESQUISA DO DF - FAP          ;764910300 - TRANSFERÊNCIAS VOLU - ENCAMINHADO PARA DECISÃO DO ORDENADOR DE DESPESA;014891                                  ;-7838,7
;015201 - FUNDACAO DE APOIO A PESQUISA DO DF                ;="150201";150201 - FUNDAÇÃO DE APOIO A PESQUISA DO DF - FAP          ;764910300 - TRANSFERÊNCIAS VOLU - ENCAMINHADO PARA DECISÃO DO ORDENADOR DE DESPESA;014894                                  ;-7800
;015201 - FUNDACAO DE APOIO A PESQUISA DO DF                ;="150201";150201 - FUNDAÇÃO DE APOIO A PESQUISA DO DF - FAP          ;764910300 - TRANSFERÊNCIAS VOLU - ENCAMINHADO PARA DECISÃO DO ORDENADOR DE DESPESA;014895                                  ;-9250
;015201 - FUNDACAO DE APOIO A PESQUISA DO DF                ;="150201";150201 - FUNDAÇÃO DE APOIO A PESQUISA DO DF - FAP          ;764910300 - TRANSFERÊNCIAS VOLU - ENCAMINHADO PARA DECISÃO DO ORDENADOR DE DESPESA;014896                                  ;-6290
;015201 - FUNDACAO DE APOIO A PESQUISA DO DF                ;="150201";150201 - FUNDAÇÃO DE APOIO A PESQUISA DO DF - FAP          ;764910300 - TRANSFERÊNCIAS VOLU - ENCAMINHADO PARA DECISÃO DO ORDENADOR DE DESPESA;014898                                  ;-10000
;015201 - FUNDACAO DE APOIO A PESQUISA DO DF                ;="150201";150201 - FUNDAÇÃO DE APOIO A PESQUISA DO DF - FAP          ;764910300 - TRANSFERÊNCIAS VOLU - ENCAMINHADO PARA DECISÃO DO ORDENADOR DE DESPESA;014900                                  ;-5750
;015201 - FUNDACAO DE APOIO A PESQUISA DO DF                ;="150201";150201 - FUNDAÇÃO DE APOIO A PESQUISA DO DF - FAP          ;764910300 - TRANSFERÊNCIAS VOLU - ENCAMINHADO PARA DECISÃO DO ORDENADOR DE DESPESA;014901                                  ;-2716,02
;015201 - FUNDACAO DE APOIO A PESQUISA DO DF                ;="150201";150201 - FUNDAÇÃO DE APOIO A PESQUISA DO DF - FAP          ;764910300 - TRANSFERÊNCIAS VOLU - ENCAMINHADO PARA DECISÃO DO ORDENADOR DE DESPESA;014902                                  ;-2900
;015201 - FUNDACAO DE APOIO A PESQUISA DO DF                ;="150201";150201 - FUNDAÇÃO DE APOIO A PESQUISA DO DF - FAP          ;764910300 - TRANSFERÊNCIAS VOLU - ENCAMINHADO PARA DECISÃO DO ORDENADOR DE DESPESA;014911                                  ;-10000
;015201 - FUNDACAO DE APOIO A PESQUISA DO DF                ;="150201";150201 - FUNDAÇÃO DE APOIO A PESQUISA DO DF - FAP          ;764910300 - TRANSFERÊNCIAS VOLU - ENCAMINHADO PARA DECISÃO DO ORDENADOR DE DESPESA;014918                                  ;-10000
;015201 - FUNDACAO DE APOIO A PESQUISA DO DF                ;="150201";150201 - FUNDAÇÃO DE APOIO A PESQUISA DO DF - FAP          ;764910300 - TRANSFERÊNCIAS VOLU - ENCAMINHADO PARA DECISÃO DO ORDENADOR DE DESPESA;014920                                  ;-7512,92
;015201 - FUNDACAO DE APOIO A PESQUISA DO DF                ;="150201";150201 - FUNDAÇÃO DE APOIO A PESQUISA DO DF - FAP          ;764910300 - TRANSFERÊNCIAS VOLU - ENCAMINHADO PARA DECISÃO DO ORDENADOR DE DESPESA;014923                                  ;-9515,82
;015201 - FUNDACAO DE APOIO A PESQUISA DO DF                ;="150201";150201 - FUNDAÇÃO DE APOIO A PESQUISA DO DF - FAP          ;764910300 - TRANSFERÊNCIAS VOLU - ENCAMINHADO PARA DECISÃO DO ORDENADOR DE DESPESA;014928                                  ;-9935
;015201 - FUNDACAO DE APOIO A PESQUISA DO DF                ;="150201";150201 - FUNDAÇÃO DE APOIO A PESQUISA DO DF - FAP          ;764910300 - TRANSFERÊNCIAS VOLU - ENCAMINHADO PARA DECISÃO DO ORDENADOR DE DESPESA;014938                                  ;-10000
;015201 - FUNDACAO DE APOIO A PESQUISA DO DF                ;="150201";150201 - FUNDAÇÃO DE APOIO A PESQUISA DO DF - FAP          ;764910300 - TRANSFERÊNCIAS VOLU - ENCAMINHADO PARA DECISÃO DO ORDENADOR DE DESPESA;014940                                  ;-10000
;015201 - FUNDACAO DE APOIO A PESQUISA DO DF                ;="150201";150201 - FUNDAÇÃO DE APOIO A PESQUISA DO DF - FAP          ;764910300 - TRANSFERÊNCIAS VOLU - ENCAMINHADO PARA DECISÃO DO ORDENADOR DE DESPESA;014941                                  ;-9968,5
;015201 - FUNDACAO DE APOIO A PESQUISA DO DF                ;="150201";150201 - FUNDAÇÃO DE APOIO A PESQUISA DO DF - FAP          ;764910300 - TRANSFERÊNCIAS VOLU - ENCAMINHADO PARA DECISÃO DO ORDENADOR DE DESPESA;014942                                  ;-9980,6
;015201 - FUNDACAO DE APOIO A PESQUISA DO DF                ;="150201";150201 - FUNDAÇÃO DE APOIO A PESQUISA DO DF - FAP          ;764910300 - TRANSFERÊNCIAS VOLU - ENCAMINHADO PARA DECISÃO DO ORDENADOR DE DESPESA;014949                                  ;-9923,52
;015201 - FUNDACAO DE APOIO A PESQUISA DO DF                ;="150201";150201 - FUNDAÇÃO DE APOIO A PESQUISA DO DF - FAP          ;764910300 - TRANSFERÊNCIAS VOLU - ENCAMINHADO PARA DECISÃO DO ORDENADOR DE DESPESA;014959                                  ;-9278
;015201 - FUNDACAO DE APOIO A PESQUISA DO DF                ;="150201";150201 - FUNDAÇÃO DE APOIO A PESQUISA DO DF - FAP          ;764910300 - TRANSFERÊNCIAS VOLU - ENCAMINHADO PARA DECISÃO DO ORDENADOR DE DESPESA;014960                                  ;-10000
;015201 - FUNDACAO DE APOIO A PESQUISA DO DF                ;="150201";150201 - FUNDAÇÃO DE APOIO A PESQUISA DO DF - FAP          ;764910300 - TRANSFERÊNCIAS VOLU - ENCAMINHADO PARA DECISÃO DO ORDENADOR DE DESPESA;014961                                  ;-10000
;015201 - FUNDACAO DE APOIO A PESQUISA DO DF                ;="150201";150201 - FUNDAÇÃO DE APOIO A PESQUISA DO DF - FAP          ;764910300 - TRANSFERÊNCIAS VOLU - ENCAMINHADO PARA DECISÃO DO ORDENADOR DE DESPESA;014962                                  ;-9542,76
;015201 - FUNDACAO DE APOIO A PESQUISA DO DF                ;="150201";150201 - FUNDAÇÃO DE APOIO A PESQUISA DO DF - FAP          ;764910300 - TRANSFERÊNCIAS VOLU - ENCAMINHADO PARA DECISÃO DO ORDENADOR DE DESPESA;014963                                  ;-10000
;015201 - FUNDACAO DE APOIO A PESQUISA DO DF                ;="150201";150201 - FUNDAÇÃO DE APOIO A PESQUISA DO DF - FAP          ;764910300 - TRANSFERÊNCIAS VOLU - ENCAMINHADO PARA DECISÃO DO ORDENADOR DE DESPESA;014970                                  ;-10000
;015201 - FUNDACAO DE APOIO A PESQUISA DO DF                ;="150201";150201 - FUNDAÇÃO DE APOIO A PESQUISA DO DF - FAP          ;764910300 - TRANSFERÊNCIAS VOLU - ENCAMINHADO PARA DECISÃO DO ORDENADOR DE DESPESA;014972                                  ;-109500
;015201 - FUNDACAO DE APOIO A PESQUISA DO DF                ;="150201";150201 - FUNDAÇÃO DE APOIO A PESQUISA DO DF - FAP          ;764910300 - TRANSFERÊNCIAS VOLU - ENCAMINHADO PARA DECISÃO DO ORDENADOR DE DESPESA;014974                                  ;-10000
;015201 - FUNDACAO DE APOIO A PESQUISA DO DF                ;="150201";150201 - FUNDAÇÃO DE APOIO A PESQUISA DO DF - FAP          ;764910300 - TRANSFERÊNCIAS VOLU - ENCAMINHADO PARA DECISÃO DO ORDENADOR DE DESPESA;014975                                  ;-7800
;015201 - FUNDACAO DE APOIO A PESQUISA DO DF                ;="150201";150201 - FUNDAÇÃO DE APOIO A PESQUISA DO DF - FAP          ;764910300 - TRANSFERÊNCIAS VOLU - ENCAMINHADO PARA DECISÃO DO ORDENADOR DE DESPESA;014976                                  ;-10000
;015201 - FUNDACAO DE APOIO A PESQUISA DO DF                ;="150201";150201 - FUNDAÇÃO DE APOIO A PESQUISA DO DF - FAP          ;764910300 - TRANSFERÊNCIAS VOLU - ENCAMINHADO PARA DECISÃO DO ORDENADOR DE DESPESA;014977                                  ;-10000
;015201 - FUNDACAO DE APOIO A PESQUISA DO DF                ;="150201";150201 - FUNDAÇÃO DE APOIO A PESQUISA DO DF - FAP          ;764910300 - TRANSFERÊNCIAS VOLU - ENCAMINHADO PARA DECISÃO DO ORDENADOR DE DESPESA;014979                                  ;-10000
;015201 - FUNDACAO DE APOIO A PESQUISA DO DF                ;="150201";150201 - FUNDAÇÃO DE APOIO A PESQUISA DO DF - FAP          ;764910300 - TRANSFERÊNCIAS VOLU - ENCAMINHADO PARA DECISÃO DO ORDENADOR DE DESPESA;014980                                  ;-10000
;015201 - FUNDACAO DE APOIO A PESQUISA DO DF                ;="150201";150201 - FUNDAÇÃO DE APOIO A PESQUISA DO DF - FAP          ;764910300 - TRANSFERÊNCIAS VOLU - ENCAMINHADO PARA DECISÃO DO ORDENADOR DE DESPESA;014981                                  ;-9953
;015201 - FUNDACAO DE APOIO A PESQUISA DO DF                ;="150201";150201 - FUNDAÇÃO DE APOIO A PESQUISA DO DF - FAP          ;764910300 - TRANSFERÊNCIAS VOLU - ENCAMINHADO PARA DECISÃO DO ORDENADOR DE DESPESA;014982                                  ;-8742
;015201 - FUNDACAO DE APOIO A PESQUISA DO DF                ;="150201";150201 - FUNDAÇÃO DE APOIO A PESQUISA DO DF - FAP          ;764910300 - TRANSFERÊNCIAS VOLU - ENCAMINHADO PARA DECISÃO DO ORDENADOR DE DESPESA;014984                                  ;-5164,52
;015201 - FUNDACAO DE APOIO A PESQUISA DO DF                ;="150201";150201 - FUNDAÇÃO DE APOIO A PESQUISA DO DF - FAP          ;764910300 - TRANSFERÊNCIAS VOLU - ENCAMINHADO PARA DECISÃO DO ORDENADOR DE DESPESA;014986                                  ;-10000
;015201 - FUNDACAO DE APOIO A PESQUISA DO DF                ;="150201";150201 - FUNDAÇÃO DE APOIO A PESQUISA DO DF - FAP          ;764910300 - TRANSFERÊNCIAS VOLU - ENCAMINHADO PARA DECISÃO DO ORDENADOR DE DESPESA;014987                                  ;-9472
;015201 - FUNDACAO DE APOIO A PESQUISA DO DF                ;="150201";150201 - FUNDAÇÃO DE APOIO A PESQUISA DO DF - FAP          ;764910300 - TRANSFERÊNCIAS VOLU - ENCAMINHADO PARA DECISÃO DO ORDENADOR DE DESPESA;014988                                  ;-10000
;015201 - FUNDACAO DE APOIO A PESQUISA DO DF                ;="150201";150201 - FUNDAÇÃO DE APOIO A PESQUISA DO DF - FAP          ;764910300 - TRANSFERÊNCIAS VOLU - ENCAMINHADO PARA DECISÃO DO ORDENADOR DE DESPESA;014989                                  ;-10000
;015201 - FUNDACAO DE APOIO A PESQUISA DO DF                ;="150201";150201 - FUNDAÇÃO DE APOIO A PESQUISA DO DF - FAP          ;764910300 - TRANSFERÊNCIAS VOLU - ENCAMINHADO PARA DECISÃO DO ORDENADOR DE DESPESA;014990                                  ;-9850
;015201 - FUNDACAO DE APOIO A PESQUISA DO DF                ;="150201";150201 - FUNDAÇÃO DE APOIO A PESQUISA DO DF - FAP          ;764910300 - TRANSFERÊNCIAS VOLU - ENCAMINHADO PARA DECISÃO DO ORDENADOR DE DESPESA;014991                                  ;-10000
;015201 - FUNDACAO DE APOIO A PESQUISA DO DF                ;="150201";150201 - FUNDAÇÃO DE APOIO A PESQUISA DO DF - FAP          ;764910300 - TRANSFERÊNCIAS VOLU - ENCAMINHADO PARA DECISÃO DO ORDENADOR DE DESPESA;014992                                  ;-10000
;015201 - FUNDACAO DE APOIO A PESQUISA DO DF                ;="150201";150201 - FUNDAÇÃO DE APOIO A PESQUISA DO DF - FAP          ;764910300 - TRANSFERÊNCIAS VOLU - ENCAMINHADO PARA DECISÃO DO ORDENADOR DE DESPESA;014993                                  ;-10000
;015201 - FUNDACAO DE APOIO A PESQUISA DO DF                ;="150201";150201 - FUNDAÇÃO DE APOIO A PESQUISA DO DF - FAP          ;764910300 - TRANSFERÊNCIAS VOLU - ENCAMINHADO PARA DECISÃO DO ORDENADOR DE DESPESA;014994                                  ;-10000
;015201 - FUNDACAO DE APOIO A PESQUISA DO DF                ;="150201";150201 - FUNDAÇÃO DE APOIO A PESQUISA DO DF - FAP          ;764910300 - TRANSFERÊNCIAS VOLU - ENCAMINHADO PARA DECISÃO DO ORDENADOR DE DESPESA;014996                                  ;-9556
;015201 - FUNDACAO DE APOIO A PESQUISA DO DF                ;="150201";150201 - FUNDAÇÃO DE APOIO A PESQUISA DO DF - FAP          ;764910300 - TRANSFERÊNCIAS VOLU - ENCAMINHADO PARA DECISÃO DO ORDENADOR DE DESPESA;014997                                  ;-9856
;015201 - FUNDACAO DE APOIO A PESQUISA DO DF                ;="150201";150201 - FUNDAÇÃO DE APOIO A PESQUISA DO DF - FAP          ;764910300 - TRANSFERÊNCIAS VOLU - ENCAMINHADO PARA DECISÃO DO ORDENADOR DE DESPESA;015000                                  ;-10000
;015201 - FUNDACAO DE APOIO A PESQUISA DO DF                ;="150201";150201 - FUNDAÇÃO DE APOIO A PESQUISA DO DF - FAP          ;764910300 - TRANSFERÊNCIAS VOLU - ENCAMINHADO PARA DECISÃO DO ORDENADOR DE DESPESA;015001                                  ;-10000
;015201 - FUNDACAO DE APOIO A PESQUISA DO DF                ;="150201";150201 - FUNDAÇÃO DE APOIO A PESQUISA DO DF - FAP          ;764910300 - TRANSFERÊNCIAS VOLU - ENCAMINHADO PARA DECISÃO DO ORDENADOR DE DESPESA;015002                                  ;-10000
;015201 - FUNDACAO DE APOIO A PESQUISA DO DF                ;="150201";150201 - FUNDAÇÃO DE APOIO A PESQUISA DO DF - FAP          ;764910300 - TRANSFERÊNCIAS VOLU - ENCAMINHADO PARA DECISÃO DO ORDENADOR DE DESPESA;015005                                  ;-9750
;015201 - FUNDACAO DE APOIO A PESQUISA DO DF                ;="150201";150201 - FUNDAÇÃO DE APOIO A PESQUISA DO DF - FAP          ;764910300 - TRANSFERÊNCIAS VOLU - ENCAMINHADO PARA DECISÃO DO ORDENADOR DE DESPESA;015006                                  ;-8901,89
;015201 - FUNDACAO DE APOIO A PESQUISA DO DF                ;="150201";150201 - FUNDAÇÃO DE APOIO A PESQUISA DO DF - FAP          ;764910300 - TRANSFERÊNCIAS VOLU - ENCAMINHADO PARA DECISÃO DO ORDENADOR DE DESPESA;015009                                  ;-10000
;015201 - FUNDACAO DE APOIO A PESQUISA DO DF                ;="150201";150201 - FUNDAÇÃO DE APOIO A PESQUISA DO DF - FAP          ;764910300 - TRANSFERÊNCIAS VOLU - ENCAMINHADO PARA DECISÃO DO ORDENADOR DE DESPESA;015010                                  ;-10000
;015201 - FUNDACAO DE APOIO A PESQUISA DO DF                ;="150201";150201 - FUNDAÇÃO DE APOIO A PESQUISA DO DF - FAP          ;764910300 - TRANSFERÊNCIAS VOLU - ENCAMINHADO PARA DECISÃO DO ORDENADOR DE DESPESA;015011                                  ;-10000
;015201 - FUNDACAO DE APOIO A PESQUISA DO DF                ;="150201";150201 - FUNDAÇÃO DE APOIO A PESQUISA DO DF - FAP          ;764910300 - TRANSFERÊNCIAS VOLU - ENCAMINHADO PARA DECISÃO DO ORDENADOR DE DESPESA;015012                                  ;-9999,94
;015201 - FUNDACAO DE APOIO A PESQUISA DO DF                ;="150201";150201 - FUNDAÇÃO DE APOIO A PESQUISA DO DF - FAP          ;764910300 - TRANSFERÊNCIAS VOLU - ENCAMINHADO PARA DECISÃO DO ORDENADOR DE DESPESA;015013                                  ;-9593
;015201 - FUNDACAO DE APOIO A PESQUISA DO DF                ;="150201";150201 - FUNDAÇÃO DE APOIO A PESQUISA DO DF - FAP          ;764910300 - TRANSFERÊNCIAS VOLU - ENCAMINHADO PARA DECISÃO DO ORDENADOR DE DESPESA;015014                                  ;-9920
;015201 - FUNDACAO DE APOIO A PESQUISA DO DF                ;="150201";150201 - FUNDAÇÃO DE APOIO A PESQUISA DO DF - FAP          ;764910300 - TRANSFERÊNCIAS VOLU - ENCAMINHADO PARA DECISÃO DO ORDENADOR DE DESPESA;015015                                  ;-10000
;015201 - FUNDACAO DE APOIO A PESQUISA DO DF                ;="150201";150201 - FUNDAÇÃO DE APOIO A PESQUISA DO DF - FAP          ;764910300 - TRANSFERÊNCIAS VOLU - ENCAMINHADO PARA DECISÃO DO ORDENADOR DE DESPESA;015017                                  ;-1363,4
;015201 - FUNDACAO DE APOIO A PESQUISA DO DF                ;="150201";150201 - FUNDAÇÃO DE APOIO A PESQUISA DO DF - FAP          ;764910300 - TRANSFERÊNCIAS VOLU - ENCAMINHADO PARA DECISÃO DO ORDENADOR DE DESPESA;015018                                  ;-9900
;015201 - FUNDACAO DE APOIO A PESQUISA DO DF                ;="150201";150201 - FUNDAÇÃO DE APOIO A PESQUISA DO DF - FAP          ;764910300 - TRANSFERÊNCIAS VOLU - ENCAMINHADO PARA DECISÃO DO ORDENADOR DE DESPESA;015019                                  ;-8500
;015201 - FUNDACAO DE APOIO A PESQUISA DO DF                ;="150201";150201 - FUNDAÇÃO DE APOIO A PESQUISA DO DF - FAP          ;764910300 - TRANSFERÊNCIAS VOLU - ENCAMINHADO PARA DECISÃO DO ORDENADOR DE DESPESA;015023                                  ;-10000
;015201 - FUNDACAO DE APOIO A PESQUISA DO DF                ;="150201";150201 - FUNDAÇÃO DE APOIO A PESQUISA DO DF - FAP          ;764910300 - TRANSFERÊNCIAS VOLU - ENCAMINHADO PARA DECISÃO DO ORDENADOR DE DESPESA;015024                                  ;-9024,68
;015201 - FUNDACAO DE APOIO A PESQUISA DO DF                ;="150201";150201 - FUNDAÇÃO DE APOIO A PESQUISA DO DF - FAP          ;764910300 - TRANSFERÊNCIAS VOLU - ENCAMINHADO PARA DECISÃO DO ORDENADOR DE DESPESA;015025                                  ;-2650
;015201 - FUNDACAO DE APOIO A PESQUISA DO DF                ;="150201";150201 - FUNDAÇÃO DE APOIO A PESQUISA DO DF - FAP          ;764910300 - TRANSFERÊNCIAS VOLU - ENCAMINHADO PARA DECISÃO DO ORDENADOR DE DESPESA;015026                                  ;-2550
;015201 - FUNDACAO DE APOIO A PESQUISA DO DF                ;="150201";150201 - FUNDAÇÃO DE APOIO A PESQUISA DO DF - FAP          ;764910300 - TRANSFERÊNCIAS VOLU - ENCAMINHADO PARA DECISÃO DO ORDENADOR DE DESPESA;015029                                  ;-10000
;015201 - FUNDACAO DE APOIO A PESQUISA DO DF                ;="150201";150201 - FUNDAÇÃO DE APOIO A PESQUISA DO DF - FAP          ;764910300 - TRANSFERÊNCIAS VOLU - ENCAMINHADO PARA DECISÃO DO ORDENADOR DE DESPESA;015030                                  ;-10000
;015201 - FUNDACAO DE APOIO A PESQUISA DO DF                ;="150201";150201 - FUNDAÇÃO DE APOIO A PESQUISA DO DF - FAP          ;764910300 - TRANSFERÊNCIAS VOLU - ENCAMINHADO PARA DECISÃO DO ORDENADOR DE DESPESA;015032                                  ;-10000
;015201 - FUNDACAO DE APOIO A PESQUISA DO DF                ;="150201";150201 - FUNDAÇÃO DE APOIO A PESQUISA DO DF - FAP          ;764910300 - TRANSFERÊNCIAS VOLU - ENCAMINHADO PARA DECISÃO DO ORDENADOR DE DESPESA;015033                                  ;-9999,86
;015201 - FUNDACAO DE APOIO A PESQUISA DO DF                ;="150201";150201 - FUNDAÇÃO DE APOIO A PESQUISA DO DF - FAP          ;764910300 - TRANSFERÊNCIAS VOLU - ENCAMINHADO PARA DECISÃO DO ORDENADOR DE DESPESA;015034                                  ;-9349
;015201 - FUNDACAO DE APOIO A PESQUISA DO DF                ;="150201";150201 - FUNDAÇÃO DE APOIO A PESQUISA DO DF - FAP          ;764910300 - TRANSFERÊNCIAS VOLU - ENCAMINHADO PARA DECISÃO DO ORDENADOR DE DESPESA;015035                                  ;-10000
;015201 - FUNDACAO DE APOIO A PESQUISA DO DF                ;="150201";150201 - FUNDAÇÃO DE APOIO A PESQUISA DO DF - FAP          ;764910300 - TRANSFERÊNCIAS VOLU - ENCAMINHADO PARA DECISÃO DO ORDENADOR DE DESPESA;015036                                  ;-10000
;015201 - FUNDACAO DE APOIO A PESQUISA DO DF                ;="150201";150201 - FUNDAÇÃO DE APOIO A PESQUISA DO DF - FAP          ;764910300 - TRANSFERÊNCIAS VOLU - ENCAMINHADO PARA DECISÃO DO ORDENADOR DE DESPESA;015037                                  ;-9980
;015201 - FUNDACAO DE APOIO A PESQUISA DO DF                ;="150201";150201 - FUNDAÇÃO DE APOIO A PESQUISA DO DF - FAP          ;764910300 - TRANSFERÊNCIAS VOLU - ENCAMINHADO PARA DECISÃO DO ORDENADOR DE DESPESA;015039                                  ;-10000
;015201 - FUNDACAO DE APOIO A PESQUISA DO DF                ;="150201";150201 - FUNDAÇÃO DE APOIO A PESQUISA DO DF - FAP          ;764910300 - TRANSFERÊNCIAS VOLU - ENCAMINHADO PARA DECISÃO DO ORDENADOR DE DESPESA;015040                                  ;-10000
;015201 - FUNDACAO DE APOIO A PESQUISA DO DF                ;="150201";150201 - FUNDAÇÃO DE APOIO A PESQUISA DO DF - FAP          ;764910300 - TRANSFERÊNCIAS VOLU - ENCAMINHADO PARA DECISÃO DO ORDENADOR DE DESPESA;015041                                  ;-9999,5
;015201 - FUNDACAO DE APOIO A PESQUISA DO DF                ;="150201";150201 - FUNDAÇÃO DE APOIO A PESQUISA DO DF - FAP          ;764910300 - TRANSFERÊNCIAS VOLU - ENCAMINHADO PARA DECISÃO DO ORDENADOR DE DESPESA;015042                                  ;-9982,5
;015201 - FUNDACAO DE APOIO A PESQUISA DO DF                ;="150201";150201 - FUNDAÇÃO DE APOIO A PESQUISA DO DF - FAP          ;764910300 - TRANSFERÊNCIAS VOLU - ENCAMINHADO PARA DECISÃO DO ORDENADOR DE DESPESA;015043                                  ;-10000
;015201 - FUNDACAO DE APOIO A PESQUISA DO DF                ;="150201";150201 - FUNDAÇÃO DE APOIO A PESQUISA DO DF - FAP          ;764910300 - TRANSFERÊNCIAS VOLU - ENCAMINHADO PARA DECISÃO DO ORDENADOR DE DESPESA;015045                                  ;-10000
;015201 - FUNDACAO DE APOIO A PESQUISA DO DF                ;="150201";150201 - FUNDAÇÃO DE APOIO A PESQUISA DO DF - FAP          ;764910300 - TRANSFERÊNCIAS VOLU - ENCAMINHADO PARA DECISÃO DO ORDENADOR DE DESPESA;015046                                  ;-9951,7
;015201 - FUNDACAO DE APOIO A PESQUISA DO DF                ;="150201";150201 - FUNDAÇÃO DE APOIO A PESQUISA DO DF - FAP          ;764910300 - TRANSFERÊNCIAS VOLU - ENCAMINHADO PARA DECISÃO DO ORDENADOR DE DESPESA;015047                                  ;-10000
;015201 - FUNDACAO DE APOIO A PESQUISA DO DF                ;="150201";150201 - FUNDAÇÃO DE APOIO A PESQUISA DO DF - FAP          ;764910300 - TRANSFERÊNCIAS VOLU - ENCAMINHADO PARA DECISÃO DO ORDENADOR DE DESPESA;015048                                  ;-9999,8
;015201 - FUNDACAO DE APOIO A PESQUISA DO DF                ;="150201";150201 - FUNDAÇÃO DE APOIO A PESQUISA DO DF - FAP          ;764910300 - TRANSFERÊNCIAS VOLU - ENCAMINHADO PARA DECISÃO DO ORDENADOR DE DESPESA;015050                                  ;-10000
;015201 - FUNDACAO DE APOIO A PESQUISA DO DF                ;="150201";150201 - FUNDAÇÃO DE APOIO A PESQUISA DO DF - FAP          ;764910300 - TRANSFERÊNCIAS VOLU - ENCAMINHADO PARA DECISÃO DO ORDENADOR DE DESPESA;015051                                  ;-9990
;015201 - FUNDACAO DE APOIO A PESQUISA DO DF                ;="150201";150201 - FUNDAÇÃO DE APOIO A PESQUISA DO DF - FAP          ;764910300 - TRANSFERÊNCIAS VOLU - ENCAMINHADO PARA DECISÃO DO ORDENADOR DE DESPESA;015058                                  ;-9300
;015201 - FUNDACAO DE APOIO A PESQUISA DO DF                ;="150201";150201 - FUNDAÇÃO DE APOIO A PESQUISA DO DF - FAP          ;764910300 - TRANSFERÊNCIAS VOLU - ENCAMINHADO PARA DECISÃO DO ORDENADOR DE DESPESA;015060                                  ;-9999,56
;015201 - FUNDACAO DE APOIO A PESQUISA DO DF                ;="150201";150201 - FUNDAÇÃO DE APOIO A PESQUISA DO DF - FAP          ;764910300 - TRANSFERÊNCIAS VOLU - ENCAMINHADO PARA DECISÃO DO ORDENADOR DE DESPESA;015062                                  ;-2800
;015201 - FUNDACAO DE APOIO A PESQUISA DO DF                ;="150201";150201 - FUNDAÇÃO DE APOIO A PESQUISA DO DF - FAP          ;764910300 - TRANSFERÊNCIAS VOLU - ENCAMINHADO PARA DECISÃO DO ORDENADOR DE DESPESA;015063                                  ;-9999,44
;015201 - FUNDACAO DE APOIO A PESQUISA DO DF                ;="150201";150201 - FUNDAÇÃO DE APOIO A PESQUISA DO DF - FAP          ;764910300 - TRANSFERÊNCIAS VOLU - ENCAMINHADO PARA DECISÃO DO ORDENADOR DE DESPESA;015064                                  ;-10000
;015201 - FUNDACAO DE APOIO A PESQUISA DO DF                ;="150201";150201 - FUNDAÇÃO DE APOIO A PESQUISA DO DF - FAP          ;764910300 - TRANSFERÊNCIAS VOLU - ENCAMINHADO PARA DECISÃO DO ORDENADOR DE DESPESA;015087                                  ;-10000
;015201 - FUNDACAO DE APOIO A PESQUISA DO DF                ;="150201";150201 - FUNDAÇÃO DE APOIO A PESQUISA DO DF - FAP          ;764910300 - TRANSFERÊNCIAS VOLU - ENCAMINHADO PARA DECISÃO DO ORDENADOR DE DESPESA;015091                                  ;-1904
;015201 - FUNDACAO DE APOIO A PESQUISA DO DF                ;="150201";150201 - FUNDAÇÃO DE APOIO A PESQUISA DO DF - FAP          ;764910300 - TRANSFERÊNCIAS VOLU - ENCAMINHADO PARA DECISÃO DO ORDENADOR DE DESPESA;015092                                  ;-10000
;015201 - FUNDACAO DE APOIO A PESQUISA DO DF                ;="150201";150201 - FUNDAÇÃO DE APOIO A PESQUISA DO DF - FAP          ;764910300 - TRANSFERÊNCIAS VOLU - ENCAMINHADO PARA DECISÃO DO ORDENADOR DE DESPESA;015093                                  ;-10000
;015201 - FUNDACAO DE APOIO A PESQUISA DO DF                ;="150201";150201 - FUNDAÇÃO DE APOIO A PESQUISA DO DF - FAP          ;764910300 - TRANSFERÊNCIAS VOLU - ENCAMINHADO PARA DECISÃO DO ORDENADOR DE DESPESA;015094                                  ;-9996
;015201 - FUNDACAO DE APOIO A PESQUISA DO DF                ;="150201";150201 - FUNDAÇÃO DE APOIO A PESQUISA DO DF - FAP          ;764910300 - TRANSFERÊNCIAS VOLU - ENCAMINHADO PARA DECISÃO DO ORDENADOR DE DESPESA;015098                                  ;-10000
;015201 - FUNDACAO DE APOIO A PESQUISA DO DF                ;="150201";150201 - FUNDAÇÃO DE APOIO A PESQUISA DO DF - FAP          ;764910300 - TRANSFERÊNCIAS VOLU - ENCAMINHADO PARA DECISÃO DO ORDENADOR DE DESPESA;015099                                  ;-8107
;015201 - FUNDACAO DE APOIO A PESQUISA DO DF                ;="150201";150201 - FUNDAÇÃO DE APOIO A PESQUISA DO DF - FAP          ;764910300 - TRANSFERÊNCIAS VOLU - ENCAMINHADO PARA DECISÃO DO ORDENADOR DE DESPESA;015100                                  ;-9514,18
;015201 - FUNDACAO DE APOIO A PESQUISA DO DF                ;="150201";150201 - FUNDAÇÃO DE APOIO A PESQUISA DO DF - FAP          ;764910300 - TRANSFERÊNCIAS VOLU - ENCAMINHADO PARA DECISÃO DO ORDENADOR DE DESPESA;015101                                  ;-10000
;015201 - FUNDACAO DE APOIO A PESQUISA DO DF                ;="150201";150201 - FUNDAÇÃO DE APOIO A PESQUISA DO DF - FAP          ;764910300 - TRANSFERÊNCIAS VOLU - ENCAMINHADO PARA DECISÃO DO ORDENADOR DE DESPESA;015102                                  ;-9514,18
;015201 - FUNDACAO DE APOIO A PESQUISA DO DF                ;="150201";150201 - FUNDAÇÃO DE APOIO A PESQUISA DO DF - FAP          ;764910300 - TRANSFERÊNCIAS VOLU - ENCAMINHADO PARA DECISÃO DO ORDENADOR DE DESPESA;015103                                  ;-10000
;015201 - FUNDACAO DE APOIO A PESQUISA DO DF                ;="150201";150201 - FUNDAÇÃO DE APOIO A PESQUISA DO DF - FAP          ;764910300 - TRANSFERÊNCIAS VOLU - ENCAMINHADO PARA DECISÃO DO ORDENADOR DE DESPESA;015104                                  ;-9999,8
;015201 - FUNDACAO DE APOIO A PESQUISA DO DF                ;="150201";150201 - FUNDAÇÃO DE APOIO A PESQUISA DO DF - FAP          ;764910300 - TRANSFERÊNCIAS VOLU - ENCAMINHADO PARA DECISÃO DO ORDENADOR DE DESPESA;015105                                  ;-4550
;015201 - FUNDACAO DE APOIO A PESQUISA DO DF                ;="150201";150201 - FUNDAÇÃO DE APOIO A PESQUISA DO DF - FAP          ;764910300 - TRANSFERÊNCIAS VOLU - ENCAMINHADO PARA DECISÃO DO ORDENADOR DE DESPESA;015106                                  ;-9824,6
;015201 - FUNDACAO DE APOIO A PESQUISA DO DF                ;="150201";150201 - FUNDAÇÃO DE APOIO A PESQUISA DO DF - FAP          ;764910300 - TRANSFERÊNCIAS VOLU - ENCAMINHADO PARA DECISÃO DO ORDENADOR DE DESPESA;015107                                  ;-9750
;015201 - FUNDACAO DE APOIO A PESQUISA DO DF                ;="150201";150201 - FUNDAÇÃO DE APOIO A PESQUISA DO DF - FAP          ;764910300 - TRANSFERÊNCIAS VOLU - ENCAMINHADO PARA DECISÃO DO ORDENADOR DE DESPESA;015108                                  ;-10000
;015201 - FUNDACAO DE APOIO A PESQUISA DO DF                ;="150201";150201 - FUNDAÇÃO DE APOIO A PESQUISA DO DF - FAP          ;764910300 - TRANSFERÊNCIAS VOLU - ENCAMINHADO PARA DECISÃO DO ORDENADOR DE DESPESA;015109                                  ;-2350
;015201 - FUNDACAO DE APOIO A PESQUISA DO DF                ;="150201";150201 - FUNDAÇÃO DE APOIO A PESQUISA DO DF - FAP          ;764910300 - TRANSFERÊNCIAS VOLU - ENCAMINHADO PARA DECISÃO DO ORDENADOR DE DESPESA;015111                                  ;-9990
;015201 - FUNDACAO DE APOIO A PESQUISA DO DF                ;="150201";150201 - FUNDAÇÃO DE APOIO A PESQUISA DO DF - FAP          ;764910300 - TRANSFERÊNCIAS VOLU - ENCAMINHADO PARA DECISÃO DO ORDENADOR DE DESPESA;015112                                  ;-7959
;015201 - FUNDACAO DE APOIO A PESQUISA DO DF                ;="150201";150201 - FUNDAÇÃO DE APOIO A PESQUISA DO DF - FAP          ;764910300 - TRANSFERÊNCIAS VOLU - ENCAMINHADO PARA DECISÃO DO ORDENADOR DE DESPESA;015114                                  ;-9990
;015201 - FUNDACAO DE APOIO A PESQUISA DO DF                ;="150201";150201 - FUNDAÇÃO DE APOIO A PESQUISA DO DF - FAP          ;764910300 - TRANSFERÊNCIAS VOLU - ENCAMINHADO PARA DECISÃO DO ORDENADOR DE DESPESA;015115                                  ;-10000
;015201 - FUNDACAO DE APOIO A PESQUISA DO DF                ;="150201";150201 - FUNDAÇÃO DE APOIO A PESQUISA DO DF - FAP          ;764910300 - TRANSFERÊNCIAS VOLU - ENCAMINHADO PARA DECISÃO DO ORDENADOR DE DESPESA;015116                                  ;-10000
;015201 - FUNDACAO DE APOIO A PESQUISA DO DF                ;="150201";150201 - FUNDAÇÃO DE APOIO A PESQUISA DO DF - FAP          ;764910300 - TRANSFERÊNCIAS VOLU - ENCAMINHADO PARA DECISÃO DO ORDENADOR DE DESPESA;015118                                  ;-9382,45
;015201 - FUNDACAO DE APOIO A PESQUISA DO DF                ;="150201";150201 - FUNDAÇÃO DE APOIO A PESQUISA DO DF - FAP          ;764910300 - TRANSFERÊNCIAS VOLU - ENCAMINHADO PARA DECISÃO DO ORDENADOR DE DESPESA;015119                                  ;-10000
;015201 - FUNDACAO DE APOIO A PESQUISA DO DF                ;="150201";150201 - FUNDAÇÃO DE APOIO A PESQUISA DO DF - FAP          ;764910300 - TRANSFERÊNCIAS VOLU - ENCAMINHADO PARA DECISÃO DO ORDENADOR DE DESPESA;015120                                  ;-10000
;015201 - FUNDACAO DE APOIO A PESQUISA DO DF                ;="150201";150201 - FUNDAÇÃO DE APOIO A PESQUISA DO DF - FAP          ;764910300 - TRANSFERÊNCIAS VOLU - ENCAMINHADO PARA DECISÃO DO ORDENADOR DE DESPESA;015121                                  ;-10000
;015201 - FUNDACAO DE APOIO A PESQUISA DO DF                ;="150201";150201 - FUNDAÇÃO DE APOIO A PESQUISA DO DF - FAP          ;764910300 - TRANSFERÊNCIAS VOLU - ENCAMINHADO PARA DECISÃO DO ORDENADOR DE DESPESA;015122                                  ;-8765,2
;015201 - FUNDACAO DE APOIO A PESQUISA DO DF                ;="150201";150201 - FUNDAÇÃO DE APOIO A PESQUISA DO DF - FAP          ;764910300 - TRANSFERÊNCIAS VOLU - ENCAMINHADO PARA DECISÃO DO ORDENADOR DE DESPESA;015123                                  ;-10000
;015201 - FUNDACAO DE APOIO A PESQUISA DO DF                ;="150201";150201 - FUNDAÇÃO DE APOIO A PESQUISA DO DF - FAP          ;764910300 - TRANSFERÊNCIAS VOLU - ENCAMINHADO PARA DECISÃO DO ORDENADOR DE DESPESA;015124                                  ;-10000
;015201 - FUNDACAO DE APOIO A PESQUISA DO DF                ;="150201";150201 - FUNDAÇÃO DE APOIO A PESQUISA DO DF - FAP          ;764910300 - TRANSFERÊNCIAS VOLU - ENCAMINHADO PARA DECISÃO DO ORDENADOR DE DESPESA;015125                                  ;-7300
;015201 - FUNDACAO DE APOIO A PESQUISA DO DF                ;="150201";150201 - FUNDAÇÃO DE APOIO A PESQUISA DO DF - FAP          ;764910300 - TRANSFERÊNCIAS VOLU - ENCAMINHADO PARA DECISÃO DO ORDENADOR DE DESPESA;015130                                  ;-10000
;015201 - FUNDACAO DE APOIO A PESQUISA DO DF                ;="150201";150201 - FUNDAÇÃO DE APOIO A PESQUISA DO DF - FAP          ;764910300 - TRANSFERÊNCIAS VOLU - ENCAMINHADO PARA DECISÃO DO ORDENADOR DE DESPESA;015131                                  ;-974,29
;015201 - FUNDACAO DE APOIO A PESQUISA DO DF                ;="150201";150201 - FUNDAÇÃO DE APOIO A PESQUISA DO DF - FAP          ;764910300 - TRANSFERÊNCIAS VOLU - ENCAMINHADO PARA DECISÃO DO ORDENADOR DE DESPESA;015132                                  ;-974,29
;015201 - FUNDACAO DE APOIO A PESQUISA DO DF                ;="150201";150201 - FUNDAÇÃO DE APOIO A PESQUISA DO DF - FAP          ;764910300 - TRANSFERÊNCIAS VOLU - ENCAMINHADO PARA DECISÃO DO ORDENADOR DE DESPESA;015133                                  ;-10000
;015201 - FUNDACAO DE APOIO A PESQUISA DO DF                ;="150201";150201 - FUNDAÇÃO DE APOIO A PESQUISA DO DF - FAP          ;764910300 - TRANSFERÊNCIAS VOLU - ENCAMINHADO PARA DECISÃO DO ORDENADOR DE DESPESA;015136                                  ;-6263
;015201 - FUNDACAO DE APOIO A PESQUISA DO DF                ;="150201";150201 - FUNDAÇÃO DE APOIO A PESQUISA DO DF - FAP          ;764910300 - TRANSFERÊNCIAS VOLU - ENCAMINHADO PARA DECISÃO DO ORDENADOR DE DESPESA;015137                                  ;-10000
;015201 - FUNDACAO DE APOIO A PESQUISA DO DF                ;="150201";150201 - FUNDAÇÃO DE APOIO A PESQUISA DO DF - FAP          ;764910300 - TRANSFERÊNCIAS VOLU - ENCAMINHADO PARA DECISÃO DO ORDENADOR DE DESPESA;015139                                  ;-10000
;015201 - FUNDACAO DE APOIO A PESQUISA DO DF                ;="150201";150201 - FUNDAÇÃO DE APOIO A PESQUISA DO DF - FAP          ;764910300 - TRANSFERÊNCIAS VOLU - ENCAMINHADO PARA DECISÃO DO ORDENADOR DE DESPESA;015140                                  ;-9446
;015201 - FUNDACAO DE APOIO A PESQUISA DO DF                ;="150201";150201 - FUNDAÇÃO DE APOIO A PESQUISA DO DF - FAP          ;764910300 - TRANSFERÊNCIAS VOLU - ENCAMINHADO PARA DECISÃO DO ORDENADOR DE DESPESA;015145                                  ;-10000
;015201 - FUNDACAO DE APOIO A PESQUISA DO DF                ;="150201";150201 - FUNDAÇÃO DE APOIO A PESQUISA DO DF - FAP          ;764910300 - TRANSFERÊNCIAS VOLU - ENCAMINHADO PARA DECISÃO DO ORDENADOR DE DESPESA;015146                                  ;-9463
;015201 - FUNDACAO DE APOIO A PESQUISA DO DF                ;="150201";150201 - FUNDAÇÃO DE APOIO A PESQUISA DO DF - FAP          ;764910300 - TRANSFERÊNCIAS VOLU - ENCAMINHADO PARA DECISÃO DO ORDENADOR DE DESPESA;015148                                  ;-10000
;015201 - FUNDACAO DE APOIO A PESQUISA DO DF                ;="150201";150201 - FUNDAÇÃO DE APOIO A PESQUISA DO DF - FAP          ;764910300 - TRANSFERÊNCIAS VOLU - ENCAMINHADO PARA DECISÃO DO ORDENADOR DE DESPESA;015149                                  ;-10000
;015201 - FUNDACAO DE APOIO A PESQUISA DO DF                ;="150201";150201 - FUNDAÇÃO DE APOIO A PESQUISA DO DF - FAP          ;764910300 - TRANSFERÊNCIAS VOLU - ENCAMINHADO PARA DECISÃO DO ORDENADOR DE DESPESA;015150                                  ;-10000
;015201 - FUNDACAO DE APOIO A PESQUISA DO DF                ;="150201";150201 - FUNDAÇÃO DE APOIO A PESQUISA DO DF - FAP          ;764910300 - TRANSFERÊNCIAS VOLU - ENCAMINHADO PARA DECISÃO DO ORDENADOR DE DESPESA;015151                                  ;-10000
;015201 - FUNDACAO DE APOIO A PESQUISA DO DF                ;="150201";150201 - FUNDAÇÃO DE APOIO A PESQUISA DO DF - FAP          ;764910300 - TRANSFERÊNCIAS VOLU - ENCAMINHADO PARA DECISÃO DO ORDENADOR DE DESPESA;015153                                  ;-10000
;015201 - FUNDACAO DE APOIO A PESQUISA DO DF                ;="150201";150201 - FUNDAÇÃO DE APOIO A PESQUISA DO DF - FAP          ;764910300 - TRANSFERÊNCIAS VOLU - ENCAMINHADO PARA DECISÃO DO ORDENADOR DE DESPESA;015156                                  ;-10000
;015201 - FUNDACAO DE APOIO A PESQUISA DO DF                ;="150201";150201 - FUNDAÇÃO DE APOIO A PESQUISA DO DF - FAP          ;764910300 - TRANSFERÊNCIAS VOLU - ENCAMINHADO PARA DECISÃO DO ORDENADOR DE DESPESA;015161                                  ;-9999,95
;015201 - FUNDACAO DE APOIO A PESQUISA DO DF                ;="150201";150201 - FUNDAÇÃO DE APOIO A PESQUISA DO DF - FAP          ;764910300 - TRANSFERÊNCIAS VOLU - ENCAMINHADO PARA DECISÃO DO ORDENADOR DE DESPESA;015163                                  ;-2100
;015201 - FUNDACAO DE APOIO A PESQUISA DO DF                ;="150201";150201 - FUNDAÇÃO DE APOIO A PESQUISA DO DF - FAP          ;764910300 - TRANSFERÊNCIAS VOLU - ENCAMINHADO PARA DECISÃO DO ORDENADOR DE DESPESA;015164                                  ;-10000
;015201 - FUNDACAO DE APOIO A PESQUISA DO DF                ;="150201";150201 - FUNDAÇÃO DE APOIO A PESQUISA DO DF - FAP          ;764910300 - TRANSFERÊNCIAS VOLU - ENCAMINHADO PARA DECISÃO DO ORDENADOR DE DESPESA;015173                                  ;-8564,2
;015201 - FUNDACAO DE APOIO A PESQUISA DO DF                ;="150201";150201 - FUNDAÇÃO DE APOIO A PESQUISA DO DF - FAP          ;764910300 - TRANSFERÊNCIAS VOLU - ENCAMINHADO PARA DECISÃO DO ORDENADOR DE DESPESA;015174                                  ;-9999,4
;015201 - FUNDACAO DE APOIO A PESQUISA DO DF                ;="150201";150201 - FUNDAÇÃO DE APOIO A PESQUISA DO DF - FAP          ;764910300 - TRANSFERÊNCIAS VOLU - ENCAMINHADO PARA DECISÃO DO ORDENADOR DE DESPESA;015175                                  ;-10000
;015201 - FUNDACAO DE APOIO A PESQUISA DO DF                ;="150201";150201 - FUNDAÇÃO DE APOIO A PESQUISA DO DF - FAP          ;764910300 - TRANSFERÊNCIAS VOLU - ENCAMINHADO PARA DECISÃO DO ORDENADOR DE DESPESA;015176                                  ;-2600
;015201 - FUNDACAO DE APOIO A PESQUISA DO DF                ;="150201";150201 - FUNDAÇÃO DE APOIO A PESQUISA DO DF - FAP          ;764910300 - TRANSFERÊNCIAS VOLU - ENCAMINHADO PARA DECISÃO DO ORDENADOR DE DESPESA;015178                                  ;-4995
;015201 - FUNDACAO DE APOIO A PESQUISA DO DF                ;="150201";150201 - FUNDAÇÃO DE APOIO A PESQUISA DO DF - FAP          ;764910300 - TRANSFERÊNCIAS VOLU - ENCAMINHADO PARA DECISÃO DO ORDENADOR DE DESPESA;015179                                  ;-10000
;015201 - FUNDACAO DE APOIO A PESQUISA DO DF                ;="150201";150201 - FUNDAÇÃO DE APOIO A PESQUISA DO DF - FAP          ;764910300 - TRANSFERÊNCIAS VOLU - ENCAMINHADO PARA DECISÃO DO ORDENADOR DE DESPESA;015180                                  ;-8880
;015201 - FUNDACAO DE APOIO A PESQUISA DO DF                ;="150201";150201 - FUNDAÇÃO DE APOIO A PESQUISA DO DF - FAP          ;764910300 - TRANSFERÊNCIAS VOLU - ENCAMINHADO PARA DECISÃO DO ORDENADOR DE DESPESA;015181                                  ;-6107
;015201 - FUNDACAO DE APOIO A PESQUISA DO DF                ;="150201";150201 - FUNDAÇÃO DE APOIO A PESQUISA DO DF - FAP          ;764910300 - TRANSFERÊNCIAS VOLU - ENCAMINHADO PARA DECISÃO DO ORDENADOR DE DESPESA;015200                                  ;-9967,34
;015201 - FUNDACAO DE APOIO A PESQUISA DO DF                ;="150201";150201 - FUNDAÇÃO DE APOIO A PESQUISA DO DF - FAP          ;764910300 - TRANSFERÊNCIAS VOLU - ENCAMINHADO PARA DECISÃO DO ORDENADOR DE DESPESA;015201                                  ;-2150
;015201 - FUNDACAO DE APOIO A PESQUISA DO DF                ;="150201";150201 - FUNDAÇÃO DE APOIO A PESQUISA DO DF - FAP          ;764910300 - TRANSFERÊNCIAS VOLU - ENCAMINHADO PARA DECISÃO DO ORDENADOR DE DESPESA;015203                                  ;-2000
;015201 - FUNDACAO DE APOIO A PESQUISA DO DF                ;="150201";150201 - FUNDAÇÃO DE APOIO A PESQUISA DO DF - FAP          ;764910300 - TRANSFERÊNCIAS VOLU - ENCAMINHADO PARA DECISÃO DO ORDENADOR DE DESPESA;015204                                  ;-10000
;015201 - FUNDACAO DE APOIO A PESQUISA DO DF                ;="150201";150201 - FUNDAÇÃO DE APOIO A PESQUISA DO DF - FAP          ;764910300 - TRANSFERÊNCIAS VOLU - ENCAMINHADO PARA DECISÃO DO ORDENADOR DE DESPESA;015205                                  ;-10000
;015201 - FUNDACAO DE APOIO A PESQUISA DO DF                ;="150201";150201 - FUNDAÇÃO DE APOIO A PESQUISA DO DF - FAP          ;764910300 - TRANSFERÊNCIAS VOLU - ENCAMINHADO PARA DECISÃO DO ORDENADOR DE DESPESA;015212                                  ;-10000
;015201 - FUNDACAO DE APOIO A PESQUISA DO DF                ;="150201";150201 - FUNDAÇÃO DE APOIO A PESQUISA DO DF - FAP          ;764910300 - TRANSFERÊNCIAS VOLU - ENCAMINHADO PARA DECISÃO DO ORDENADOR DE DESPESA;015249                                  ;-2000
;015201 - FUNDACAO DE APOIO A PESQUISA DO DF                ;="150201";150201 - FUNDAÇÃO DE APOIO A PESQUISA DO DF - FAP          ;764910300 - TRANSFERÊNCIAS VOLU - ENCAMINHADO PARA DECISÃO DO ORDENADOR DE DESPESA;015267                                  ;-9999,98
;015201 - FUNDACAO DE APOIO A PESQUISA DO DF                ;="150201";150201 - FUNDAÇÃO DE APOIO A PESQUISA DO DF - FAP          ;764910300 - TRANSFERÊNCIAS VOLU - ENCAMINHADO PARA DECISÃO DO ORDENADOR DE DESPESA;015276                                  ;-9999,9
;015201 - FUNDACAO DE APOIO A PESQUISA DO DF                ;="150201";150201 - FUNDAÇÃO DE APOIO A PESQUISA DO DF - FAP          ;764910300 - TRANSFERÊNCIAS VOLU - ENCAMINHADO PARA DECISÃO DO ORDENADOR DE DESPESA;015277                                  ;-3000
;015201 - FUNDACAO DE APOIO A PESQUISA DO DF                ;="150201";150201 - FUNDAÇÃO DE APOIO A PESQUISA DO DF - FAP          ;764910300 - TRANSFERÊNCIAS VOLU - ENCAMINHADO PARA DECISÃO DO ORDENADOR DE DESPESA;015278                                  ;-9260
;015201 - FUNDACAO DE APOIO A PESQUISA DO DF                ;="150201";150201 - FUNDAÇÃO DE APOIO A PESQUISA DO DF - FAP          ;764910300 - TRANSFERÊNCIAS VOLU - ENCAMINHADO PARA DECISÃO DO ORDENADOR DE DESPESA;015279                                  ;-9350
;015201 - FUNDACAO DE APOIO A PESQUISA DO DF                ;="150201";150201 - FUNDAÇÃO DE APOIO A PESQUISA DO DF - FAP          ;764910300 - TRANSFERÊNCIAS VOLU - ENCAMINHADO PARA DECISÃO DO ORDENADOR DE DESPESA;015280                                  ;-3000
;015201 - FUNDACAO DE APOIO A PESQUISA DO DF                ;="150201";150201 - FUNDAÇÃO DE APOIO A PESQUISA DO DF - FAP          ;764910300 - TRANSFERÊNCIAS VOLU - ENCAMINHADO PARA DECISÃO DO ORDENADOR DE DESPESA;015325                                  ;-3000
;015201 - FUNDACAO DE APOIO A PESQUISA DO DF                ;="150201";150201 - FUNDAÇÃO DE APOIO A PESQUISA DO DF - FAP          ;764910300 - TRANSFERÊNCIAS VOLU - ENCAMINHADO PARA DECISÃO DO ORDENADOR DE DESPESA;015326                                  ;-10000
;015201 - FUNDACAO DE APOIO A PESQUISA DO DF                ;="150201";150201 - FUNDAÇÃO DE APOIO A PESQUISA DO DF - FAP          ;764910300 - TRANSFERÊNCIAS VOLU - ENCAMINHADO PARA DECISÃO DO ORDENADOR DE DESPESA;015327                                  ;-10000
;015201 - FUNDACAO DE APOIO A PESQUISA DO DF                ;="150201";150201 - FUNDAÇÃO DE APOIO A PESQUISA DO DF - FAP          ;764910300 - TRANSFERÊNCIAS VOLU - ENCAMINHADO PARA DECISÃO DO ORDENADOR DE DESPESA;015329                                  ;-10000
;015201 - FUNDACAO DE APOIO A PESQUISA DO DF                ;="150201";150201 - FUNDAÇÃO DE APOIO A PESQUISA DO DF - FAP          ;764910300 - TRANSFERÊNCIAS VOLU - ENCAMINHADO PARA DECISÃO DO ORDENADOR DE DESPESA;015330                                  ;-9905
;015201 - FUNDACAO DE APOIO A PESQUISA DO DF                ;="150201";150201 - FUNDAÇÃO DE APOIO A PESQUISA DO DF - FAP          ;764910300 - TRANSFERÊNCIAS VOLU - ENCAMINHADO PARA DECISÃO DO ORDENADOR DE DESPESA;015331                                  ;-6332,5
;015201 - FUNDACAO DE APOIO A PESQUISA DO DF                ;="150201";150201 - FUNDAÇÃO DE APOIO A PESQUISA DO DF - FAP          ;764910300 - TRANSFERÊNCIAS VOLU - ENCAMINHADO PARA DECISÃO DO ORDENADOR DE DESPESA;015332                                  ;-10000
;015201 - FUNDACAO DE APOIO A PESQUISA DO DF                ;="150201";150201 - FUNDAÇÃO DE APOIO A PESQUISA DO DF - FAP          ;764910300 - TRANSFERÊNCIAS VOLU - ENCAMINHADO PARA DECISÃO DO ORDENADOR DE DESPESA;015333                                  ;-9898
;015201 - FUNDACAO DE APOIO A PESQUISA DO DF                ;="150201";150201 - FUNDAÇÃO DE APOIO A PESQUISA DO DF - FAP          ;764910300 - TRANSFERÊNCIAS VOLU - ENCAMINHADO PARA DECISÃO DO ORDENADOR DE DESPESA;015334                                  ;-10000
;015201 - FUNDACAO DE APOIO A PESQUISA DO DF                ;="150201";150201 - FUNDAÇÃO DE APOIO A PESQUISA DO DF - FAP          ;764910300 - TRANSFERÊNCIAS VOLU - ENCAMINHADO PARA DECISÃO DO ORDENADOR DE DESPESA;015338                                  ;-11422
;015201 - FUNDACAO DE APOIO A PESQUISA DO DF                ;="150201";150201 - FUNDAÇÃO DE APOIO A PESQUISA DO DF - FAP          ;764910300 - TRANSFERÊNCIAS VOLU - ENCAMINHADO PARA DECISÃO DO ORDENADOR DE DESPESA;015339                                  ;-105431
;015201 - FUNDACAO DE APOIO A PESQUISA DO DF                ;="150201";150201 - FUNDAÇÃO DE APOIO A PESQUISA DO DF - FAP          ;764910300 - TRANSFERÊNCIAS VOLU - ENCAMINHADO PARA DECISÃO DO ORDENADOR DE DESPESA;015342                                  ;-2500
;015201 - FUNDACAO DE APOIO A PESQUISA DO DF                ;="150201";150201 - FUNDAÇÃO DE APOIO A PESQUISA DO DF - FAP          ;764910300 - TRANSFERÊNCIAS VOLU - ENCAMINHADO PARA DECISÃO DO ORDENADOR DE DESPESA;015343                                  ;-10000
;015201 - FUNDACAO DE APOIO A PESQUISA DO DF                ;="150201";150201 - FUNDAÇÃO DE APOIO A PESQUISA DO DF - FAP          ;764910300 - TRANSFERÊNCIAS VOLU - ENCAMINHADO PARA DECISÃO DO ORDENADOR DE DESPESA;015345                                  ;-3000
;015201 - FUNDACAO DE APOIO A PESQUISA DO DF                ;="150201";150201 - FUNDAÇÃO DE APOIO A PESQUISA DO DF - FAP          ;764910300 - TRANSFERÊNCIAS VOLU - ENCAMINHADO PARA DECISÃO DO ORDENADOR DE DESPESA;015346                                  ;-3000
;015201 - FUNDACAO DE APOIO A PESQUISA DO DF                ;="150201";150201 - FUNDAÇÃO DE APOIO A PESQUISA DO DF - FAP          ;764910300 - TRANSFERÊNCIAS VOLU - ENCAMINHADO PARA DECISÃO DO ORDENADOR DE DESPESA;015347                                  ;-7992
;015201 - FUNDACAO DE APOIO A PESQUISA DO DF                ;="150201";150201 - FUNDAÇÃO DE APOIO A PESQUISA DO DF - FAP          ;764910300 - TRANSFERÊNCIAS VOLU - ENCAMINHADO PARA DECISÃO DO ORDENADOR DE DESPESA;015348                                  ;-10000
;015201 - FUNDACAO DE APOIO A PESQUISA DO DF                ;="150201";150201 - FUNDAÇÃO DE APOIO A PESQUISA DO DF - FAP          ;764910300 - TRANSFERÊNCIAS VOLU - ENCAMINHADO PARA DECISÃO DO ORDENADOR DE DESPESA;015353                                  ;-9988
;015201 - FUNDACAO DE APOIO A PESQUISA DO DF                ;="150201";150201 - FUNDAÇÃO DE APOIO A PESQUISA DO DF - FAP          ;764910300 - TRANSFERÊNCIAS VOLU - ENCAMINHADO PARA DECISÃO DO ORDENADOR DE DESPESA;015354                                  ;-10000
;015201 - FUNDACAO DE APOIO A PESQUISA DO DF                ;="150201";150201 - FUNDAÇÃO DE APOIO A PESQUISA DO DF - FAP          ;764910300 - TRANSFERÊNCIAS VOLU - ENCAMINHADO PARA DECISÃO DO ORDENADOR DE DESPESA;015355                                  ;-9999,7
;015201 - FUNDACAO DE APOIO A PESQUISA DO DF                ;="150201";150201 - FUNDAÇÃO DE APOIO A PESQUISA DO DF - FAP          ;764910300 - TRANSFERÊNCIAS VOLU - ENCAMINHADO PARA DECISÃO DO ORDENADOR DE DESPESA;015356                                  ;-6500
;015201 - FUNDACAO DE APOIO A PESQUISA DO DF                ;="150201";150201 - FUNDAÇÃO DE APOIO A PESQUISA DO DF - FAP          ;764910300 - TRANSFERÊNCIAS VOLU - ENCAMINHADO PARA DECISÃO DO ORDENADOR DE DESPESA;015357                                  ;-7938,6
;015201 - FUNDACAO DE APOIO A PESQUISA DO DF                ;="150201";150201 - FUNDAÇÃO DE APOIO A PESQUISA DO DF - FAP          ;764910300 - TRANSFERÊNCIAS VOLU - ENCAMINHADO PARA DECISÃO DO ORDENADOR DE DESPESA;015358                                  ;-3000
;015201 - FUNDACAO DE APOIO A PESQUISA DO DF                ;="150201";150201 - FUNDAÇÃO DE APOIO A PESQUISA DO DF - FAP          ;764910300 - TRANSFERÊNCIAS VOLU - ENCAMINHADO PARA DECISÃO DO ORDENADOR DE DESPESA;015359                                  ;-32400
;015201 - FUNDACAO DE APOIO A PESQUISA DO DF                ;="150201";150201 - FUNDAÇÃO DE APOIO A PESQUISA DO DF - FAP          ;764910300 - TRANSFERÊNCIAS VOLU - ENCAMINHADO PARA DECISÃO DO ORDENADOR DE DESPESA;015367                                  ;-10000
;015201 - FUNDACAO DE APOIO A PESQUISA DO DF                ;="150201";150201 - FUNDAÇÃO DE APOIO A PESQUISA DO DF - FAP          ;764910300 - TRANSFERÊNCIAS VOLU - ENCAMINHADO PARA DECISÃO DO ORDENADOR DE DESPESA;015368                                  ;-30000
;015201 - FUNDACAO DE APOIO A PESQUISA DO DF                ;="150201";150201 - FUNDAÇÃO DE APOIO A PESQUISA DO DF - FAP          ;764910300 - TRANSFERÊNCIAS VOLU - ENCAMINHADO PARA DECISÃO DO ORDENADOR DE DESPESA;015369                                  ;-9557,1
;015201 - FUNDACAO DE APOIO A PESQUISA DO DF                ;="150201";150201 - FUNDAÇÃO DE APOIO A PESQUISA DO DF - FAP          ;764910300 - TRANSFERÊNCIAS VOLU - ENCAMINHADO PARA DECISÃO DO ORDENADOR DE DESPESA;015370                                  ;-9827
;015201 - FUNDACAO DE APOIO A PESQUISA DO DF                ;="150201";150201 - FUNDAÇÃO DE APOIO A PESQUISA DO DF - FAP          ;764910300 - TRANSFERÊNCIAS VOLU - ENCAMINHADO PARA DECISÃO DO ORDENADOR DE DESPESA;015371                                  ;-10000
;015201 - FUNDACAO DE APOIO A PESQUISA DO DF                ;="150201";150201 - FUNDAÇÃO DE APOIO A PESQUISA DO DF - FAP          ;764910300 - TRANSFERÊNCIAS VOLU - ENCAMINHADO PARA DECISÃO DO ORDENADOR DE DESPESA;015372                                  ;-10000
;015201 - FUNDACAO DE APOIO A PESQUISA DO DF                ;="150201";150201 - FUNDAÇÃO DE APOIO A PESQUISA DO DF - FAP          ;764910300 - TRANSFERÊNCIAS VOLU - ENCAMINHADO PARA DECISÃO DO ORDENADOR DE DESPESA;015373                                  ;-7720
;015201 - FUNDACAO DE APOIO A PESQUISA DO DF                ;="150201";150201 - FUNDAÇÃO DE APOIO A PESQUISA DO DF - FAP          ;764910300 - TRANSFERÊNCIAS VOLU - ENCAMINHADO PARA DECISÃO DO ORDENADOR DE DESPESA;015374                                  ;-10000
;015201 - FUNDACAO DE APOIO A PESQUISA DO DF                ;="150201";150201 - FUNDAÇÃO DE APOIO A PESQUISA DO DF - FAP          ;764910300 - TRANSFERÊNCIAS VOLU - ENCAMINHADO PARA DECISÃO DO ORDENADOR DE DESPESA;015375                                  ;-10000
;015201 - FUNDACAO DE APOIO A PESQUISA DO DF                ;="150201";150201 - FUNDAÇÃO DE APOIO A PESQUISA DO DF - FAP          ;764910300 - TRANSFERÊNCIAS VOLU - ENCAMINHADO PARA DECISÃO DO ORDENADOR DE DESPESA;015376                                  ;-9928
;015201 - FUNDACAO DE APOIO A PESQUISA DO DF                ;="150201";150201 - FUNDAÇÃO DE APOIO A PESQUISA DO DF - FAP          ;764910300 - TRANSFERÊNCIAS VOLU - ENCAMINHADO PARA DECISÃO DO ORDENADOR DE DESPESA;015377                                  ;-9929,4
;015201 - FUNDACAO DE APOIO A PESQUISA DO DF                ;="150201";150201 - FUNDAÇÃO DE APOIO A PESQUISA DO DF - FAP          ;764910300 - TRANSFERÊNCIAS VOLU - ENCAMINHADO PARA DECISÃO DO ORDENADOR DE DESPESA;015379                                  ;-9999,99
;015201 - FUNDACAO DE APOIO A PESQUISA DO DF                ;="150201";150201 - FUNDAÇÃO DE APOIO A PESQUISA DO DF - FAP          ;764910300 - TRANSFERÊNCIAS VOLU - ENCAMINHADO PARA DECISÃO DO ORDENADOR DE DESPESA;015380                                  ;-7214,79
;015201 - FUNDACAO DE APOIO A PESQUISA DO DF                ;="150201";150201 - FUNDAÇÃO DE APOIO A PESQUISA DO DF - FAP          ;764910300 - TRANSFERÊNCIAS VOLU - ENCAMINHADO PARA DECISÃO DO ORDENADOR DE DESPESA;015381                                  ;-5140
;015201 - FUNDACAO DE APOIO A PESQUISA DO DF                ;="150201";150201 - FUNDAÇÃO DE APOIO A PESQUISA DO DF - FAP          ;764910300 - TRANSFERÊNCIAS VOLU - ENCAMINHADO PARA DECISÃO DO ORDENADOR DE DESPESA;015383                                  ;-9981,3
;015201 - FUNDACAO DE APOIO A PESQUISA DO DF                ;="150201";150201 - FUNDAÇÃO DE APOIO A PESQUISA DO DF - FAP          ;764910300 - TRANSFERÊNCIAS VOLU - ENCAMINHADO PARA DECISÃO DO ORDENADOR DE DESPESA;015385                                  ;-6220
;015201 - FUNDACAO DE APOIO A PESQUISA DO DF                ;="150201";150201 - FUNDAÇÃO DE APOIO A PESQUISA DO DF - FAP          ;764910300 - TRANSFERÊNCIAS VOLU - ENCAMINHADO PARA DECISÃO DO ORDENADOR DE DESPESA;015386                                  ;-2455
;015201 - FUNDACAO DE APOIO A PESQUISA DO DF                ;="150201";150201 - FUNDAÇÃO DE APOIO A PESQUISA DO DF - FAP          ;764910300 - TRANSFERÊNCIAS VOLU - ENCAMINHADO PARA DECISÃO DO ORDENADOR DE DESPESA;015387                                  ;-2500
;015201 - FUNDACAO DE APOIO A PESQUISA DO DF                ;="150201";150201 - FUNDAÇÃO DE APOIO A PESQUISA DO DF - FAP          ;764910300 - TRANSFERÊNCIAS VOLU - ENCAMINHADO PARA DECISÃO DO ORDENADOR DE DESPESA;015390                                  ;-2800
;015201 - FUNDACAO DE APOIO A PESQUISA DO DF                ;="150201";150201 - FUNDAÇÃO DE APOIO A PESQUISA DO DF - FAP          ;764910300 - TRANSFERÊNCIAS VOLU - ENCAMINHADO PARA DECISÃO DO ORDENADOR DE DESPESA;015392                                  ;-10000
;015201 - FUNDACAO DE APOIO A PESQUISA DO DF                ;="150201";150201 - FUNDAÇÃO DE APOIO A PESQUISA DO DF - FAP          ;764910300 - TRANSFERÊNCIAS VOLU - ENCAMINHADO PARA DECISÃO DO ORDENADOR DE DESPESA;015393                                  ;-1700
;015201 - FUNDACAO DE APOIO A PESQUISA DO DF                ;="150201";150201 - FUNDAÇÃO DE APOIO A PESQUISA DO DF - FAP          ;764910300 - TRANSFERÊNCIAS VOLU - ENCAMINHADO PARA DECISÃO DO ORDENADOR DE DESPESA;015394                                  ;-3000
;015201 - FUNDACAO DE APOIO A PESQUISA DO DF                ;="150201";150201 - FUNDAÇÃO DE APOIO A PESQUISA DO DF - FAP          ;764910300 - TRANSFERÊNCIAS VOLU - ENCAMINHADO PARA DECISÃO DO ORDENADOR DE DESPESA;015395                                  ;-2350
;015201 - FUNDACAO DE APOIO A PESQUISA DO DF                ;="150201";150201 - FUNDAÇÃO DE APOIO A PESQUISA DO DF - FAP          ;764910300 - TRANSFERÊNCIAS VOLU - ENCAMINHADO PARA DECISÃO DO ORDENADOR DE DESPESA;015396                                  ;-9500
;015201 - FUNDACAO DE APOIO A PESQUISA DO DF                ;="150201";150201 - FUNDAÇÃO DE APOIO A PESQUISA DO DF - FAP          ;764910300 - TRANSFERÊNCIAS VOLU - ENCAMINHADO PARA DECISÃO DO ORDENADOR DE DESPESA;015397                                  ;-2999,97
;015201 - FUNDACAO DE APOIO A PESQUISA DO DF                ;="150201";150201 - FUNDAÇÃO DE APOIO A PESQUISA DO DF - FAP          ;764910300 - TRANSFERÊNCIAS VOLU - ENCAMINHADO PARA DECISÃO DO ORDENADOR DE DESPESA;015398                                  ;-2350
;015201 - FUNDACAO DE APOIO A PESQUISA DO DF                ;="150201";150201 - FUNDAÇÃO DE APOIO A PESQUISA DO DF - FAP          ;764910300 - TRANSFERÊNCIAS VOLU - ENCAMINHADO PARA DECISÃO DO ORDENADOR DE DESPESA;015406                                  ;-2900
;015201 - FUNDACAO DE APOIO A PESQUISA DO DF                ;="150201";150201 - FUNDAÇÃO DE APOIO A PESQUISA DO DF - FAP          ;764910300 - TRANSFERÊNCIAS VOLU - ENCAMINHADO PARA DECISÃO DO ORDENADOR DE DESPESA;015407                                  ;-10000
;015201 - FUNDACAO DE APOIO A PESQUISA DO DF                ;="150201";150201 - FUNDAÇÃO DE APOIO A PESQUISA DO DF - FAP          ;764910300 - TRANSFERÊNCIAS VOLU - ENCAMINHADO PARA DECISÃO DO ORDENADOR DE DESPESA;015408                                  ;-2800
;015201 - FUNDACAO DE APOIO A PESQUISA DO DF                ;="150201";150201 - FUNDAÇÃO DE APOIO A PESQUISA DO DF - FAP          ;764910300 - TRANSFERÊNCIAS VOLU - ENCAMINHADO PARA DECISÃO DO ORDENADOR DE DESPESA;015409                                  ;-10000
;015201 - FUNDACAO DE APOIO A PESQUISA DO DF                ;="150201";150201 - FUNDAÇÃO DE APOIO A PESQUISA DO DF - FAP          ;764910300 - TRANSFERÊNCIAS VOLU - ENCAMINHADO PARA DECISÃO DO ORDENADOR DE DESPESA;015410                                  ;-8850
;015201 - FUNDACAO DE APOIO A PESQUISA DO DF                ;="150201";150201 - FUNDAÇÃO DE APOIO A PESQUISA DO DF - FAP          ;764910300 - TRANSFERÊNCIAS VOLU - ENCAMINHADO PARA DECISÃO DO ORDENADOR DE DESPESA;015411                                  ;-9200
;015201 - FUNDACAO DE APOIO A PESQUISA DO DF                ;="150201";150201 - FUNDAÇÃO DE APOIO A PESQUISA DO DF - FAP          ;764910300 - TRANSFERÊNCIAS VOLU - ENCAMINHADO PARA DECISÃO DO ORDENADOR DE DESPESA;015413                                  ;-5675,9
;015201 - FUNDACAO DE APOIO A PESQUISA DO DF                ;="150201";150201 - FUNDAÇÃO DE APOIO A PESQUISA DO DF - FAP          ;764910300 - TRANSFERÊNCIAS VOLU - ENCAMINHADO PARA DECISÃO DO ORDENADOR DE DESPESA;015414                                  ;-7470
;015201 - FUNDACAO DE APOIO A PESQUISA DO DF                ;="150201";150201 - FUNDAÇÃO DE APOIO A PESQUISA DO DF - FAP          ;764910300 - TRANSFERÊNCIAS VOLU - ENCAMINHADO PARA DECISÃO DO ORDENADOR DE DESPESA;015415                                  ;-9798,24
;015201 - FUNDACAO DE APOIO A PESQUISA DO DF                ;="150201";150201 - FUNDAÇÃO DE APOIO A PESQUISA DO DF - FAP          ;764910300 - TRANSFERÊNCIAS VOLU - ENCAMINHADO PARA DECISÃO DO ORDENADOR DE DESPESA;015416                                  ;-10000
;015201 - FUNDACAO DE APOIO A PESQUISA DO DF                ;="150201";150201 - FUNDAÇÃO DE APOIO A PESQUISA DO DF - FAP          ;764910300 - TRANSFERÊNCIAS VOLU - ENCAMINHADO PARA DECISÃO DO ORDENADOR DE DESPESA;015418                                  ;-6399
;015201 - FUNDACAO DE APOIO A PESQUISA DO DF                ;="150201";150201 - FUNDAÇÃO DE APOIO A PESQUISA DO DF - FAP          ;764910300 - TRANSFERÊNCIAS VOLU - ENCAMINHADO PARA DECISÃO DO ORDENADOR DE DESPESA;015445                                  ;-3000
;015201 - FUNDACAO DE APOIO A PESQUISA DO DF                ;="150201";150201 - FUNDAÇÃO DE APOIO A PESQUISA DO DF - FAP          ;764910300 - TRANSFERÊNCIAS VOLU - ENCAMINHADO PARA DECISÃO DO ORDENADOR DE DESPESA;015446                                  ;-9990
;015201 - FUNDACAO DE APOIO A PESQUISA DO DF                ;="150201";150201 - FUNDAÇÃO DE APOIO A PESQUISA DO DF - FAP          ;764910300 - TRANSFERÊNCIAS VOLU - ENCAMINHADO PARA DECISÃO DO ORDENADOR DE DESPESA;015447                                  ;-9927
;015201 - FUNDACAO DE APOIO A PESQUISA DO DF                ;="150201";150201 - FUNDAÇÃO DE APOIO A PESQUISA DO DF - FAP          ;764910300 - TRANSFERÊNCIAS VOLU - ENCAMINHADO PARA DECISÃO DO ORDENADOR DE DESPESA;015449                                  ;-9991,6
;015201 - FUNDACAO DE APOIO A PESQUISA DO DF                ;="150201";150201 - FUNDAÇÃO DE APOIO A PESQUISA DO DF - FAP          ;764910300 - TRANSFERÊNCIAS VOLU - ENCAMINHADO PARA DECISÃO DO ORDENADOR DE DESPESA;015469                                  ;-10000
;015201 - FUNDACAO DE APOIO A PESQUISA DO DF                ;="150201";150201 - FUNDAÇÃO DE APOIO A PESQUISA DO DF - FAP          ;764910300 - TRANSFERÊNCIAS VOLU - ENCAMINHADO PARA DECISÃO DO ORDENADOR DE DESPESA;015470                                  ;-10000
;015201 - FUNDACAO DE APOIO A PESQUISA DO DF                ;="150201";150201 - FUNDAÇÃO DE APOIO A PESQUISA DO DF - FAP          ;764910300 - TRANSFERÊNCIAS VOLU - ENCAMINHADO PARA DECISÃO DO ORDENADOR DE DESPESA;015497                                  ;-3000
;015201 - FUNDACAO DE APOIO A PESQUISA DO DF                ;="150201";150201 - FUNDAÇÃO DE APOIO A PESQUISA DO DF - FAP          ;764910300 - TRANSFERÊNCIAS VOLU - ENCAMINHADO PARA DECISÃO DO ORDENADOR DE DESPESA;015498                                  ;-2000
;015201 - FUNDACAO DE APOIO A PESQUISA DO DF                ;="150201";150201 - FUNDAÇÃO DE APOIO A PESQUISA DO DF - FAP          ;764910300 - TRANSFERÊNCIAS VOLU - ENCAMINHADO PARA DECISÃO DO ORDENADOR DE DESPESA;015500                                  ;-3000
;015201 - FUNDACAO DE APOIO A PESQUISA DO DF                ;="150201";150201 - FUNDAÇÃO DE APOIO A PESQUISA DO DF - FAP          ;764910300 - TRANSFERÊNCIAS VOLU - ENCAMINHADO PARA DECISÃO DO ORDENADOR DE DESPESA;015501                                  ;-2646
;015201 - FUNDACAO DE APOIO A PESQUISA DO DF                ;="150201";150201 - FUNDAÇÃO DE APOIO A PESQUISA DO DF - FAP          ;764910300 - TRANSFERÊNCIAS VOLU - ENCAMINHADO PARA DECISÃO DO ORDENADOR DE DESPESA;015502                                  ;-2850
;015201 - FUNDACAO DE APOIO A PESQUISA DO DF                ;="150201";150201 - FUNDAÇÃO DE APOIO A PESQUISA DO DF - FAP          ;764910300 - TRANSFERÊNCIAS VOLU - ENCAMINHADO PARA DECISÃO DO ORDENADOR DE DESPESA;015503                                  ;-9200
;015201 - FUNDACAO DE APOIO A PESQUISA DO DF                ;="150201";150201 - FUNDAÇÃO DE APOIO A PESQUISA DO DF - FAP          ;764910300 - TRANSFERÊNCIAS VOLU - ENCAMINHADO PARA DECISÃO DO ORDENADOR DE DESPESA;015504                                  ;-10000
;015201 - FUNDACAO DE APOIO A PESQUISA DO DF                ;="150201";150201 - FUNDAÇÃO DE APOIO A PESQUISA DO DF - FAP          ;764910300 - TRANSFERÊNCIAS VOLU - ENCAMINHADO PARA DECISÃO DO ORDENADOR DE DESPESA;015514                                  ;-83680
;015201 - FUNDACAO DE APOIO A PESQUISA DO DF                ;="150201";150201 - FUNDAÇÃO DE APOIO A PESQUISA DO DF - FAP          ;764910300 - TRANSFERÊNCIAS VOLU - ENCAMINHADO PARA DECISÃO DO ORDENADOR DE DESPESA;015515                                  ;-2100
;015201 - FUNDACAO DE APOIO A PESQUISA DO DF                ;="150201";150201 - FUNDAÇÃO DE APOIO A PESQUISA DO DF - FAP          ;764910300 - TRANSFERÊNCIAS VOLU - ENCAMINHADO PARA DECISÃO DO ORDENADOR DE DESPESA;015516                                  ;-1160
;015201 - FUNDACAO DE APOIO A PESQUISA DO DF                ;="150201";150201 - FUNDAÇÃO DE APOIO A PESQUISA DO DF - FAP          ;764910300 - TRANSFERÊNCIAS VOLU - ENCAMINHADO PARA DECISÃO DO ORDENADOR DE DESPESA;015517                                  ;-10000
;015201 - FUNDACAO DE APOIO A PESQUISA DO DF                ;="150201";150201 - FUNDAÇÃO DE APOIO A PESQUISA DO DF - FAP          ;764910300 - TRANSFERÊNCIAS VOLU - ENCAMINHADO PARA DECISÃO DO ORDENADOR DE DESPESA;015518                                  ;-2000
;015201 - FUNDACAO DE APOIO A PESQUISA DO DF                ;="150201";150201 - FUNDAÇÃO DE APOIO A PESQUISA DO DF - FAP          ;764910300 - TRANSFERÊNCIAS VOLU - ENCAMINHADO PARA DECISÃO DO ORDENADOR DE DESPESA;015520                                  ;-10000
;015201 - FUNDACAO DE APOIO A PESQUISA DO DF                ;="150201";150201 - FUNDAÇÃO DE APOIO A PESQUISA DO DF - FAP          ;764910300 - TRANSFERÊNCIAS VOLU - ENCAMINHADO PARA DECISÃO DO ORDENADOR DE DESPESA;015521                                  ;-1950
;015201 - FUNDACAO DE APOIO A PESQUISA DO DF                ;="150201";150201 - FUNDAÇÃO DE APOIO A PESQUISA DO DF - FAP          ;764910300 - TRANSFERÊNCIAS VOLU - ENCAMINHADO PARA DECISÃO DO ORDENADOR DE DESPESA;015522                                  ;-10000
;015201 - FUNDACAO DE APOIO A PESQUISA DO DF                ;="150201";150201 - FUNDAÇÃO DE APOIO A PESQUISA DO DF - FAP          ;764910300 - TRANSFERÊNCIAS VOLU - ENCAMINHADO PARA DECISÃO DO ORDENADOR DE DESPESA;015540                                  ;-28687,75
;015201 - FUNDACAO DE APOIO A PESQUISA DO DF                ;="150201";150201 - FUNDAÇÃO DE APOIO A PESQUISA DO DF - FAP          ;764910300 - TRANSFERÊNCIAS VOLU - ENCAMINHADO PARA DECISÃO DO ORDENADOR DE DESPESA;015541                                  ;-9300
;015201 - FUNDACAO DE APOIO A PESQUISA DO DF                ;="150201";150201 - FUNDAÇÃO DE APOIO A PESQUISA DO DF - FAP          ;764910300 - TRANSFERÊNCIAS VOLU - ENCAMINHADO PARA DECISÃO DO ORDENADOR DE DESPESA;015542                                  ;-10000
;015201 - FUNDACAO DE APOIO A PESQUISA DO DF                ;="150201";150201 - FUNDAÇÃO DE APOIO A PESQUISA DO DF - FAP          ;764910300 - TRANSFERÊNCIAS VOLU - ENCAMINHADO PARA DECISÃO DO ORDENADOR DE DESPESA;015544                                  ;-3000
;015201 - FUNDACAO DE APOIO A PESQUISA DO DF                ;="150201";150201 - FUNDAÇÃO DE APOIO A PESQUISA DO DF - FAP          ;764910300 - TRANSFERÊNCIAS VOLU - ENCAMINHADO PARA DECISÃO DO ORDENADOR DE DESPESA;015545                                  ;-10000
;015201 - FUNDACAO DE APOIO A PESQUISA DO DF                ;="150201";150201 - FUNDAÇÃO DE APOIO A PESQUISA DO DF - FAP          ;764910300 - TRANSFERÊNCIAS VOLU - ENCAMINHADO PARA DECISÃO DO ORDENADOR DE DESPESA;015546                                  ;-10000
;015201 - FUNDACAO DE APOIO A PESQUISA DO DF                ;="150201";150201 - FUNDAÇÃO DE APOIO A PESQUISA DO DF - FAP          ;764910300 - TRANSFERÊNCIAS VOLU - ENCAMINHADO PARA DECISÃO DO ORDENADOR DE DESPESA;015547                                  ;-9346,49
;015201 - FUNDACAO DE APOIO A PESQUISA DO DF                ;="150201";150201 - FUNDAÇÃO DE APOIO A PESQUISA DO DF - FAP          ;764910300 - TRANSFERÊNCIAS VOLU - ENCAMINHADO PARA DECISÃO DO ORDENADOR DE DESPESA;015548                                  ;-2300
;015201 - FUNDACAO DE APOIO A PESQUISA DO DF                ;="150201";150201 - FUNDAÇÃO DE APOIO A PESQUISA DO DF - FAP          ;764910300 - TRANSFERÊNCIAS VOLU - ENCAMINHADO PARA DECISÃO DO ORDENADOR DE DESPESA;015549                                  ;-10000
;015201 - FUNDACAO DE APOIO A PESQUISA DO DF                ;="150201";150201 - FUNDAÇÃO DE APOIO A PESQUISA DO DF - FAP          ;764910300 - TRANSFERÊNCIAS VOLU - ENCAMINHADO PARA DECISÃO DO ORDENADOR DE DESPESA;015550                                  ;-10000
;015201 - FUNDACAO DE APOIO A PESQUISA DO DF                ;="150201";150201 - FUNDAÇÃO DE APOIO A PESQUISA DO DF - FAP          ;764910300 - TRANSFERÊNCIAS VOLU - ENCAMINHADO PARA DECISÃO DO ORDENADOR DE DESPESA;015551                                  ;-3000
;015201 - FUNDACAO DE APOIO A PESQUISA DO DF                ;="150201";150201 - FUNDAÇÃO DE APOIO A PESQUISA DO DF - FAP          ;764910300 - TRANSFERÊNCIAS VOLU - ENCAMINHADO PARA DECISÃO DO ORDENADOR DE DESPESA;015553                                  ;-2409
;015201 - FUNDACAO DE APOIO A PESQUISA DO DF                ;="150201";150201 - FUNDAÇÃO DE APOIO A PESQUISA DO DF - FAP          ;764910300 - TRANSFERÊNCIAS VOLU - ENCAMINHADO PARA DECISÃO DO ORDENADOR DE DESPESA;015554                                  ;-29399,14
;015201 - FUNDACAO DE APOIO A PESQUISA DO DF                ;="150201";150201 - FUNDAÇÃO DE APOIO A PESQUISA DO DF - FAP          ;764910300 - TRANSFERÊNCIAS VOLU - ENCAMINHADO PARA DECISÃO DO ORDENADOR DE DESPESA;015556                                  ;-30000
;015201 - FUNDACAO DE APOIO A PESQUISA DO DF                ;="150201";150201 - FUNDAÇÃO DE APOIO A PESQUISA DO DF - FAP          ;764910300 - TRANSFERÊNCIAS VOLU - ENCAMINHADO PARA DECISÃO DO ORDENADOR DE DESPESA;015559                                  ;-9109,2
;015201 - FUNDACAO DE APOIO A PESQUISA DO DF                ;="150201";150201 - FUNDAÇÃO DE APOIO A PESQUISA DO DF - FAP          ;764910300 - TRANSFERÊNCIAS VOLU - ENCAMINHADO PARA DECISÃO DO ORDENADOR DE DESPESA;015560                                  ;-10000
;015201 - FUNDACAO DE APOIO A PESQUISA DO DF                ;="150201";150201 - FUNDAÇÃO DE APOIO A PESQUISA DO DF - FAP          ;764910300 - TRANSFERÊNCIAS VOLU - ENCAMINHADO PARA DECISÃO DO ORDENADOR DE DESPESA;015561                                  ;-10000
;015201 - FUNDACAO DE APOIO A PESQUISA DO DF                ;="150201";150201 - FUNDAÇÃO DE APOIO A PESQUISA DO DF - FAP          ;764910300 - TRANSFERÊNCIAS VOLU - ENCAMINHADO PARA DECISÃO DO ORDENADOR DE DESPESA;015562                                  ;-2000
;015201 - FUNDACAO DE APOIO A PESQUISA DO DF                ;="150201";150201 - FUNDAÇÃO DE APOIO A PESQUISA DO DF - FAP          ;764910300 - TRANSFERÊNCIAS VOLU - ENCAMINHADO PARA DECISÃO DO ORDENADOR DE DESPESA;015564                                  ;-9633,7
;015201 - FUNDACAO DE APOIO A PESQUISA DO DF                ;="150201";150201 - FUNDAÇÃO DE APOIO A PESQUISA DO DF - FAP          ;764910300 - TRANSFERÊNCIAS VOLU - ENCAMINHADO PARA DECISÃO DO ORDENADOR DE DESPESA;015565                                  ;-9310,26
;015201 - FUNDACAO DE APOIO A PESQUISA DO DF                ;="150201";150201 - FUNDAÇÃO DE APOIO A PESQUISA DO DF - FAP          ;764910300 - TRANSFERÊNCIAS VOLU - ENCAMINHADO PARA DECISÃO DO ORDENADOR DE DESPESA;015566                                  ;-9892,5
;015201 - FUNDACAO DE APOIO A PESQUISA DO DF                ;="150201";150201 - FUNDAÇÃO DE APOIO A PESQUISA DO DF - FAP          ;764910300 - TRANSFERÊNCIAS VOLU - ENCAMINHADO PARA DECISÃO DO ORDENADOR DE DESPESA;015568                                  ;-2200
;015201 - FUNDACAO DE APOIO A PESQUISA DO DF                ;="150201";150201 - FUNDAÇÃO DE APOIO A PESQUISA DO DF - FAP          ;764910300 - TRANSFERÊNCIAS VOLU - ENCAMINHADO PARA DECISÃO DO ORDENADOR DE DESPESA;015569                                  ;-10000
;015201 - FUNDACAO DE APOIO A PESQUISA DO DF                ;="150201";150201 - FUNDAÇÃO DE APOIO A PESQUISA DO DF - FAP          ;764910300 - TRANSFERÊNCIAS VOLU - ENCAMINHADO PARA DECISÃO DO ORDENADOR DE DESPESA;015570                                  ;-8850
;015201 - FUNDACAO DE APOIO A PESQUISA DO DF                ;="150201";150201 - FUNDAÇÃO DE APOIO A PESQUISA DO DF - FAP          ;764910300 - TRANSFERÊNCIAS VOLU - ENCAMINHADO PARA DECISÃO DO ORDENADOR DE DESPESA;015571                                  ;-10000
;015201 - FUNDACAO DE APOIO A PESQUISA DO DF                ;="150201";150201 - FUNDAÇÃO DE APOIO A PESQUISA DO DF - FAP          ;764910300 - TRANSFERÊNCIAS VOLU - ENCAMINHADO PARA DECISÃO DO ORDENADOR DE DESPESA;015572                                  ;-10000
;015201 - FUNDACAO DE APOIO A PESQUISA DO DF                ;="150201";150201 - FUNDAÇÃO DE APOIO A PESQUISA DO DF - FAP          ;764910300 - TRANSFERÊNCIAS VOLU - ENCAMINHADO PARA DECISÃO DO ORDENADOR DE DESPESA;015574                                  ;-9500
;015201 - FUNDACAO DE APOIO A PESQUISA DO DF                ;="150201";150201 - FUNDAÇÃO DE APOIO A PESQUISA DO DF - FAP          ;764910300 - TRANSFERÊNCIAS VOLU - ENCAMINHADO PARA DECISÃO DO ORDENADOR DE DESPESA;015576                                  ;-8325,2
;015201 - FUNDACAO DE APOIO A PESQUISA DO DF                ;="150201";150201 - FUNDAÇÃO DE APOIO A PESQUISA DO DF - FAP          ;764910300 - TRANSFERÊNCIAS VOLU - ENCAMINHADO PARA DECISÃO DO ORDENADOR DE DESPESA;015577                                  ;-6915,98
;015201 - FUNDACAO DE APOIO A PESQUISA DO DF                ;="150201";150201 - FUNDAÇÃO DE APOIO A PESQUISA DO DF - FAP          ;764910300 - TRANSFERÊNCIAS VOLU - ENCAMINHADO PARA DECISÃO DO ORDENADOR DE DESPESA;015578                                  ;-10000
;015201 - FUNDACAO DE APOIO A PESQUISA DO DF                ;="150201";150201 - FUNDAÇÃO DE APOIO A PESQUISA DO DF - FAP          ;764910300 - TRANSFERÊNCIAS VOLU - ENCAMINHADO PARA DECISÃO DO ORDENADOR DE DESPESA;015581                                  ;-9872,1
;015201 - FUNDACAO DE APOIO A PESQUISA DO DF                ;="150201";150201 - FUNDAÇÃO DE APOIO A PESQUISA DO DF - FAP          ;764910300 - TRANSFERÊNCIAS VOLU - ENCAMINHADO PARA DECISÃO DO ORDENADOR DE DESPESA;015582                                  ;-9193
;015201 - FUNDACAO DE APOIO A PESQUISA DO DF                ;="150201";150201 - FUNDAÇÃO DE APOIO A PESQUISA DO DF - FAP          ;764910300 - TRANSFERÊNCIAS VOLU - ENCAMINHADO PARA DECISÃO DO ORDENADOR DE DESPESA;015583                                  ;-10000
;015201 - FUNDACAO DE APOIO A PESQUISA DO DF                ;="150201";150201 - FUNDAÇÃO DE APOIO A PESQUISA DO DF - FAP          ;764910300 - TRANSFERÊNCIAS VOLU - ENCAMINHADO PARA DECISÃO DO ORDENADOR DE DESPESA;015584                                  ;-9193
;015201 - FUNDACAO DE APOIO A PESQUISA DO DF                ;="150201";150201 - FUNDAÇÃO DE APOIO A PESQUISA DO DF - FAP          ;764910300 - TRANSFERÊNCIAS VOLU - ENCAMINHADO PARA DECISÃO DO ORDENADOR DE DESPESA;015586                                  ;-9455
;015201 - FUNDACAO DE APOIO A PESQUISA DO DF                ;="150201";150201 - FUNDAÇÃO DE APOIO A PESQUISA DO DF - FAP          ;764910300 - TRANSFERÊNCIAS VOLU - ENCAMINHADO PARA DECISÃO DO ORDENADOR DE DESPESA;015587                                  ;-10000
;015201 - FUNDACAO DE APOIO A PESQUISA DO DF                ;="150201";150201 - FUNDAÇÃO DE APOIO A PESQUISA DO DF - FAP          ;764910300 - TRANSFERÊNCIAS VOLU - ENCAMINHADO PARA DECISÃO DO ORDENADOR DE DESPESA;015589                                  ;-9186,23
;015201 - FUNDACAO DE APOIO A PESQUISA DO DF                ;="150201";150201 - FUNDAÇÃO DE APOIO A PESQUISA DO DF - FAP          ;764910300 - TRANSFERÊNCIAS VOLU - ENCAMINHADO PARA DECISÃO DO ORDENADOR DE DESPESA;015593                                  ;-10000
;015201 - FUNDACAO DE APOIO A PESQUISA DO DF                ;="150201";150201 - FUNDAÇÃO DE APOIO A PESQUISA DO DF - FAP          ;764910300 - TRANSFERÊNCIAS VOLU - ENCAMINHADO PARA DECISÃO DO ORDENADOR DE DESPESA;015594                                  ;-9950
;015201 - FUNDACAO DE APOIO A PESQUISA DO DF                ;="150201";150201 - FUNDAÇÃO DE APOIO A PESQUISA DO DF - FAP          ;764910300 - TRANSFERÊNCIAS VOLU - ENCAMINHADO PARA DECISÃO DO ORDENADOR DE DESPESA;015595                                  ;-8999,65
;015201 - FUNDACAO DE APOIO A PESQUISA DO DF                ;="150201";150201 - FUNDAÇÃO DE APOIO A PESQUISA DO DF - FAP          ;764910300 - TRANSFERÊNCIAS VOLU - ENCAMINHADO PARA DECISÃO DO ORDENADOR DE DESPESA;015596                                  ;-10000
;015201 - FUNDACAO DE APOIO A PESQUISA DO DF                ;="150201";150201 - FUNDAÇÃO DE APOIO A PESQUISA DO DF - FAP          ;764910300 - TRANSFERÊNCIAS VOLU - ENCAMINHADO PARA DECISÃO DO ORDENADOR DE DESPESA;015597                                  ;-10000
;015201 - FUNDACAO DE APOIO A PESQUISA DO DF                ;="150201";150201 - FUNDAÇÃO DE APOIO A PESQUISA DO DF - FAP          ;764910300 - TRANSFERÊNCIAS VOLU - ENCAMINHADO PARA DECISÃO DO ORDENADOR DE DESPESA;015598                                  ;-10000
;015201 - FUNDACAO DE APOIO A PESQUISA DO DF                ;="150201";150201 - FUNDAÇÃO DE APOIO A PESQUISA DO DF - FAP          ;764910300 - TRANSFERÊNCIAS VOLU - ENCAMINHADO PARA DECISÃO DO ORDENADOR DE DESPESA;015600                                  ;-9997,51
;015201 - FUNDACAO DE APOIO A PESQUISA DO DF                ;="150201";150201 - FUNDAÇÃO DE APOIO A PESQUISA DO DF - FAP          ;764910300 - TRANSFERÊNCIAS VOLU - ENCAMINHADO PARA DECISÃO DO ORDENADOR DE DESPESA;015602                                  ;-10000
;015201 - FUNDACAO DE APOIO A PESQUISA DO DF                ;="150201";150201 - FUNDAÇÃO DE APOIO A PESQUISA DO DF - FAP          ;764910300 - TRANSFERÊNCIAS VOLU - ENCAMINHADO PARA DECISÃO DO ORDENADOR DE DESPESA;015603                                  ;-9790
;015201 - FUNDACAO DE APOIO A PESQUISA DO DF                ;="150201";150201 - FUNDAÇÃO DE APOIO A PESQUISA DO DF - FAP          ;764910300 - TRANSFERÊNCIAS VOLU - ENCAMINHADO PARA DECISÃO DO ORDENADOR DE DESPESA;015604                                  ;-9979,8
;015201 - FUNDACAO DE APOIO A PESQUISA DO DF                ;="150201";150201 - FUNDAÇÃO DE APOIO A PESQUISA DO DF - FAP          ;764910300 - TRANSFERÊNCIAS VOLU - ENCAMINHADO PARA DECISÃO DO ORDENADOR DE DESPESA;015609                                  ;-1900
;015201 - FUNDACAO DE APOIO A PESQUISA DO DF                ;="150201";150201 - FUNDAÇÃO DE APOIO A PESQUISA DO DF - FAP          ;764910300 - TRANSFERÊNCIAS VOLU - ENCAMINHADO PARA DECISÃO DO ORDENADOR DE DESPESA;015610                                  ;-9868,05
;015201 - FUNDACAO DE APOIO A PESQUISA DO DF                ;="150201";150201 - FUNDAÇÃO DE APOIO A PESQUISA DO DF - FAP          ;764910300 - TRANSFERÊNCIAS VOLU - ENCAMINHADO PARA DECISÃO DO ORDENADOR DE DESPESA;015612                                  ;-10000
;015201 - FUNDACAO DE APOIO A PESQUISA DO DF                ;="150201";150201 - FUNDAÇÃO DE APOIO A PESQUISA DO DF - FAP          ;764910300 - TRANSFERÊNCIAS VOLU - ENCAMINHADO PARA DECISÃO DO ORDENADOR DE DESPESA;015613                                  ;-9990
;015201 - FUNDACAO DE APOIO A PESQUISA DO DF                ;="150201";150201 - FUNDAÇÃO DE APOIO A PESQUISA DO DF - FAP          ;764910300 - TRANSFERÊNCIAS VOLU - ENCAMINHADO PARA DECISÃO DO ORDENADOR DE DESPESA;015615                                  ;-9960
;015201 - FUNDACAO DE APOIO A PESQUISA DO DF                ;="150201";150201 - FUNDAÇÃO DE APOIO A PESQUISA DO DF - FAP          ;764910300 - TRANSFERÊNCIAS VOLU - ENCAMINHADO PARA DECISÃO DO ORDENADOR DE DESPESA;015628                                  ;-10000
;015201 - FUNDACAO DE APOIO A PESQUISA DO DF                ;="150201";150201 - FUNDAÇÃO DE APOIO A PESQUISA DO DF - FAP          ;764910300 - TRANSFERÊNCIAS VOLU - ENCAMINHADO PARA DECISÃO DO ORDENADOR DE DESPESA;015629                                  ;-10000
;015201 - FUNDACAO DE APOIO A PESQUISA DO DF                ;="150201";150201 - FUNDAÇÃO DE APOIO A PESQUISA DO DF - FAP          ;764910300 - TRANSFERÊNCIAS VOLU - ENCAMINHADO PARA DECISÃO DO ORDENADOR DE DESPESA;015635                                  ;-9989,2
;015201 - FUNDACAO DE APOIO A PESQUISA DO DF                ;="150201";150201 - FUNDAÇÃO DE APOIO A PESQUISA DO DF - FAP          ;764910300 - TRANSFERÊNCIAS VOLU - ENCAMINHADO PARA DECISÃO DO ORDENADOR DE DESPESA;015636                                  ;-10000
;015201 - FUNDACAO DE APOIO A PESQUISA DO DF                ;="150201";150201 - FUNDAÇÃO DE APOIO A PESQUISA DO DF - FAP          ;764910300 - TRANSFERÊNCIAS VOLU - ENCAMINHADO PARA DECISÃO DO ORDENADOR DE DESPESA;015638                                  ;-7910
;015201 - FUNDACAO DE APOIO A PESQUISA DO DF                ;="150201";150201 - FUNDAÇÃO DE APOIO A PESQUISA DO DF - FAP          ;764910300 - TRANSFERÊNCIAS VOLU - ENCAMINHADO PARA DECISÃO DO ORDENADOR DE DESPESA;015640                                  ;-9837
;015201 - FUNDACAO DE APOIO A PESQUISA DO DF                ;="150201";150201 - FUNDAÇÃO DE APOIO A PESQUISA DO DF - FAP          ;764910300 - TRANSFERÊNCIAS VOLU - ENCAMINHADO PARA DECISÃO DO ORDENADOR DE DESPESA;015641                                  ;-9997,4
;015201 - FUNDACAO DE APOIO A PESQUISA DO DF                ;="150201";150201 - FUNDAÇÃO DE APOIO A PESQUISA DO DF - FAP          ;764910300 - TRANSFERÊNCIAS VOLU - ENCAMINHADO PARA DECISÃO DO ORDENADOR DE DESPESA;015643                                  ;-1400
;015201 - FUNDACAO DE APOIO A PESQUISA DO DF                ;="150201";150201 - FUNDAÇÃO DE APOIO A PESQUISA DO DF - FAP          ;764910300 - TRANSFERÊNCIAS VOLU - ENCAMINHADO PARA DECISÃO DO ORDENADOR DE DESPESA;015644                                  ;-10000
;015201 - FUNDACAO DE APOIO A PESQUISA DO DF                ;="150201";150201 - FUNDAÇÃO DE APOIO A PESQUISA DO DF - FAP          ;764910300 - TRANSFERÊNCIAS VOLU - ENCAMINHADO PARA DECISÃO DO ORDENADOR DE DESPESA;015645                                  ;-7440
;015201 - FUNDACAO DE APOIO A PESQUISA DO DF                ;="150201";150201 - FUNDAÇÃO DE APOIO A PESQUISA DO DF - FAP          ;764910300 - TRANSFERÊNCIAS VOLU - ENCAMINHADO PARA DECISÃO DO ORDENADOR DE DESPESA;015646                                  ;-10000
;015201 - FUNDACAO DE APOIO A PESQUISA DO DF                ;="150201";150201 - FUNDAÇÃO DE APOIO A PESQUISA DO DF - FAP          ;764910300 - TRANSFERÊNCIAS VOLU - ENCAMINHADO PARA DECISÃO DO ORDENADOR DE DESPESA;015647                                  ;-10000
;015201 - FUNDACAO DE APOIO A PESQUISA DO DF                ;="150201";150201 - FUNDAÇÃO DE APOIO A PESQUISA DO DF - FAP          ;764910300 - TRANSFERÊNCIAS VOLU - ENCAMINHADO PARA DECISÃO DO ORDENADOR DE DESPESA;015649                                  ;-10000
;015201 - FUNDACAO DE APOIO A PESQUISA DO DF                ;="150201";150201 - FUNDAÇÃO DE APOIO A PESQUISA DO DF - FAP          ;764910300 - TRANSFERÊNCIAS VOLU - ENCAMINHADO PARA DECISÃO DO ORDENADOR DE DESPESA;015650                                  ;-10000
;015201 - FUNDACAO DE APOIO A PESQUISA DO DF                ;="150201";150201 - FUNDAÇÃO DE APOIO A PESQUISA DO DF - FAP          ;764910300 - TRANSFERÊNCIAS VOLU - ENCAMINHADO PARA DECISÃO DO ORDENADOR DE DESPESA;015651                                  ;-2200
;015201 - FUNDACAO DE APOIO A PESQUISA DO DF                ;="150201";150201 - FUNDAÇÃO DE APOIO A PESQUISA DO DF - FAP          ;764910300 - TRANSFERÊNCIAS VOLU - ENCAMINHADO PARA DECISÃO DO ORDENADOR DE DESPESA;015663                                  ;-9970
;015201 - FUNDACAO DE APOIO A PESQUISA DO DF                ;="150201";150201 - FUNDAÇÃO DE APOIO A PESQUISA DO DF - FAP          ;764910300 - TRANSFERÊNCIAS VOLU - ENCAMINHADO PARA DECISÃO DO ORDENADOR DE DESPESA;015664                                  ;-9940
;015201 - FUNDACAO DE APOIO A PESQUISA DO DF                ;="150201";150201 - FUNDAÇÃO DE APOIO A PESQUISA DO DF - FAP          ;764910300 - TRANSFERÊNCIAS VOLU - ENCAMINHADO PARA DECISÃO DO ORDENADOR DE DESPESA;015666                                  ;-9710
;015201 - FUNDACAO DE APOIO A PESQUISA DO DF                ;="150201";150201 - FUNDAÇÃO DE APOIO A PESQUISA DO DF - FAP          ;764910300 - TRANSFERÊNCIAS VOLU - ENCAMINHADO PARA DECISÃO DO ORDENADOR DE DESPESA;015667                                  ;-9376,76
;015201 - FUNDACAO DE APOIO A PESQUISA DO DF                ;="150201";150201 - FUNDAÇÃO DE APOIO A PESQUISA DO DF - FAP          ;764910300 - TRANSFERÊNCIAS VOLU - ENCAMINHADO PARA DECISÃO DO ORDENADOR DE DESPESA;015668                                  ;-8164
;015201 - FUNDACAO DE APOIO A PESQUISA DO DF                ;="150201";150201 - FUNDAÇÃO DE APOIO A PESQUISA DO DF - FAP          ;764910300 - TRANSFERÊNCIAS VOLU - ENCAMINHADO PARA DECISÃO DO ORDENADOR DE DESPESA;015669                                  ;-9474
;015201 - FUNDACAO DE APOIO A PESQUISA DO DF                ;="150201";150201 - FUNDAÇÃO DE APOIO A PESQUISA DO DF - FAP          ;764910300 - TRANSFERÊNCIAS VOLU - ENCAMINHADO PARA DECISÃO DO ORDENADOR DE DESPESA;015670                                  ;-2269,8
;015201 - FUNDACAO DE APOIO A PESQUISA DO DF                ;="150201";150201 - FUNDAÇÃO DE APOIO A PESQUISA DO DF - FAP          ;764910300 - TRANSFERÊNCIAS VOLU - ENCAMINHADO PARA DECISÃO DO ORDENADOR DE DESPESA;015671                                  ;-9376,76
;015201 - FUNDACAO DE APOIO A PESQUISA DO DF                ;="150201";150201 - FUNDAÇÃO DE APOIO A PESQUISA DO DF - FAP          ;764910300 - TRANSFERÊNCIAS VOLU - ENCAMINHADO PARA DECISÃO DO ORDENADOR DE DESPESA;015679                                  ;-9040
;015201 - FUNDACAO DE APOIO A PESQUISA DO DF                ;="150201";150201 - FUNDAÇÃO DE APOIO A PESQUISA DO DF - FAP          ;764910300 - TRANSFERÊNCIAS VOLU - ENCAMINHADO PARA DECISÃO DO ORDENADOR DE DESPESA;015680                                  ;-2730
;015201 - FUNDACAO DE APOIO A PESQUISA DO DF                ;="150201";150201 - FUNDAÇÃO DE APOIO A PESQUISA DO DF - FAP          ;764910300 - TRANSFERÊNCIAS VOLU - ENCAMINHADO PARA DECISÃO DO ORDENADOR DE DESPESA;015681                                  ;-6993
;015201 - FUNDACAO DE APOIO A PESQUISA DO DF                ;="150201";150201 - FUNDAÇÃO DE APOIO A PESQUISA DO DF - FAP          ;764910300 - TRANSFERÊNCIAS VOLU - ENCAMINHADO PARA DECISÃO DO ORDENADOR DE DESPESA;015683                                  ;-2600
;015201 - FUNDACAO DE APOIO A PESQUISA DO DF                ;="150201";150201 - FUNDAÇÃO DE APOIO A PESQUISA DO DF - FAP          ;764910300 - TRANSFERÊNCIAS VOLU - ENCAMINHADO PARA DECISÃO DO ORDENADOR DE DESPESA;015684                                  ;-8833
;015201 - FUNDACAO DE APOIO A PESQUISA DO DF                ;="150201";150201 - FUNDAÇÃO DE APOIO A PESQUISA DO DF - FAP          ;764910300 - TRANSFERÊNCIAS VOLU - ENCAMINHADO PARA DECISÃO DO ORDENADOR DE DESPESA;015685                                  ;-2600
;015201 - FUNDACAO DE APOIO A PESQUISA DO DF                ;="150201";150201 - FUNDAÇÃO DE APOIO A PESQUISA DO DF - FAP          ;764910300 - TRANSFERÊNCIAS VOLU - ENCAMINHADO PARA DECISÃO DO ORDENADOR DE DESPESA;015686                                  ;-8788
;015201 - FUNDACAO DE APOIO A PESQUISA DO DF                ;="150201";150201 - FUNDAÇÃO DE APOIO A PESQUISA DO DF - FAP          ;764910300 - TRANSFERÊNCIAS VOLU - ENCAMINHADO PARA DECISÃO DO ORDENADOR DE DESPESA;015687                                  ;-2600
;015201 - FUNDACAO DE APOIO A PESQUISA DO DF                ;="150201";150201 - FUNDAÇÃO DE APOIO A PESQUISA DO DF - FAP          ;764910300 - TRANSFERÊNCIAS VOLU - ENCAMINHADO PARA DECISÃO DO ORDENADOR DE DESPESA;015688                                  ;-10000
;015201 - FUNDACAO DE APOIO A PESQUISA DO DF                ;="150201";150201 - FUNDAÇÃO DE APOIO A PESQUISA DO DF - FAP          ;764910300 - TRANSFERÊNCIAS VOLU - ENCAMINHADO PARA DECISÃO DO ORDENADOR DE DESPESA;015689                                  ;-5476
;015201 - FUNDACAO DE APOIO A PESQUISA DO DF                ;="150201";150201 - FUNDAÇÃO DE APOIO A PESQUISA DO DF - FAP          ;764910300 - TRANSFERÊNCIAS VOLU - ENCAMINHADO PARA DECISÃO DO ORDENADOR DE DESPESA;015690                                  ;-10000
;015201 - FUNDACAO DE APOIO A PESQUISA DO DF                ;="150201";150201 - FUNDAÇÃO DE APOIO A PESQUISA DO DF - FAP          ;764910300 - TRANSFERÊNCIAS VOLU - ENCAMINHADO PARA DECISÃO DO ORDENADOR DE DESPESA;015691                                  ;-3000
;015201 - FUNDACAO DE APOIO A PESQUISA DO DF                ;="150201";150201 - FUNDAÇÃO DE APOIO A PESQUISA DO DF - FAP          ;764910300 - TRANSFERÊNCIAS VOLU - ENCAMINHADO PARA DECISÃO DO ORDENADOR DE DESPESA;015692                                  ;-10000
;015201 - FUNDACAO DE APOIO A PESQUISA DO DF                ;="150201";150201 - FUNDAÇÃO DE APOIO A PESQUISA DO DF - FAP          ;764910300 - TRANSFERÊNCIAS VOLU - ENCAMINHADO PARA DECISÃO DO ORDENADOR DE DESPESA;015696                                  ;-10000
;015201 - FUNDACAO DE APOIO A PESQUISA DO DF                ;="150201";150201 - FUNDAÇÃO DE APOIO A PESQUISA DO DF - FAP          ;764910300 - TRANSFERÊNCIAS VOLU - ENCAMINHADO PARA DECISÃO DO ORDENADOR DE DESPESA;015697                                  ;-10000
;015201 - FUNDACAO DE APOIO A PESQUISA DO DF                ;="150201";150201 - FUNDAÇÃO DE APOIO A PESQUISA DO DF - FAP          ;764910300 - TRANSFERÊNCIAS VOLU - ENCAMINHADO PARA DECISÃO DO ORDENADOR DE DESPESA;015698                                  ;-9986,8
;015201 - FUNDACAO DE APOIO A PESQUISA DO DF                ;="150201";150201 - FUNDAÇÃO DE APOIO A PESQUISA DO DF - FAP          ;764910300 - TRANSFERÊNCIAS VOLU - ENCAMINHADO PARA DECISÃO DO ORDENADOR DE DESPESA;015700                                  ;-10000
;015201 - FUNDACAO DE APOIO A PESQUISA DO DF                ;="150201";150201 - FUNDAÇÃO DE APOIO A PESQUISA DO DF - FAP          ;764910300 - TRANSFERÊNCIAS VOLU - ENCAMINHADO PARA DECISÃO DO ORDENADOR DE DESPESA;015710                                  ;-6840
;015201 - FUNDACAO DE APOIO A PESQUISA DO DF                ;="150201";150201 - FUNDAÇÃO DE APOIO A PESQUISA DO DF - FAP          ;764910300 - TRANSFERÊNCIAS VOLU - ENCAMINHADO PARA DECISÃO DO ORDENADOR DE DESPESA;015711                                  ;-9680
;015201 - FUNDACAO DE APOIO A PESQUISA DO DF                ;="150201";150201 - FUNDAÇÃO DE APOIO A PESQUISA DO DF - FAP          ;764910300 - TRANSFERÊNCIAS VOLU - ENCAMINHADO PARA DECISÃO DO ORDENADOR DE DESPESA;015712                                  ;-7521
;015201 - FUNDACAO DE APOIO A PESQUISA DO DF                ;="150201";150201 - FUNDAÇÃO DE APOIO A PESQUISA DO DF - FAP          ;764910300 - TRANSFERÊNCIAS VOLU - ENCAMINHADO PARA DECISÃO DO ORDENADOR DE DESPESA;015714                                  ;-9999,9
;015201 - FUNDACAO DE APOIO A PESQUISA DO DF                ;="150201";150201 - FUNDAÇÃO DE APOIO A PESQUISA DO DF - FAP          ;764910300 - TRANSFERÊNCIAS VOLU - ENCAMINHADO PARA DECISÃO DO ORDENADOR DE DESPESA;015715                                  ;-10000
;015201 - FUNDACAO DE APOIO A PESQUISA DO DF                ;="150201";150201 - FUNDAÇÃO DE APOIO A PESQUISA DO DF - FAP          ;764910300 - TRANSFERÊNCIAS VOLU - ENCAMINHADO PARA DECISÃO DO ORDENADOR DE DESPESA;015775                                  ;-4150,5
;015201 - FUNDACAO DE APOIO A PESQUISA DO DF                ;="150201";150201 - FUNDAÇÃO DE APOIO A PESQUISA DO DF - FAP          ;764910300 - TRANSFERÊNCIAS VOLU - ENCAMINHADO PARA DECISÃO DO ORDENADOR DE DESPESA;015794                                  ;-7523,84
;015201 - FUNDACAO DE APOIO A PESQUISA DO DF                ;="150201";150201 - FUNDAÇÃO DE APOIO A PESQUISA DO DF - FAP          ;764910300 - TRANSFERÊNCIAS VOLU - ENCAMINHADO PARA DECISÃO DO ORDENADOR DE DESPESA;015801                                  ;-5724,8
;015201 - FUNDACAO DE APOIO A PESQUISA DO DF                ;="150201";150201 - FUNDAÇÃO DE APOIO A PESQUISA DO DF - FAP          ;764910300 - TRANSFERÊNCIAS VOLU - ENCAMINHADO PARA DECISÃO DO ORDENADOR DE DESPESA;015802                                  ;-10000
;015201 - FUNDACAO DE APOIO A PESQUISA DO DF                ;="150201";150201 - FUNDAÇÃO DE APOIO A PESQUISA DO DF - FAP          ;764910300 - TRANSFERÊNCIAS VOLU - ENCAMINHADO PARA DECISÃO DO ORDENADOR DE DESPESA;015803                                  ;-7573
;015201 - FUNDACAO DE APOIO A PESQUISA DO DF                ;="150201";150201 - FUNDAÇÃO DE APOIO A PESQUISA DO DF - FAP          ;764910300 - TRANSFERÊNCIAS VOLU - ENCAMINHADO PARA DECISÃO DO ORDENADOR DE DESPESA;015804                                  ;-6395
;015201 - FUNDACAO DE APOIO A PESQUISA DO DF                ;="150201";150201 - FUNDAÇÃO DE APOIO A PESQUISA DO DF - FAP          ;764910300 - TRANSFERÊNCIAS VOLU - ENCAMINHADO PARA DECISÃO DO ORDENADOR DE DESPESA;015805                                  ;-9900
;015201 - FUNDACAO DE APOIO A PESQUISA DO DF                ;="150201";150201 - FUNDAÇÃO DE APOIO A PESQUISA DO DF - FAP          ;764910300 - TRANSFERÊNCIAS VOLU - ENCAMINHADO PARA DECISÃO DO ORDENADOR DE DESPESA;015806                                  ;-5673
;015201 - FUNDACAO DE APOIO A PESQUISA DO DF                ;="150201";150201 - FUNDAÇÃO DE APOIO A PESQUISA DO DF - FAP          ;764910300 - TRANSFERÊNCIAS VOLU - ENCAMINHADO PARA DECISÃO DO ORDENADOR DE DESPESA;015807                                  ;-7764
;015201 - FUNDACAO DE APOIO A PESQUISA DO DF                ;="150201";150201 - FUNDAÇÃO DE APOIO A PESQUISA DO DF - FAP          ;764910300 - TRANSFERÊNCIAS VOLU - ENCAMINHADO PARA DECISÃO DO ORDENADOR DE DESPESA;015809                                  ;-8514,1
;015201 - FUNDACAO DE APOIO A PESQUISA DO DF                ;="150201";150201 - FUNDAÇÃO DE APOIO A PESQUISA DO DF - FAP          ;764910300 - TRANSFERÊNCIAS VOLU - ENCAMINHADO PARA DECISÃO DO ORDENADOR DE DESPESA;015810                                  ;-10000
;015201 - FUNDACAO DE APOIO A PESQUISA DO DF                ;="150201";150201 - FUNDAÇÃO DE APOIO A PESQUISA DO DF - FAP          ;764910300 - TRANSFERÊNCIAS VOLU - ENCAMINHADO PARA DECISÃO DO ORDENADOR DE DESPESA;015818                                  ;-9990
;015201 - FUNDACAO DE APOIO A PESQUISA DO DF                ;="150201";150201 - FUNDAÇÃO DE APOIO A PESQUISA DO DF - FAP          ;764910300 - TRANSFERÊNCIAS VOLU - ENCAMINHADO PARA DECISÃO DO ORDENADOR DE DESPESA;015820                                  ;-9170,4
;015201 - FUNDACAO DE APOIO A PESQUISA DO DF                ;="150201";150201 - FUNDAÇÃO DE APOIO A PESQUISA DO DF - FAP          ;764910300 - TRANSFERÊNCIAS VOLU - ENCAMINHADO PARA DECISÃO DO ORDENADOR DE DESPESA;015821                                  ;-6508
;015201 - FUNDACAO DE APOIO A PESQUISA DO DF                ;="150201";150201 - FUNDAÇÃO DE APOIO A PESQUISA DO DF - FAP          ;764910300 - TRANSFERÊNCIAS VOLU - ENCAMINHADO PARA DECISÃO DO ORDENADOR DE DESPESA;015822                                  ;-5900
;015201 - FUNDACAO DE APOIO A PESQUISA DO DF                ;="150201";150201 - FUNDAÇÃO DE APOIO A PESQUISA DO DF - FAP          ;764910300 - TRANSFERÊNCIAS VOLU - ENCAMINHADO PARA DECISÃO DO ORDENADOR DE DESPESA;015823                                  ;-4170,4
;015201 - FUNDACAO DE APOIO A PESQUISA DO DF                ;="150201";150201 - FUNDAÇÃO DE APOIO A PESQUISA DO DF - FAP          ;764910300 - TRANSFERÊNCIAS VOLU - ENCAMINHADO PARA DECISÃO DO ORDENADOR DE DESPESA;015824                                  ;-9180,8
;015201 - FUNDACAO DE APOIO A PESQUISA DO DF                ;="150201";150201 - FUNDAÇÃO DE APOIO A PESQUISA DO DF - FAP          ;764910300 - TRANSFERÊNCIAS VOLU - ENCAMINHADO PARA DECISÃO DO ORDENADOR DE DESPESA;015826                                  ;-10000
;015201 - FUNDACAO DE APOIO A PESQUISA DO DF                ;="150201";150201 - FUNDAÇÃO DE APOIO A PESQUISA DO DF - FAP          ;764910300 - TRANSFERÊNCIAS VOLU - ENCAMINHADO PARA DECISÃO DO ORDENADOR DE DESPESA;015827                                  ;-9938
;015201 - FUNDACAO DE APOIO A PESQUISA DO DF                ;="150201";150201 - FUNDAÇÃO DE APOIO A PESQUISA DO DF - FAP          ;764910300 - TRANSFERÊNCIAS VOLU - ENCAMINHADO PARA DECISÃO DO ORDENADOR DE DESPESA;015828                                  ;-7240
;015201 - FUNDACAO DE APOIO A PESQUISA DO DF                ;="150201";150201 - FUNDAÇÃO DE APOIO A PESQUISA DO DF - FAP          ;764910300 - TRANSFERÊNCIAS VOLU - ENCAMINHADO PARA DECISÃO DO ORDENADOR DE DESPESA;015829                                  ;-9999,99
;015201 - FUNDACAO DE APOIO A PESQUISA DO DF                ;="150201";150201 - FUNDAÇÃO DE APOIO A PESQUISA DO DF - FAP          ;764910300 - TRANSFERÊNCIAS VOLU - ENCAMINHADO PARA DECISÃO DO ORDENADOR DE DESPESA;015830                                  ;-3000
;015201 - FUNDACAO DE APOIO A PESQUISA DO DF                ;="150201";150201 - FUNDAÇÃO DE APOIO A PESQUISA DO DF - FAP          ;764910300 - TRANSFERÊNCIAS VOLU - ENCAMINHADO PARA DECISÃO DO ORDENADOR DE DESPESA;015831                                  ;-10000
;015201 - FUNDACAO DE APOIO A PESQUISA DO DF                ;="150201";150201 - FUNDAÇÃO DE APOIO A PESQUISA DO DF - FAP          ;764910300 - TRANSFERÊNCIAS VOLU - ENCAMINHADO PARA DECISÃO DO ORDENADOR DE DESPESA;015833                                  ;-3000
;015201 - FUNDACAO DE APOIO A PESQUISA DO DF                ;="150201";150201 - FUNDAÇÃO DE APOIO A PESQUISA DO DF - FAP          ;764910300 - TRANSFERÊNCIAS VOLU - ENCAMINHADO PARA DECISÃO DO ORDENADOR DE DESPESA;015855                                  ;-30000
;015201 - FUNDACAO DE APOIO A PESQUISA DO DF                ;="150201";150201 - FUNDAÇÃO DE APOIO A PESQUISA DO DF - FAP          ;764910300 - TRANSFERÊNCIAS VOLU - ENCAMINHADO PARA DECISÃO DO ORDENADOR DE DESPESA;015858                                  ;-5150
;015201 - FUNDACAO DE APOIO A PESQUISA DO DF                ;="150201";150201 - FUNDAÇÃO DE APOIO A PESQUISA DO DF - FAP          ;764910300 - TRANSFERÊNCIAS VOLU - ENCAMINHADO PARA DECISÃO DO ORDENADOR DE DESPESA;015859                                  ;-5150
;015201 - FUNDACAO DE APOIO A PESQUISA DO DF                ;="150201";150201 - FUNDAÇÃO DE APOIO A PESQUISA DO DF - FAP          ;764910300 - TRANSFERÊNCIAS VOLU - ENCAMINHADO PARA DECISÃO DO ORDENADOR DE DESPESA;015860                                  ;-9974,2
;015201 - FUNDACAO DE APOIO A PESQUISA DO DF                ;="150201";150201 - FUNDAÇÃO DE APOIO A PESQUISA DO DF - FAP          ;764910300 - TRANSFERÊNCIAS VOLU - ENCAMINHADO PARA DECISÃO DO ORDENADOR DE DESPESA;015861                                  ;-8610
;015201 - FUNDACAO DE APOIO A PESQUISA DO DF                ;="150201";150201 - FUNDAÇÃO DE APOIO A PESQUISA DO DF - FAP          ;764910300 - TRANSFERÊNCIAS VOLU - ENCAMINHADO PARA DECISÃO DO ORDENADOR DE DESPESA;015863                                  ;-9938
;015201 - FUNDACAO DE APOIO A PESQUISA DO DF                ;="150201";150201 - FUNDAÇÃO DE APOIO A PESQUISA DO DF - FAP          ;764910300 - TRANSFERÊNCIAS VOLU - ENCAMINHADO PARA DECISÃO DO ORDENADOR DE DESPESA;015864                                  ;-5150
;015201 - FUNDACAO DE APOIO A PESQUISA DO DF                ;="150201";150201 - FUNDAÇÃO DE APOIO A PESQUISA DO DF - FAP          ;764910300 - TRANSFERÊNCIAS VOLU - ENCAMINHADO PARA DECISÃO DO ORDENADOR DE DESPESA;015865                                  ;-10000
;015201 - FUNDACAO DE APOIO A PESQUISA DO DF                ;="150201";150201 - FUNDAÇÃO DE APOIO A PESQUISA DO DF - FAP          ;764910300 - TRANSFERÊNCIAS VOLU - ENCAMINHADO PARA DECISÃO DO ORDENADOR DE DESPESA;015866                                  ;-10000
;015201 - FUNDACAO DE APOIO A PESQUISA DO DF                ;="150201";150201 - FUNDAÇÃO DE APOIO A PESQUISA DO DF - FAP          ;764910300 - TRANSFERÊNCIAS VOLU - ENCAMINHADO PARA DECISÃO DO ORDENADOR DE DESPESA;015867                                  ;-8610
;015201 - FUNDACAO DE APOIO A PESQUISA DO DF                ;="150201";150201 - FUNDAÇÃO DE APOIO A PESQUISA DO DF - FAP          ;764910300 - TRANSFERÊNCIAS VOLU - ENCAMINHADO PARA DECISÃO DO ORDENADOR DE DESPESA;015868                                  ;-9215
;015201 - FUNDACAO DE APOIO A PESQUISA DO DF                ;="150201";150201 - FUNDAÇÃO DE APOIO A PESQUISA DO DF - FAP          ;764910300 - TRANSFERÊNCIAS VOLU - ENCAMINHADO PARA DECISÃO DO ORDENADOR DE DESPESA;015869                                  ;-9999,7
;015201 - FUNDACAO DE APOIO A PESQUISA DO DF                ;="150201";150201 - FUNDAÇÃO DE APOIO A PESQUISA DO DF - FAP          ;764910300 - TRANSFERÊNCIAS VOLU - ENCAMINHADO PARA DECISÃO DO ORDENADOR DE DESPESA;015870                                  ;-8700
;015201 - FUNDACAO DE APOIO A PESQUISA DO DF                ;="150201";150201 - FUNDAÇÃO DE APOIO A PESQUISA DO DF - FAP          ;764910300 - TRANSFERÊNCIAS VOLU - ENCAMINHADO PARA DECISÃO DO ORDENADOR DE DESPESA;015871                                  ;-9999,4
;015201 - FUNDACAO DE APOIO A PESQUISA DO DF                ;="150201";150201 - FUNDAÇÃO DE APOIO A PESQUISA DO DF - FAP          ;764910300 - TRANSFERÊNCIAS VOLU - ENCAMINHADO PARA DECISÃO DO ORDENADOR DE DESPESA;015872                                  ;-6925
;015201 - FUNDACAO DE APOIO A PESQUISA DO DF                ;="150201";150201 - FUNDAÇÃO DE APOIO A PESQUISA DO DF - FAP          ;764910300 - TRANSFERÊNCIAS VOLU - ENCAMINHADO PARA DECISÃO DO ORDENADOR DE DESPESA;015873                                  ;-9966,14
;015201 - FUNDACAO DE APOIO A PESQUISA DO DF                ;="150201";150201 - FUNDAÇÃO DE APOIO A PESQUISA DO DF - FAP          ;764910300 - TRANSFERÊNCIAS VOLU - ENCAMINHADO PARA DECISÃO DO ORDENADOR DE DESPESA;015876                                  ;-8154,6
;015201 - FUNDACAO DE APOIO A PESQUISA DO DF                ;="150201";150201 - FUNDAÇÃO DE APOIO A PESQUISA DO DF - FAP          ;764910300 - TRANSFERÊNCIAS VOLU - ENCAMINHADO PARA DECISÃO DO ORDENADOR DE DESPESA;015877                                  ;-9999,15
;015201 - FUNDACAO DE APOIO A PESQUISA DO DF                ;="150201";150201 - FUNDAÇÃO DE APOIO A PESQUISA DO DF - FAP          ;764910300 - TRANSFERÊNCIAS VOLU - ENCAMINHADO PARA DECISÃO DO ORDENADOR DE DESPESA;015878                                  ;-9379
;015201 - FUNDACAO DE APOIO A PESQUISA DO DF                ;="150201";150201 - FUNDAÇÃO DE APOIO A PESQUISA DO DF - FAP          ;764910300 - TRANSFERÊNCIAS VOLU - ENCAMINHADO PARA DECISÃO DO ORDENADOR DE DESPESA;015902                                  ;-2662
;015201 - FUNDACAO DE APOIO A PESQUISA DO DF                ;="150201";150201 - FUNDAÇÃO DE APOIO A PESQUISA DO DF - FAP          ;764910300 - TRANSFERÊNCIAS VOLU - ENCAMINHADO PARA DECISÃO DO ORDENADOR DE DESPESA;015903                                  ;-9442
;015201 - FUNDACAO DE APOIO A PESQUISA DO DF                ;="150201";150201 - FUNDAÇÃO DE APOIO A PESQUISA DO DF - FAP          ;764910300 - TRANSFERÊNCIAS VOLU - ENCAMINHADO PARA DECISÃO DO ORDENADOR DE DESPESA;015911                                  ;-10000
;015201 - FUNDACAO DE APOIO A PESQUISA DO DF                ;="150201";150201 - FUNDAÇÃO DE APOIO A PESQUISA DO DF - FAP          ;764910300 - TRANSFERÊNCIAS VOLU - ENCAMINHADO PARA DECISÃO DO ORDENADOR DE DESPESA;015913                                  ;-10000
;015201 - FUNDACAO DE APOIO A PESQUISA DO DF                ;="150201";150201 - FUNDAÇÃO DE APOIO A PESQUISA DO DF - FAP          ;764910300 - TRANSFERÊNCIAS VOLU - ENCAMINHADO PARA DECISÃO DO ORDENADOR DE DESPESA;015914                                  ;-3000
;015201 - FUNDACAO DE APOIO A PESQUISA DO DF                ;="150201";150201 - FUNDAÇÃO DE APOIO A PESQUISA DO DF - FAP          ;764910300 - TRANSFERÊNCIAS VOLU - ENCAMINHADO PARA DECISÃO DO ORDENADOR DE DESPESA;015916                                  ;-9500
;015201 - FUNDACAO DE APOIO A PESQUISA DO DF                ;="150201";150201 - FUNDAÇÃO DE APOIO A PESQUISA DO DF - FAP          ;764910300 - TRANSFERÊNCIAS VOLU - ENCAMINHADO PARA DECISÃO DO ORDENADOR DE DESPESA;015917                                  ;-9401
;015201 - FUNDACAO DE APOIO A PESQUISA DO DF                ;="150201";150201 - FUNDAÇÃO DE APOIO A PESQUISA DO DF - FAP          ;764910300 - TRANSFERÊNCIAS VOLU - ENCAMINHADO PARA DECISÃO DO ORDENADOR DE DESPESA;015933                                  ;-10000
;015201 - FUNDACAO DE APOIO A PESQUISA DO DF                ;="150201";150201 - FUNDAÇÃO DE APOIO A PESQUISA DO DF - FAP          ;764910300 - TRANSFERÊNCIAS VOLU - ENCAMINHADO PARA DECISÃO DO ORDENADOR DE DESPESA;015934                                  ;-10000
;015201 - FUNDACAO DE APOIO A PESQUISA DO DF                ;="150201";150201 - FUNDAÇÃO DE APOIO A PESQUISA DO DF - FAP          ;764910300 - TRANSFERÊNCIAS VOLU - ENCAMINHADO PARA DECISÃO DO ORDENADOR DE DESPESA;015935                                  ;-8661,6
;015201 - FUNDACAO DE APOIO A PESQUISA DO DF                ;="150201";150201 - FUNDAÇÃO DE APOIO A PESQUISA DO DF - FAP          ;764910300 - TRANSFERÊNCIAS VOLU - ENCAMINHADO PARA DECISÃO DO ORDENADOR DE DESPESA;015937                                  ;-9500
;015201 - FUNDACAO DE APOIO A PESQUISA DO DF                ;="150201";150201 - FUNDAÇÃO DE APOIO A PESQUISA DO DF - FAP          ;764910300 - TRANSFERÊNCIAS VOLU - ENCAMINHADO PARA DECISÃO DO ORDENADOR DE DESPESA;015938                                  ;-8614
;015201 - FUNDACAO DE APOIO A PESQUISA DO DF                ;="150201";150201 - FUNDAÇÃO DE APOIO A PESQUISA DO DF - FAP          ;764910300 - TRANSFERÊNCIAS VOLU - ENCAMINHADO PARA DECISÃO DO ORDENADOR DE DESPESA;015939                                  ;-5300
;015201 - FUNDACAO DE APOIO A PESQUISA DO DF                ;="150201";150201 - FUNDAÇÃO DE APOIO A PESQUISA DO DF - FAP          ;764910300 - TRANSFERÊNCIAS VOLU - ENCAMINHADO PARA DECISÃO DO ORDENADOR DE DESPESA;015940                                  ;-10000
;015201 - FUNDACAO DE APOIO A PESQUISA DO DF                ;="150201";150201 - FUNDAÇÃO DE APOIO A PESQUISA DO DF - FAP          ;764910300 - TRANSFERÊNCIAS VOLU - ENCAMINHADO PARA DECISÃO DO ORDENADOR DE DESPESA;015941                                  ;-9600
;015201 - FUNDACAO DE APOIO A PESQUISA DO DF                ;="150201";150201 - FUNDAÇÃO DE APOIO A PESQUISA DO DF - FAP          ;764910300 - TRANSFERÊNCIAS VOLU - ENCAMINHADO PARA DECISÃO DO ORDENADOR DE DESPESA;015944                                  ;-8460,75
;015201 - FUNDACAO DE APOIO A PESQUISA DO DF                ;="150201";150201 - FUNDAÇÃO DE APOIO A PESQUISA DO DF - FAP          ;764910300 - TRANSFERÊNCIAS VOLU - ENCAMINHADO PARA DECISÃO DO ORDENADOR DE DESPESA;015947                                  ;-1970
;015201 - FUNDACAO DE APOIO A PESQUISA DO DF                ;="150201";150201 - FUNDAÇÃO DE APOIO A PESQUISA DO DF - FAP          ;764910300 - TRANSFERÊNCIAS VOLU - ENCAMINHADO PARA DECISÃO DO ORDENADOR DE DESPESA;015948                                  ;-10000
;015201 - FUNDACAO DE APOIO A PESQUISA DO DF                ;="150201";150201 - FUNDAÇÃO DE APOIO A PESQUISA DO DF - FAP          ;764910300 - TRANSFERÊNCIAS VOLU - ENCAMINHADO PARA DECISÃO DO ORDENADOR DE DESPESA;015967                                  ;-10000
;015201 - FUNDACAO DE APOIO A PESQUISA DO DF                ;="150201";150201 - FUNDAÇÃO DE APOIO A PESQUISA DO DF - FAP          ;764910300 - TRANSFERÊNCIAS VOLU - ENCAMINHADO PARA DECISÃO DO ORDENADOR DE DESPESA;015968                                  ;-9906,9
;015201 - FUNDACAO DE APOIO A PESQUISA DO DF                ;="150201";150201 - FUNDAÇÃO DE APOIO A PESQUISA DO DF - FAP          ;764910300 - TRANSFERÊNCIAS VOLU - ENCAMINHADO PARA DECISÃO DO ORDENADOR DE DESPESA;015971                                  ;-9474,15
;015201 - FUNDACAO DE APOIO A PESQUISA DO DF                ;="150201";150201 - FUNDAÇÃO DE APOIO A PESQUISA DO DF - FAP          ;764910300 - TRANSFERÊNCIAS VOLU - ENCAMINHADO PARA DECISÃO DO ORDENADOR DE DESPESA;015972                                  ;-2450
;015201 - FUNDACAO DE APOIO A PESQUISA DO DF                ;="150201";150201 - FUNDAÇÃO DE APOIO A PESQUISA DO DF - FAP          ;764910300 - TRANSFERÊNCIAS VOLU - ENCAMINHADO PARA DECISÃO DO ORDENADOR DE DESPESA;015973                                  ;-9520,98
;015201 - FUNDACAO DE APOIO A PESQUISA DO DF                ;="150201";150201 - FUNDAÇÃO DE APOIO A PESQUISA DO DF - FAP          ;764910300 - TRANSFERÊNCIAS VOLU - ENCAMINHADO PARA DECISÃO DO ORDENADOR DE DESPESA;015974                                  ;-8455,84
;015201 - FUNDACAO DE APOIO A PESQUISA DO DF                ;="150201";150201 - FUNDAÇÃO DE APOIO A PESQUISA DO DF - FAP          ;764910300 - TRANSFERÊNCIAS VOLU - ENCAMINHADO PARA DECISÃO DO ORDENADOR DE DESPESA;015975                                  ;-9192
;015201 - FUNDACAO DE APOIO A PESQUISA DO DF                ;="150201";150201 - FUNDAÇÃO DE APOIO A PESQUISA DO DF - FAP          ;764910300 - TRANSFERÊNCIAS VOLU - ENCAMINHADO PARA DECISÃO DO ORDENADOR DE DESPESA;015976                                  ;-2750
;015201 - FUNDACAO DE APOIO A PESQUISA DO DF                ;="150201";150201 - FUNDAÇÃO DE APOIO A PESQUISA DO DF - FAP          ;764910300 - TRANSFERÊNCIAS VOLU - ENCAMINHADO PARA DECISÃO DO ORDENADOR DE DESPESA;015977                                  ;-9174
;015201 - FUNDACAO DE APOIO A PESQUISA DO DF                ;="150201";150201 - FUNDAÇÃO DE APOIO A PESQUISA DO DF - FAP          ;764910300 - TRANSFERÊNCIAS VOLU - ENCAMINHADO PARA DECISÃO DO ORDENADOR DE DESPESA;015978                                  ;-9240
;015201 - FUNDACAO DE APOIO A PESQUISA DO DF                ;="150201";150201 - FUNDAÇÃO DE APOIO A PESQUISA DO DF - FAP          ;764910300 - TRANSFERÊNCIAS VOLU - ENCAMINHADO PARA DECISÃO DO ORDENADOR DE DESPESA;015979                                  ;-3000
;015201 - FUNDACAO DE APOIO A PESQUISA DO DF                ;="150201";150201 - FUNDAÇÃO DE APOIO A PESQUISA DO DF - FAP          ;764910300 - TRANSFERÊNCIAS VOLU - ENCAMINHADO PARA DECISÃO DO ORDENADOR DE DESPESA;015980                                  ;-19671,3
;015201 - FUNDACAO DE APOIO A PESQUISA DO DF                ;="150201";150201 - FUNDAÇÃO DE APOIO A PESQUISA DO DF - FAP          ;764910300 - TRANSFERÊNCIAS VOLU - ENCAMINHADO PARA DECISÃO DO ORDENADOR DE DESPESA;015982                                  ;-3000
;015201 - FUNDACAO DE APOIO A PESQUISA DO DF                ;="150201";150201 - FUNDAÇÃO DE APOIO A PESQUISA DO DF - FAP          ;764910300 - TRANSFERÊNCIAS VOLU - ENCAMINHADO PARA DECISÃO DO ORDENADOR DE DESPESA;015983                                  ;-3000
;015201 - FUNDACAO DE APOIO A PESQUISA DO DF                ;="150201";150201 - FUNDAÇÃO DE APOIO A PESQUISA DO DF - FAP          ;764910300 - TRANSFERÊNCIAS VOLU - ENCAMINHADO PARA DECISÃO DO ORDENADOR DE DESPESA;015985                                  ;-9771,52
;015201 - FUNDACAO DE APOIO A PESQUISA DO DF                ;="150201";150201 - FUNDAÇÃO DE APOIO A PESQUISA DO DF - FAP          ;764910300 - TRANSFERÊNCIAS VOLU - ENCAMINHADO PARA DECISÃO DO ORDENADOR DE DESPESA;015986                                  ;-2100
;015201 - FUNDACAO DE APOIO A PESQUISA DO DF                ;="150201";150201 - FUNDAÇÃO DE APOIO A PESQUISA DO DF - FAP          ;764910300 - TRANSFERÊNCIAS VOLU - ENCAMINHADO PARA DECISÃO DO ORDENADOR DE DESPESA;015987                                  ;-2060
;015201 - FUNDACAO DE APOIO A PESQUISA DO DF                ;="150201";150201 - FUNDAÇÃO DE APOIO A PESQUISA DO DF - FAP          ;764910300 - TRANSFERÊNCIAS VOLU - ENCAMINHADO PARA DECISÃO DO ORDENADOR DE DESPESA;015988                                  ;-6210
;015201 - FUNDACAO DE APOIO A PESQUISA DO DF                ;="150201";150201 - FUNDAÇÃO DE APOIO A PESQUISA DO DF - FAP          ;764910300 - TRANSFERÊNCIAS VOLU - ENCAMINHADO PARA DECISÃO DO ORDENADOR DE DESPESA;015989                                  ;-8800
;015201 - FUNDACAO DE APOIO A PESQUISA DO DF                ;="150201";150201 - FUNDAÇÃO DE APOIO A PESQUISA DO DF - FAP          ;764910300 - TRANSFERÊNCIAS VOLU - ENCAMINHADO PARA DECISÃO DO ORDENADOR DE DESPESA;015990                                  ;-10000
;015201 - FUNDACAO DE APOIO A PESQUISA DO DF                ;="150201";150201 - FUNDAÇÃO DE APOIO A PESQUISA DO DF - FAP          ;764910300 - TRANSFERÊNCIAS VOLU - ENCAMINHADO PARA DECISÃO DO ORDENADOR DE DESPESA;015992                                  ;-9995,7
;015201 - FUNDACAO DE APOIO A PESQUISA DO DF                ;="150201";150201 - FUNDAÇÃO DE APOIO A PESQUISA DO DF - FAP          ;764910300 - TRANSFERÊNCIAS VOLU - ENCAMINHADO PARA DECISÃO DO ORDENADOR DE DESPESA;015993                                  ;-10000
;015201 - FUNDACAO DE APOIO A PESQUISA DO DF                ;="150201";150201 - FUNDAÇÃO DE APOIO A PESQUISA DO DF - FAP          ;764910300 - TRANSFERÊNCIAS VOLU - ENCAMINHADO PARA DECISÃO DO ORDENADOR DE DESPESA;016007                                  ;-2750
;015201 - FUNDACAO DE APOIO A PESQUISA DO DF                ;="150201";150201 - FUNDAÇÃO DE APOIO A PESQUISA DO DF - FAP          ;764910300 - TRANSFERÊNCIAS VOLU - ENCAMINHADO PARA DECISÃO DO ORDENADOR DE DESPESA;016009                                  ;-10000
;015201 - FUNDACAO DE APOIO A PESQUISA DO DF                ;="150201";150201 - FUNDAÇÃO DE APOIO A PESQUISA DO DF - FAP          ;764910300 - TRANSFERÊNCIAS VOLU - ENCAMINHADO PARA DECISÃO DO ORDENADOR DE DESPESA;016011                                  ;-9100
;015201 - FUNDACAO DE APOIO A PESQUISA DO DF                ;="150201";150201 - FUNDAÇÃO DE APOIO A PESQUISA DO DF - FAP          ;764910300 - TRANSFERÊNCIAS VOLU - ENCAMINHADO PARA DECISÃO DO ORDENADOR DE DESPESA;016012                                  ;-9030
;015201 - FUNDACAO DE APOIO A PESQUISA DO DF                ;="150201";150201 - FUNDAÇÃO DE APOIO A PESQUISA DO DF - FAP          ;764910300 - TRANSFERÊNCIAS VOLU - ENCAMINHADO PARA DECISÃO DO ORDENADOR DE DESPESA;016013                                  ;-8987,73
;015201 - FUNDACAO DE APOIO A PESQUISA DO DF                ;="150201";150201 - FUNDAÇÃO DE APOIO A PESQUISA DO DF - FAP          ;764910300 - TRANSFERÊNCIAS VOLU - ENCAMINHADO PARA DECISÃO DO ORDENADOR DE DESPESA;016016                                  ;-9999,49
;015201 - FUNDACAO DE APOIO A PESQUISA DO DF                ;="150201";150201 - FUNDAÇÃO DE APOIO A PESQUISA DO DF - FAP          ;764910300 - TRANSFERÊNCIAS VOLU - ENCAMINHADO PARA DECISÃO DO ORDENADOR DE DESPESA;016023                                  ;-2750
;015201 - FUNDACAO DE APOIO A PESQUISA DO DF                ;="150201";150201 - FUNDAÇÃO DE APOIO A PESQUISA DO DF - FAP          ;764910300 - TRANSFERÊNCIAS VOLU - ENCAMINHADO PARA DECISÃO DO ORDENADOR DE DESPESA;016024                                  ;-10000
;015201 - FUNDACAO DE APOIO A PESQUISA DO DF                ;="150201";150201 - FUNDAÇÃO DE APOIO A PESQUISA DO DF - FAP          ;764910300 - TRANSFERÊNCIAS VOLU - ENCAMINHADO PARA DECISÃO DO ORDENADOR DE DESPESA;016025                                  ;-10000
;015201 - FUNDACAO DE APOIO A PESQUISA DO DF                ;="150201";150201 - FUNDAÇÃO DE APOIO A PESQUISA DO DF - FAP          ;764910300 - TRANSFERÊNCIAS VOLU - ENCAMINHADO PARA DECISÃO DO ORDENADOR DE DESPESA;016026                                  ;-10000
;015201 - FUNDACAO DE APOIO A PESQUISA DO DF                ;="150201";150201 - FUNDAÇÃO DE APOIO A PESQUISA DO DF - FAP          ;764910300 - TRANSFERÊNCIAS VOLU - ENCAMINHADO PARA DECISÃO DO ORDENADOR DE DESPESA;016027                                  ;-10000
;015201 - FUNDACAO DE APOIO A PESQUISA DO DF                ;="150201";150201 - FUNDAÇÃO DE APOIO A PESQUISA DO DF - FAP          ;764910300 - TRANSFERÊNCIAS VOLU - ENCAMINHADO PARA DECISÃO DO ORDENADOR DE DESPESA;016028                                  ;-7122,3
;015201 - FUNDACAO DE APOIO A PESQUISA DO DF                ;="150201";150201 - FUNDAÇÃO DE APOIO A PESQUISA DO DF - FAP          ;764910300 - TRANSFERÊNCIAS VOLU - ENCAMINHADO PARA DECISÃO DO ORDENADOR DE DESPESA;016029                                  ;-9920,4
;015201 - FUNDACAO DE APOIO A PESQUISA DO DF                ;="150201";150201 - FUNDAÇÃO DE APOIO A PESQUISA DO DF - FAP          ;764910300 - TRANSFERÊNCIAS VOLU - ENCAMINHADO PARA DECISÃO DO ORDENADOR DE DESPESA;016030                                  ;-10000
;015201 - FUNDACAO DE APOIO A PESQUISA DO DF                ;="150201";150201 - FUNDAÇÃO DE APOIO A PESQUISA DO DF - FAP          ;764910300 - TRANSFERÊNCIAS VOLU - ENCAMINHADO PARA DECISÃO DO ORDENADOR DE DESPESA;016031                                  ;-9999
;015201 - FUNDACAO DE APOIO A PESQUISA DO DF                ;="150201";150201 - FUNDAÇÃO DE APOIO A PESQUISA DO DF - FAP          ;764910300 - TRANSFERÊNCIAS VOLU - ENCAMINHADO PARA DECISÃO DO ORDENADOR DE DESPESA;016032                                  ;-10000
;015201 - FUNDACAO DE APOIO A PESQUISA DO DF                ;="150201";150201 - FUNDAÇÃO DE APOIO A PESQUISA DO DF - FAP          ;764910300 - TRANSFERÊNCIAS VOLU - ENCAMINHADO PARA DECISÃO DO ORDENADOR DE DESPESA;016033                                  ;-8350
;015201 - FUNDACAO DE APOIO A PESQUISA DO DF                ;="150201";150201 - FUNDAÇÃO DE APOIO A PESQUISA DO DF - FAP          ;764910300 - TRANSFERÊNCIAS VOLU - ENCAMINHADO PARA DECISÃO DO ORDENADOR DE DESPESA;016034                                  ;-10000
;015201 - FUNDACAO DE APOIO A PESQUISA DO DF                ;="150201";150201 - FUNDAÇÃO DE APOIO A PESQUISA DO DF - FAP          ;764910300 - TRANSFERÊNCIAS VOLU - ENCAMINHADO PARA DECISÃO DO ORDENADOR DE DESPESA;016035                                  ;-9965,73
;015201 - FUNDACAO DE APOIO A PESQUISA DO DF                ;="150201";150201 - FUNDAÇÃO DE APOIO A PESQUISA DO DF - FAP          ;764910300 - TRANSFERÊNCIAS VOLU - ENCAMINHADO PARA DECISÃO DO ORDENADOR DE DESPESA;016040                                  ;-8896
;015201 - FUNDACAO DE APOIO A PESQUISA DO DF                ;="150201";150201 - FUNDAÇÃO DE APOIO A PESQUISA DO DF - FAP          ;764910300 - TRANSFERÊNCIAS VOLU - ENCAMINHADO PARA DECISÃO DO ORDENADOR DE DESPESA;016041                                  ;-3000
;015201 - FUNDACAO DE APOIO A PESQUISA DO DF                ;="150201";150201 - FUNDAÇÃO DE APOIO A PESQUISA DO DF - FAP          ;764910300 - TRANSFERÊNCIAS VOLU - ENCAMINHADO PARA DECISÃO DO ORDENADOR DE DESPESA;016042                                  ;-10000
;015201 - FUNDACAO DE APOIO A PESQUISA DO DF                ;="150201";150201 - FUNDAÇÃO DE APOIO A PESQUISA DO DF - FAP          ;764910300 - TRANSFERÊNCIAS VOLU - ENCAMINHADO PARA DECISÃO DO ORDENADOR DE DESPESA;016043                                  ;-10000
;015201 - FUNDACAO DE APOIO A PESQUISA DO DF                ;="150201";150201 - FUNDAÇÃO DE APOIO A PESQUISA DO DF - FAP          ;764910300 - TRANSFERÊNCIAS VOLU - ENCAMINHADO PARA DECISÃO DO ORDENADOR DE DESPESA;016049                                  ;-9535,2
;015201 - FUNDACAO DE APOIO A PESQUISA DO DF                ;="150201";150201 - FUNDAÇÃO DE APOIO A PESQUISA DO DF - FAP          ;764910300 - TRANSFERÊNCIAS VOLU - ENCAMINHADO PARA DECISÃO DO ORDENADOR DE DESPESA;016050                                  ;-3000
;015201 - FUNDACAO DE APOIO A PESQUISA DO DF                ;="150201";150201 - FUNDAÇÃO DE APOIO A PESQUISA DO DF - FAP          ;764910300 - TRANSFERÊNCIAS VOLU - ENCAMINHADO PARA DECISÃO DO ORDENADOR DE DESPESA;016052                                  ;-10000
;015201 - FUNDACAO DE APOIO A PESQUISA DO DF                ;="150201";150201 - FUNDAÇÃO DE APOIO A PESQUISA DO DF - FAP          ;764910300 - TRANSFERÊNCIAS VOLU - ENCAMINHADO PARA DECISÃO DO ORDENADOR DE DESPESA;016053                                  ;-10000
;015201 - FUNDACAO DE APOIO A PESQUISA DO DF                ;="150201";150201 - FUNDAÇÃO DE APOIO A PESQUISA DO DF - FAP          ;764910300 - TRANSFERÊNCIAS VOLU - ENCAMINHADO PARA DECISÃO DO ORDENADOR DE DESPESA;016054                                  ;-45420
;015201 - FUNDACAO DE APOIO A PESQUISA DO DF                ;="150201";150201 - FUNDAÇÃO DE APOIO A PESQUISA DO DF - FAP          ;764910300 - TRANSFERÊNCIAS VOLU - ENCAMINHADO PARA DECISÃO DO ORDENADOR DE DESPESA;016059                                  ;-25445
;015201 - FUNDACAO DE APOIO A PESQUISA DO DF                ;="150201";150201 - FUNDAÇÃO DE APOIO A PESQUISA DO DF - FAP          ;764910300 - TRANSFERÊNCIAS VOLU - ENCAMINHADO PARA DECISÃO DO ORDENADOR DE DESPESA;016121                                  ;-3000
;015201 - FUNDACAO DE APOIO A PESQUISA DO DF                ;="150201";150201 - FUNDAÇÃO DE APOIO A PESQUISA DO DF - FAP          ;764910300 - TRANSFERÊNCIAS VOLU - ENCAMINHADO PARA DECISÃO DO ORDENADOR DE DESPESA;016122                                  ;-8568
;015201 - FUNDACAO DE APOIO A PESQUISA DO DF                ;="150201";150201 - FUNDAÇÃO DE APOIO A PESQUISA DO DF - FAP          ;764910300 - TRANSFERÊNCIAS VOLU - ENCAMINHADO PARA DECISÃO DO ORDENADOR DE DESPESA;016123                                  ;-9693,6
;015201 - FUNDACAO DE APOIO A PESQUISA DO DF                ;="150201";150201 - FUNDAÇÃO DE APOIO A PESQUISA DO DF - FAP          ;764910300 - TRANSFERÊNCIAS VOLU - ENCAMINHADO PARA DECISÃO DO ORDENADOR DE DESPESA;016124                                  ;-3000
;015201 - FUNDACAO DE APOIO A PESQUISA DO DF                ;="150201";150201 - FUNDAÇÃO DE APOIO A PESQUISA DO DF - FAP          ;764910300 - TRANSFERÊNCIAS VOLU - ENCAMINHADO PARA DECISÃO DO ORDENADOR DE DESPESA;016125                                  ;-9962,6
;015201 - FUNDACAO DE APOIO A PESQUISA DO DF                ;="150201";150201 - FUNDAÇÃO DE APOIO A PESQUISA DO DF - FAP          ;764910300 - TRANSFERÊNCIAS VOLU - ENCAMINHADO PARA DECISÃO DO ORDENADOR DE DESPESA;016126                                  ;-10000
;015201 - FUNDACAO DE APOIO A PESQUISA DO DF                ;="150201";150201 - FUNDAÇÃO DE APOIO A PESQUISA DO DF - FAP          ;764910300 - TRANSFERÊNCIAS VOLU - ENCAMINHADO PARA DECISÃO DO ORDENADOR DE DESPESA;016128                                  ;-10000
;015201 - FUNDACAO DE APOIO A PESQUISA DO DF                ;="150201";150201 - FUNDAÇÃO DE APOIO A PESQUISA DO DF - FAP          ;764910300 - TRANSFERÊNCIAS VOLU - ENCAMINHADO PARA DECISÃO DO ORDENADOR DE DESPESA;016130                                  ;-10000
;015201 - FUNDACAO DE APOIO A PESQUISA DO DF                ;="150201";150201 - FUNDAÇÃO DE APOIO A PESQUISA DO DF - FAP          ;764910300 - TRANSFERÊNCIAS VOLU - ENCAMINHADO PARA DECISÃO DO ORDENADOR DE DESPESA;016131                                  ;-10000
;015201 - FUNDACAO DE APOIO A PESQUISA DO DF                ;="150201";150201 - FUNDAÇÃO DE APOIO A PESQUISA DO DF - FAP          ;764910300 - TRANSFERÊNCIAS VOLU - ENCAMINHADO PARA DECISÃO DO ORDENADOR DE DESPESA;016132                                  ;-2000
;015201 - FUNDACAO DE APOIO A PESQUISA DO DF                ;="150201";150201 - FUNDAÇÃO DE APOIO A PESQUISA DO DF - FAP          ;764910300 - TRANSFERÊNCIAS VOLU - ENCAMINHADO PARA DECISÃO DO ORDENADOR DE DESPESA;016133                                  ;-10000
;015201 - FUNDACAO DE APOIO A PESQUISA DO DF                ;="150201";150201 - FUNDAÇÃO DE APOIO A PESQUISA DO DF - FAP          ;764910300 - TRANSFERÊNCIAS VOLU - ENCAMINHADO PARA DECISÃO DO ORDENADOR DE DESPESA;016135                                  ;-10000
;015201 - FUNDACAO DE APOIO A PESQUISA DO DF                ;="150201";150201 - FUNDAÇÃO DE APOIO A PESQUISA DO DF - FAP          ;764910300 - TRANSFERÊNCIAS VOLU - ENCAMINHADO PARA DECISÃO DO ORDENADOR DE DESPESA;016136                                  ;-10000
;015201 - FUNDACAO DE APOIO A PESQUISA DO DF                ;="150201";150201 - FUNDAÇÃO DE APOIO A PESQUISA DO DF - FAP          ;764910300 - TRANSFERÊNCIAS VOLU - ENCAMINHADO PARA DECISÃO DO ORDENADOR DE DESPESA;016139                                  ;-10000
;015201 - FUNDACAO DE APOIO A PESQUISA DO DF                ;="150201";150201 - FUNDAÇÃO DE APOIO A PESQUISA DO DF - FAP          ;764910300 - TRANSFERÊNCIAS VOLU - ENCAMINHADO PARA DECISÃO DO ORDENADOR DE DESPESA;016149                                  ;-10000
;015201 - FUNDACAO DE APOIO A PESQUISA DO DF                ;="150201";150201 - FUNDAÇÃO DE APOIO A PESQUISA DO DF - FAP          ;764910300 - TRANSFERÊNCIAS VOLU - ENCAMINHADO PARA DECISÃO DO ORDENADOR DE DESPESA;016150                                  ;-3000
;015201 - FUNDACAO DE APOIO A PESQUISA DO DF                ;="150201";150201 - FUNDAÇÃO DE APOIO A PESQUISA DO DF - FAP          ;764910300 - TRANSFERÊNCIAS VOLU - ENCAMINHADO PARA DECISÃO DO ORDENADOR DE DESPESA;016152                                  ;-2985
;015201 - FUNDACAO DE APOIO A PESQUISA DO DF                ;="150201";150201 - FUNDAÇÃO DE APOIO A PESQUISA DO DF - FAP          ;764910300 - TRANSFERÊNCIAS VOLU - ENCAMINHADO PARA DECISÃO DO ORDENADOR DE DESPESA;016153                                  ;-3000
;015201 - FUNDACAO DE APOIO A PESQUISA DO DF                ;="150201";150201 - FUNDAÇÃO DE APOIO A PESQUISA DO DF - FAP          ;764910300 - TRANSFERÊNCIAS VOLU - ENCAMINHADO PARA DECISÃO DO ORDENADOR DE DESPESA;016154                                  ;-2100
;015201 - FUNDACAO DE APOIO A PESQUISA DO DF                ;="150201";150201 - FUNDAÇÃO DE APOIO A PESQUISA DO DF - FAP          ;764910300 - TRANSFERÊNCIAS VOLU - ENCAMINHADO PARA DECISÃO DO ORDENADOR DE DESPESA;016163                                  ;-3000
;015201 - FUNDACAO DE APOIO A PESQUISA DO DF                ;="150201";150201 - FUNDAÇÃO DE APOIO A PESQUISA DO DF - FAP          ;764910300 - TRANSFERÊNCIAS VOLU - ENCAMINHADO PARA DECISÃO DO ORDENADOR DE DESPESA;016164                                  ;-9221,04
;015201 - FUNDACAO DE APOIO A PESQUISA DO DF                ;="150201";150201 - FUNDAÇÃO DE APOIO A PESQUISA DO DF - FAP          ;764910300 - TRANSFERÊNCIAS VOLU - ENCAMINHADO PARA DECISÃO DO ORDENADOR DE DESPESA;016165                                  ;-7271
;015201 - FUNDACAO DE APOIO A PESQUISA DO DF                ;="150201";150201 - FUNDAÇÃO DE APOIO A PESQUISA DO DF - FAP          ;764910300 - TRANSFERÊNCIAS VOLU - ENCAMINHADO PARA DECISÃO DO ORDENADOR DE DESPESA;016166                                  ;-3000
;015201 - FUNDACAO DE APOIO A PESQUISA DO DF                ;="150201";150201 - FUNDAÇÃO DE APOIO A PESQUISA DO DF - FAP          ;764910300 - TRANSFERÊNCIAS VOLU - ENCAMINHADO PARA DECISÃO DO ORDENADOR DE DESPESA;016167                                  ;-10000
;015201 - FUNDACAO DE APOIO A PESQUISA DO DF                ;="150201";150201 - FUNDAÇÃO DE APOIO A PESQUISA DO DF - FAP          ;764910300 - TRANSFERÊNCIAS VOLU - ENCAMINHADO PARA DECISÃO DO ORDENADOR DE DESPESA;016168                                  ;-8160
;015201 - FUNDACAO DE APOIO A PESQUISA DO DF                ;="150201";150201 - FUNDAÇÃO DE APOIO A PESQUISA DO DF - FAP          ;764910300 - TRANSFERÊNCIAS VOLU - ENCAMINHADO PARA DECISÃO DO ORDENADOR DE DESPESA;016169                                  ;-2800
;015201 - FUNDACAO DE APOIO A PESQUISA DO DF                ;="150201";150201 - FUNDAÇÃO DE APOIO A PESQUISA DO DF - FAP          ;764910300 - TRANSFERÊNCIAS VOLU - ENCAMINHADO PARA DECISÃO DO ORDENADOR DE DESPESA;016171                                  ;-9829,1
;015201 - FUNDACAO DE APOIO A PESQUISA DO DF                ;="150201";150201 - FUNDAÇÃO DE APOIO A PESQUISA DO DF - FAP          ;764910300 - TRANSFERÊNCIAS VOLU - ENCAMINHADO PARA DECISÃO DO ORDENADOR DE DESPESA;016179                                  ;-5860
;015201 - FUNDACAO DE APOIO A PESQUISA DO DF                ;="150201";150201 - FUNDAÇÃO DE APOIO A PESQUISA DO DF - FAP          ;764910300 - TRANSFERÊNCIAS VOLU - ENCAMINHADO PARA DECISÃO DO ORDENADOR DE DESPESA;016180                                  ;-9960
;015201 - FUNDACAO DE APOIO A PESQUISA DO DF                ;="150201";150201 - FUNDAÇÃO DE APOIO A PESQUISA DO DF - FAP          ;764910300 - TRANSFERÊNCIAS VOLU - ENCAMINHADO PARA DECISÃO DO ORDENADOR DE DESPESA;016181                                  ;-9698
;015201 - FUNDACAO DE APOIO A PESQUISA DO DF                ;="150201";150201 - FUNDAÇÃO DE APOIO A PESQUISA DO DF - FAP          ;764910300 - TRANSFERÊNCIAS VOLU - ENCAMINHADO PARA DECISÃO DO ORDENADOR DE DESPESA;016182                                  ;-10000
;015201 - FUNDACAO DE APOIO A PESQUISA DO DF                ;="150201";150201 - FUNDAÇÃO DE APOIO A PESQUISA DO DF - FAP          ;764910300 - TRANSFERÊNCIAS VOLU - ENCAMINHADO PARA DECISÃO DO ORDENADOR DE DESPESA;016183                                  ;-9816,4
;015201 - FUNDACAO DE APOIO A PESQUISA DO DF                ;="150201";150201 - FUNDAÇÃO DE APOIO A PESQUISA DO DF - FAP          ;764910300 - TRANSFERÊNCIAS VOLU - ENCAMINHADO PARA DECISÃO DO ORDENADOR DE DESPESA;016184                                  ;-7158
;015201 - FUNDACAO DE APOIO A PESQUISA DO DF                ;="150201";150201 - FUNDAÇÃO DE APOIO A PESQUISA DO DF - FAP          ;764910300 - TRANSFERÊNCIAS VOLU - ENCAMINHADO PARA DECISÃO DO ORDENADOR DE DESPESA;016192                                  ;-59831
;015201 - FUNDACAO DE APOIO A PESQUISA DO DF                ;="150201";150201 - FUNDAÇÃO DE APOIO A PESQUISA DO DF - FAP          ;764910300 - TRANSFERÊNCIAS VOLU - ENCAMINHADO PARA DECISÃO DO ORDENADOR DE DESPESA;016193                                  ;-10000
;015201 - FUNDACAO DE APOIO A PESQUISA DO DF                ;="150201";150201 - FUNDAÇÃO DE APOIO A PESQUISA DO DF - FAP          ;764910300 - TRANSFERÊNCIAS VOLU - ENCAMINHADO PARA DECISÃO DO ORDENADOR DE DESPESA;016194                                  ;-4973,6
;015201 - FUNDACAO DE APOIO A PESQUISA DO DF                ;="150201";150201 - FUNDAÇÃO DE APOIO A PESQUISA DO DF - FAP          ;764910300 - TRANSFERÊNCIAS VOLU - ENCAMINHADO PARA DECISÃO DO ORDENADOR DE DESPESA;016196                                  ;-8860
;015201 - FUNDACAO DE APOIO A PESQUISA DO DF                ;="150201";150201 - FUNDAÇÃO DE APOIO A PESQUISA DO DF - FAP          ;764910300 - TRANSFERÊNCIAS VOLU - ENCAMINHADO PARA DECISÃO DO ORDENADOR DE DESPESA;016197                                  ;-10000
;015201 - FUNDACAO DE APOIO A PESQUISA DO DF                ;="150201";150201 - FUNDAÇÃO DE APOIO A PESQUISA DO DF - FAP          ;764910300 - TRANSFERÊNCIAS VOLU - ENCAMINHADO PARA DECISÃO DO ORDENADOR DE DESPESA;016198                                  ;-10000
;015201 - FUNDACAO DE APOIO A PESQUISA DO DF                ;="150201";150201 - FUNDAÇÃO DE APOIO A PESQUISA DO DF - FAP          ;764910300 - TRANSFERÊNCIAS VOLU - ENCAMINHADO PARA DECISÃO DO ORDENADOR DE DESPESA;016199                                  ;-8700
;015201 - FUNDACAO DE APOIO A PESQUISA DO DF                ;="150201";150201 - FUNDAÇÃO DE APOIO A PESQUISA DO DF - FAP          ;764910300 - TRANSFERÊNCIAS VOLU - ENCAMINHADO PARA DECISÃO DO ORDENADOR DE DESPESA;016200                                  ;-4370
;015201 - FUNDACAO DE APOIO A PESQUISA DO DF                ;="150201";150201 - FUNDAÇÃO DE APOIO A PESQUISA DO DF - FAP          ;764910300 - TRANSFERÊNCIAS VOLU - ENCAMINHADO PARA DECISÃO DO ORDENADOR DE DESPESA;016201                                  ;-8640,5
;015201 - FUNDACAO DE APOIO A PESQUISA DO DF                ;="150201";150201 - FUNDAÇÃO DE APOIO A PESQUISA DO DF - FAP          ;764910300 - TRANSFERÊNCIAS VOLU - ENCAMINHADO PARA DECISÃO DO ORDENADOR DE DESPESA;016202                                  ;-2850
;015201 - FUNDACAO DE APOIO A PESQUISA DO DF                ;="150201";150201 - FUNDAÇÃO DE APOIO A PESQUISA DO DF - FAP          ;764910300 - TRANSFERÊNCIAS VOLU - ENCAMINHADO PARA DECISÃO DO ORDENADOR DE DESPESA;016203                                  ;-9962,8
;015201 - FUNDACAO DE APOIO A PESQUISA DO DF                ;="150201";150201 - FUNDAÇÃO DE APOIO A PESQUISA DO DF - FAP          ;764910300 - TRANSFERÊNCIAS VOLU - ENCAMINHADO PARA DECISÃO DO ORDENADOR DE DESPESA;016204                                  ;-10000
;015201 - FUNDACAO DE APOIO A PESQUISA DO DF                ;="150201";150201 - FUNDAÇÃO DE APOIO A PESQUISA DO DF - FAP          ;764910300 - TRANSFERÊNCIAS VOLU - ENCAMINHADO PARA DECISÃO DO ORDENADOR DE DESPESA;016205                                  ;-2750
;015201 - FUNDACAO DE APOIO A PESQUISA DO DF                ;="150201";150201 - FUNDAÇÃO DE APOIO A PESQUISA DO DF - FAP          ;764910300 - TRANSFERÊNCIAS VOLU - ENCAMINHADO PARA DECISÃO DO ORDENADOR DE DESPESA;016206                                  ;-2400
;015201 - FUNDACAO DE APOIO A PESQUISA DO DF                ;="150201";150201 - FUNDAÇÃO DE APOIO A PESQUISA DO DF - FAP          ;764910300 - TRANSFERÊNCIAS VOLU - ENCAMINHADO PARA DECISÃO DO ORDENADOR DE DESPESA;016207                                  ;-9139
;015201 - FUNDACAO DE APOIO A PESQUISA DO DF                ;="150201";150201 - FUNDAÇÃO DE APOIO A PESQUISA DO DF - FAP          ;764910300 - TRANSFERÊNCIAS VOLU - ENCAMINHADO PARA DECISÃO DO ORDENADOR DE DESPESA;016209                                  ;-10000
;015201 - FUNDACAO DE APOIO A PESQUISA DO DF                ;="150201";150201 - FUNDAÇÃO DE APOIO A PESQUISA DO DF - FAP          ;764910300 - TRANSFERÊNCIAS VOLU - ENCAMINHADO PARA DECISÃO DO ORDENADOR DE DESPESA;016211                                  ;-9624
;015201 - FUNDACAO DE APOIO A PESQUISA DO DF                ;="150201";150201 - FUNDAÇÃO DE APOIO A PESQUISA DO DF - FAP          ;764910300 - TRANSFERÊNCIAS VOLU - ENCAMINHADO PARA DECISÃO DO ORDENADOR DE DESPESA;016212                                  ;-9983,48
;015201 - FUNDACAO DE APOIO A PESQUISA DO DF                ;="150201";150201 - FUNDAÇÃO DE APOIO A PESQUISA DO DF - FAP          ;764910300 - TRANSFERÊNCIAS VOLU - ENCAMINHADO PARA DECISÃO DO ORDENADOR DE DESPESA;016213                                  ;-8350
;015201 - FUNDACAO DE APOIO A PESQUISA DO DF                ;="150201";150201 - FUNDAÇÃO DE APOIO A PESQUISA DO DF - FAP          ;764910300 - TRANSFERÊNCIAS VOLU - ENCAMINHADO PARA DECISÃO DO ORDENADOR DE DESPESA;016214                                  ;-9806,28
;015201 - FUNDACAO DE APOIO A PESQUISA DO DF                ;="150201";150201 - FUNDAÇÃO DE APOIO A PESQUISA DO DF - FAP          ;764910300 - TRANSFERÊNCIAS VOLU - ENCAMINHADO PARA DECISÃO DO ORDENADOR DE DESPESA;016218                                  ;-9566
;015201 - FUNDACAO DE APOIO A PESQUISA DO DF                ;="150201";150201 - FUNDAÇÃO DE APOIO A PESQUISA DO DF - FAP          ;764910300 - TRANSFERÊNCIAS VOLU - ENCAMINHADO PARA DECISÃO DO ORDENADOR DE DESPESA;016219                                  ;-10000
;015201 - FUNDACAO DE APOIO A PESQUISA DO DF                ;="150201";150201 - FUNDAÇÃO DE APOIO A PESQUISA DO DF - FAP          ;764910300 - TRANSFERÊNCIAS VOLU - ENCAMINHADO PARA DECISÃO DO ORDENADOR DE DESPESA;016220                                  ;-10000
;015201 - FUNDACAO DE APOIO A PESQUISA DO DF                ;="150201";150201 - FUNDAÇÃO DE APOIO A PESQUISA DO DF - FAP          ;764910300 - TRANSFERÊNCIAS VOLU - ENCAMINHADO PARA DECISÃO DO ORDENADOR DE DESPESA;016221                                  ;-8600
;015201 - FUNDACAO DE APOIO A PESQUISA DO DF                ;="150201";150201 - FUNDAÇÃO DE APOIO A PESQUISA DO DF - FAP          ;764910300 - TRANSFERÊNCIAS VOLU - ENCAMINHADO PARA DECISÃO DO ORDENADOR DE DESPESA;016222                                  ;-7850
;015201 - FUNDACAO DE APOIO A PESQUISA DO DF                ;="150201";150201 - FUNDAÇÃO DE APOIO A PESQUISA DO DF - FAP          ;764910300 - TRANSFERÊNCIAS VOLU - ENCAMINHADO PARA DECISÃO DO ORDENADOR DE DESPESA;016224                                  ;-3879,2
;015201 - FUNDACAO DE APOIO A PESQUISA DO DF                ;="150201";150201 - FUNDAÇÃO DE APOIO A PESQUISA DO DF - FAP          ;764910300 - TRANSFERÊNCIAS VOLU - ENCAMINHADO PARA DECISÃO DO ORDENADOR DE DESPESA;016225                                  ;-9970
;015201 - FUNDACAO DE APOIO A PESQUISA DO DF                ;="150201";150201 - FUNDAÇÃO DE APOIO A PESQUISA DO DF - FAP          ;764910300 - TRANSFERÊNCIAS VOLU - ENCAMINHADO PARA DECISÃO DO ORDENADOR DE DESPESA;016226                                  ;-10000
;015201 - FUNDACAO DE APOIO A PESQUISA DO DF                ;="150201";150201 - FUNDAÇÃO DE APOIO A PESQUISA DO DF - FAP          ;764910300 - TRANSFERÊNCIAS VOLU - ENCAMINHADO PARA DECISÃO DO ORDENADOR DE DESPESA;016227                                  ;-10000
;015201 - FUNDACAO DE APOIO A PESQUISA DO DF                ;="150201";150201 - FUNDAÇÃO DE APOIO A PESQUISA DO DF - FAP          ;764910300 - TRANSFERÊNCIAS VOLU - ENCAMINHADO PARA DECISÃO DO ORDENADOR DE DESPESA;016229                                  ;-9702,2
;015201 - FUNDACAO DE APOIO A PESQUISA DO DF                ;="150201";150201 - FUNDAÇÃO DE APOIO A PESQUISA DO DF - FAP          ;764910300 - TRANSFERÊNCIAS VOLU - ENCAMINHADO PARA DECISÃO DO ORDENADOR DE DESPESA;016230                                  ;-4763
;015201 - FUNDACAO DE APOIO A PESQUISA DO DF                ;="150201";150201 - FUNDAÇÃO DE APOIO A PESQUISA DO DF - FAP          ;764910300 - TRANSFERÊNCIAS VOLU - ENCAMINHADO PARA DECISÃO DO ORDENADOR DE DESPESA;016231                                  ;-10000
;015201 - FUNDACAO DE APOIO A PESQUISA DO DF                ;="150201";150201 - FUNDAÇÃO DE APOIO A PESQUISA DO DF - FAP          ;764910300 - TRANSFERÊNCIAS VOLU - ENCAMINHADO PARA DECISÃO DO ORDENADOR DE DESPESA;016232                                  ;-10000
;015201 - FUNDACAO DE APOIO A PESQUISA DO DF                ;="150201";150201 - FUNDAÇÃO DE APOIO A PESQUISA DO DF - FAP          ;764910300 - TRANSFERÊNCIAS VOLU - ENCAMINHADO PARA DECISÃO DO ORDENADOR DE DESPESA;016233                                  ;-10000
;015201 - FUNDACAO DE APOIO A PESQUISA DO DF                ;="150201";150201 - FUNDAÇÃO DE APOIO A PESQUISA DO DF - FAP          ;764910300 - TRANSFERÊNCIAS VOLU - ENCAMINHADO PARA DECISÃO DO ORDENADOR DE DESPESA;016234                                  ;-10000
;015201 - FUNDACAO DE APOIO A PESQUISA DO DF                ;="150201";150201 - FUNDAÇÃO DE APOIO A PESQUISA DO DF - FAP          ;764910300 - TRANSFERÊNCIAS VOLU - ENCAMINHADO PARA DECISÃO DO ORDENADOR DE DESPESA;016235                                  ;-2200
;015201 - FUNDACAO DE APOIO A PESQUISA DO DF                ;="150201";150201 - FUNDAÇÃO DE APOIO A PESQUISA DO DF - FAP          ;764910300 - TRANSFERÊNCIAS VOLU - ENCAMINHADO PARA DECISÃO DO ORDENADOR DE DESPESA;016236                                  ;-4500
;015201 - FUNDACAO DE APOIO A PESQUISA DO DF                ;="150201";150201 - FUNDAÇÃO DE APOIO A PESQUISA DO DF - FAP          ;764910300 - TRANSFERÊNCIAS VOLU - ENCAMINHADO PARA DECISÃO DO ORDENADOR DE DESPESA;016237                                  ;-10000
;015201 - FUNDACAO DE APOIO A PESQUISA DO DF                ;="150201";150201 - FUNDAÇÃO DE APOIO A PESQUISA DO DF - FAP          ;764910300 - TRANSFERÊNCIAS VOLU - ENCAMINHADO PARA DECISÃO DO ORDENADOR DE DESPESA;016238                                  ;-5700
;015201 - FUNDACAO DE APOIO A PESQUISA DO DF                ;="150201";150201 - FUNDAÇÃO DE APOIO A PESQUISA DO DF - FAP          ;764910300 - TRANSFERÊNCIAS VOLU - ENCAMINHADO PARA DECISÃO DO ORDENADOR DE DESPESA;016239                                  ;-10000
;015201 - FUNDACAO DE APOIO A PESQUISA DO DF                ;="150201";150201 - FUNDAÇÃO DE APOIO A PESQUISA DO DF - FAP          ;764910300 - TRANSFERÊNCIAS VOLU - ENCAMINHADO PARA DECISÃO DO ORDENADOR DE DESPESA;016240                                  ;-10000
;015201 - FUNDACAO DE APOIO A PESQUISA DO DF                ;="150201";150201 - FUNDAÇÃO DE APOIO A PESQUISA DO DF - FAP          ;764910300 - TRANSFERÊNCIAS VOLU - ENCAMINHADO PARA DECISÃO DO ORDENADOR DE DESPESA;016257                                  ;-10000
;015201 - FUNDACAO DE APOIO A PESQUISA DO DF                ;="150201";150201 - FUNDAÇÃO DE APOIO A PESQUISA DO DF - FAP          ;764910300 - TRANSFERÊNCIAS VOLU - ENCAMINHADO PARA DECISÃO DO ORDENADOR DE DESPESA;016259                                  ;-4360
;015201 - FUNDACAO DE APOIO A PESQUISA DO DF                ;="150201";150201 - FUNDAÇÃO DE APOIO A PESQUISA DO DF - FAP          ;764910300 - TRANSFERÊNCIAS VOLU - ENCAMINHADO PARA DECISÃO DO ORDENADOR DE DESPESA;016260                                  ;-4520
;015201 - FUNDACAO DE APOIO A PESQUISA DO DF                ;="150201";150201 - FUNDAÇÃO DE APOIO A PESQUISA DO DF - FAP          ;764910300 - TRANSFERÊNCIAS VOLU - ENCAMINHADO PARA DECISÃO DO ORDENADOR DE DESPESA;016261                                  ;-4695
;015201 - FUNDACAO DE APOIO A PESQUISA DO DF                ;="150201";150201 - FUNDAÇÃO DE APOIO A PESQUISA DO DF - FAP          ;764910300 - TRANSFERÊNCIAS VOLU - ENCAMINHADO PARA DECISÃO DO ORDENADOR DE DESPESA;016262                                  ;-4700
;015201 - FUNDACAO DE APOIO A PESQUISA DO DF                ;="150201";150201 - FUNDAÇÃO DE APOIO A PESQUISA DO DF - FAP          ;764910300 - TRANSFERÊNCIAS VOLU - ENCAMINHADO PARA DECISÃO DO ORDENADOR DE DESPESA;016263                                  ;-6000
;015201 - FUNDACAO DE APOIO A PESQUISA DO DF                ;="150201";150201 - FUNDAÇÃO DE APOIO A PESQUISA DO DF - FAP          ;764910300 - TRANSFERÊNCIAS VOLU - ENCAMINHADO PARA DECISÃO DO ORDENADOR DE DESPESA;016267                                  ;-8940
;015201 - FUNDACAO DE APOIO A PESQUISA DO DF                ;="150201";150201 - FUNDAÇÃO DE APOIO A PESQUISA DO DF - FAP          ;764910300 - TRANSFERÊNCIAS VOLU - ENCAMINHADO PARA DECISÃO DO ORDENADOR DE DESPESA;016268                                  ;-9989,31
;015201 - FUNDACAO DE APOIO A PESQUISA DO DF                ;="150201";150201 - FUNDAÇÃO DE APOIO A PESQUISA DO DF - FAP          ;764910300 - TRANSFERÊNCIAS VOLU - ENCAMINHADO PARA DECISÃO DO ORDENADOR DE DESPESA;016269                                  ;-9200
;015201 - FUNDACAO DE APOIO A PESQUISA DO DF                ;="150201";150201 - FUNDAÇÃO DE APOIO A PESQUISA DO DF - FAP          ;764910300 - TRANSFERÊNCIAS VOLU - ENCAMINHADO PARA DECISÃO DO ORDENADOR DE DESPESA;016270                                  ;-10000
;015201 - FUNDACAO DE APOIO A PESQUISA DO DF                ;="150201";150201 - FUNDAÇÃO DE APOIO A PESQUISA DO DF - FAP          ;764910300 - TRANSFERÊNCIAS VOLU - ENCAMINHADO PARA DECISÃO DO ORDENADOR DE DESPESA;016272                                  ;-9740
;015201 - FUNDACAO DE APOIO A PESQUISA DO DF                ;="150201";150201 - FUNDAÇÃO DE APOIO A PESQUISA DO DF - FAP          ;764910300 - TRANSFERÊNCIAS VOLU - ENCAMINHADO PARA DECISÃO DO ORDENADOR DE DESPESA;016285                                  ;-9900
;015201 - FUNDACAO DE APOIO A PESQUISA DO DF                ;="150201";150201 - FUNDAÇÃO DE APOIO A PESQUISA DO DF - FAP          ;764910300 - TRANSFERÊNCIAS VOLU - ENCAMINHADO PARA DECISÃO DO ORDENADOR DE DESPESA;016289                                  ;-8594
;015201 - FUNDACAO DE APOIO A PESQUISA DO DF                ;="150201";150201 - FUNDAÇÃO DE APOIO A PESQUISA DO DF - FAP          ;764910300 - TRANSFERÊNCIAS VOLU - ENCAMINHADO PARA DECISÃO DO ORDENADOR DE DESPESA;016290                                  ;-9995,5
;015201 - FUNDACAO DE APOIO A PESQUISA DO DF                ;="150201";150201 - FUNDAÇÃO DE APOIO A PESQUISA DO DF - FAP          ;764910300 - TRANSFERÊNCIAS VOLU - ENCAMINHADO PARA DECISÃO DO ORDENADOR DE DESPESA;016291                                  ;-10000
;015201 - FUNDACAO DE APOIO A PESQUISA DO DF                ;="150201";150201 - FUNDAÇÃO DE APOIO A PESQUISA DO DF - FAP          ;764910300 - TRANSFERÊNCIAS VOLU - ENCAMINHADO PARA DECISÃO DO ORDENADOR DE DESPESA;016293                                  ;-8000
;015201 - FUNDACAO DE APOIO A PESQUISA DO DF                ;="150201";150201 - FUNDAÇÃO DE APOIO A PESQUISA DO DF - FAP          ;764910300 - TRANSFERÊNCIAS VOLU - ENCAMINHADO PARA DECISÃO DO ORDENADOR DE DESPESA;016295                                  ;-7004
;015201 - FUNDACAO DE APOIO A PESQUISA DO DF                ;="150201";150201 - FUNDAÇÃO DE APOIO A PESQUISA DO DF - FAP          ;764910300 - TRANSFERÊNCIAS VOLU - ENCAMINHADO PARA DECISÃO DO ORDENADOR DE DESPESA;016299                                  ;-9427,3
;015201 - FUNDACAO DE APOIO A PESQUISA DO DF                ;="150201";150201 - FUNDAÇÃO DE APOIO A PESQUISA DO DF - FAP          ;764910300 - TRANSFERÊNCIAS VOLU - ENCAMINHADO PARA DECISÃO DO ORDENADOR DE DESPESA;016300                                  ;-7233,84
;015201 - FUNDACAO DE APOIO A PESQUISA DO DF                ;="150201";150201 - FUNDAÇÃO DE APOIO A PESQUISA DO DF - FAP          ;764910300 - TRANSFERÊNCIAS VOLU - ENCAMINHADO PARA DECISÃO DO ORDENADOR DE DESPESA;016301                                  ;-9500
;015201 - FUNDACAO DE APOIO A PESQUISA DO DF                ;="150201";150201 - FUNDAÇÃO DE APOIO A PESQUISA DO DF - FAP          ;764910300 - TRANSFERÊNCIAS VOLU - ENCAMINHADO PARA DECISÃO DO ORDENADOR DE DESPESA;016302                                  ;-7233,84
;015201 - FUNDACAO DE APOIO A PESQUISA DO DF                ;="150201";150201 - FUNDAÇÃO DE APOIO A PESQUISA DO DF - FAP          ;764910300 - TRANSFERÊNCIAS VOLU - ENCAMINHADO PARA DECISÃO DO ORDENADOR DE DESPESA;016303                                  ;-8612,2
;015201 - FUNDACAO DE APOIO A PESQUISA DO DF                ;="150201";150201 - FUNDAÇÃO DE APOIO A PESQUISA DO DF - FAP          ;764910300 - TRANSFERÊNCIAS VOLU - ENCAMINHADO PARA DECISÃO DO ORDENADOR DE DESPESA;016305                                  ;-5773
;015201 - FUNDACAO DE APOIO A PESQUISA DO DF                ;="150201";150201 - FUNDAÇÃO DE APOIO A PESQUISA DO DF - FAP          ;764910300 - TRANSFERÊNCIAS VOLU - ENCAMINHADO PARA DECISÃO DO ORDENADOR DE DESPESA;016306                                  ;-10000
;015201 - FUNDACAO DE APOIO A PESQUISA DO DF                ;="150201";150201 - FUNDAÇÃO DE APOIO A PESQUISA DO DF - FAP          ;764910300 - TRANSFERÊNCIAS VOLU - ENCAMINHADO PARA DECISÃO DO ORDENADOR DE DESPESA;016308                                  ;-8416,36
;015201 - FUNDACAO DE APOIO A PESQUISA DO DF                ;="150201";150201 - FUNDAÇÃO DE APOIO A PESQUISA DO DF - FAP          ;764910300 - TRANSFERÊNCIAS VOLU - ENCAMINHADO PARA DECISÃO DO ORDENADOR DE DESPESA;016310                                  ;-6421,36
;015201 - FUNDACAO DE APOIO A PESQUISA DO DF                ;="150201";150201 - FUNDAÇÃO DE APOIO A PESQUISA DO DF - FAP          ;764910300 - TRANSFERÊNCIAS VOLU - ENCAMINHADO PARA DECISÃO DO ORDENADOR DE DESPESA;016311                                  ;-7823
;015201 - FUNDACAO DE APOIO A PESQUISA DO DF                ;="150201";150201 - FUNDAÇÃO DE APOIO A PESQUISA DO DF - FAP          ;764910300 - TRANSFERÊNCIAS VOLU - ENCAMINHADO PARA DECISÃO DO ORDENADOR DE DESPESA;016312                                  ;-1850
;015201 - FUNDACAO DE APOIO A PESQUISA DO DF                ;="150201";150201 - FUNDAÇÃO DE APOIO A PESQUISA DO DF - FAP          ;764910300 - TRANSFERÊNCIAS VOLU - ENCAMINHADO PARA DECISÃO DO ORDENADOR DE DESPESA;016313                                  ;-9998,55
;015201 - FUNDACAO DE APOIO A PESQUISA DO DF                ;="150201";150201 - FUNDAÇÃO DE APOIO A PESQUISA DO DF - FAP          ;764910300 - TRANSFERÊNCIAS VOLU - ENCAMINHADO PARA DECISÃO DO ORDENADOR DE DESPESA;016317                                  ;-9700
;015201 - FUNDACAO DE APOIO A PESQUISA DO DF                ;="150201";150201 - FUNDAÇÃO DE APOIO A PESQUISA DO DF - FAP          ;764910300 - TRANSFERÊNCIAS VOLU - ENCAMINHADO PARA DECISÃO DO ORDENADOR DE DESPESA;016318                                  ;-5139,6
;015201 - FUNDACAO DE APOIO A PESQUISA DO DF                ;="150201";150201 - FUNDAÇÃO DE APOIO A PESQUISA DO DF - FAP          ;764910300 - TRANSFERÊNCIAS VOLU - ENCAMINHADO PARA DECISÃO DO ORDENADOR DE DESPESA;016319                                  ;-6126
;015201 - FUNDACAO DE APOIO A PESQUISA DO DF                ;="150201";150201 - FUNDAÇÃO DE APOIO A PESQUISA DO DF - FAP          ;764910300 - TRANSFERÊNCIAS VOLU - ENCAMINHADO PARA DECISÃO DO ORDENADOR DE DESPESA;016320                                  ;-6350
;015201 - FUNDACAO DE APOIO A PESQUISA DO DF                ;="150201";150201 - FUNDAÇÃO DE APOIO A PESQUISA DO DF - FAP          ;764910300 - TRANSFERÊNCIAS VOLU - ENCAMINHADO PARA DECISÃO DO ORDENADOR DE DESPESA;016321                                  ;-2875
;015201 - FUNDACAO DE APOIO A PESQUISA DO DF                ;="150201";150201 - FUNDAÇÃO DE APOIO A PESQUISA DO DF - FAP          ;764910300 - TRANSFERÊNCIAS VOLU - ENCAMINHADO PARA DECISÃO DO ORDENADOR DE DESPESA;016322                                  ;-2700
;015201 - FUNDACAO DE APOIO A PESQUISA DO DF                ;="150201";150201 - FUNDAÇÃO DE APOIO A PESQUISA DO DF - FAP          ;764910300 - TRANSFERÊNCIAS VOLU - ENCAMINHADO PARA DECISÃO DO ORDENADOR DE DESPESA;016328                                  ;-8392
;015201 - FUNDACAO DE APOIO A PESQUISA DO DF                ;="150201";150201 - FUNDAÇÃO DE APOIO A PESQUISA DO DF - FAP          ;764910300 - TRANSFERÊNCIAS VOLU - ENCAMINHADO PARA DECISÃO DO ORDENADOR DE DESPESA;016330                                  ;-10000
;015201 - FUNDACAO DE APOIO A PESQUISA DO DF                ;="150201";150201 - FUNDAÇÃO DE APOIO A PESQUISA DO DF - FAP          ;764910300 - TRANSFERÊNCIAS VOLU - ENCAMINHADO PARA DECISÃO DO ORDENADOR DE DESPESA;016332                                  ;-10000
;015201 - FUNDACAO DE APOIO A PESQUISA DO DF                ;="150201";150201 - FUNDAÇÃO DE APOIO A PESQUISA DO DF - FAP          ;764910300 - TRANSFERÊNCIAS VOLU - ENCAMINHADO PARA DECISÃO DO ORDENADOR DE DESPESA;016333                                  ;-7678,2
;015201 - FUNDACAO DE APOIO A PESQUISA DO DF                ;="150201";150201 - FUNDAÇÃO DE APOIO A PESQUISA DO DF - FAP          ;764910300 - TRANSFERÊNCIAS VOLU - ENCAMINHADO PARA DECISÃO DO ORDENADOR DE DESPESA;016334                                  ;-8684
;015201 - FUNDACAO DE APOIO A PESQUISA DO DF                ;="150201";150201 - FUNDAÇÃO DE APOIO A PESQUISA DO DF - FAP          ;764910300 - TRANSFERÊNCIAS VOLU - ENCAMINHADO PARA DECISÃO DO ORDENADOR DE DESPESA;016335                                  ;-9096,66
;015201 - FUNDACAO DE APOIO A PESQUISA DO DF                ;="150201";150201 - FUNDAÇÃO DE APOIO A PESQUISA DO DF - FAP          ;764910300 - TRANSFERÊNCIAS VOLU - ENCAMINHADO PARA DECISÃO DO ORDENADOR DE DESPESA;016342                                  ;-8077,22
;015201 - FUNDACAO DE APOIO A PESQUISA DO DF                ;="150201";150201 - FUNDAÇÃO DE APOIO A PESQUISA DO DF - FAP          ;764910300 - TRANSFERÊNCIAS VOLU - ENCAMINHADO PARA DECISÃO DO ORDENADOR DE DESPESA;016343                                  ;-9395,78
;015201 - FUNDACAO DE APOIO A PESQUISA DO DF                ;="150201";150201 - FUNDAÇÃO DE APOIO A PESQUISA DO DF - FAP          ;764910300 - TRANSFERÊNCIAS VOLU - ENCAMINHADO PARA DECISÃO DO ORDENADOR DE DESPESA;016345                                  ;-7829
;015201 - FUNDACAO DE APOIO A PESQUISA DO DF                ;="150201";150201 - FUNDAÇÃO DE APOIO A PESQUISA DO DF - FAP          ;764910300 - TRANSFERÊNCIAS VOLU - ENCAMINHADO PARA DECISÃO DO ORDENADOR DE DESPESA;016358                                  ;-6744
;015201 - FUNDACAO DE APOIO A PESQUISA DO DF                ;="150201";150201 - FUNDAÇÃO DE APOIO A PESQUISA DO DF - FAP          ;764910300 - TRANSFERÊNCIAS VOLU - ENCAMINHADO PARA DECISÃO DO ORDENADOR DE DESPESA;016359                                  ;-8181,6
;015201 - FUNDACAO DE APOIO A PESQUISA DO DF                ;="150201";150201 - FUNDAÇÃO DE APOIO A PESQUISA DO DF - FAP          ;764910300 - TRANSFERÊNCIAS VOLU - ENCAMINHADO PARA DECISÃO DO ORDENADOR DE DESPESA;016360                                  ;-9500
;015201 - FUNDACAO DE APOIO A PESQUISA DO DF                ;="150201";150201 - FUNDAÇÃO DE APOIO A PESQUISA DO DF - FAP          ;764910300 - TRANSFERÊNCIAS VOLU - ENCAMINHADO PARA DECISÃO DO ORDENADOR DE DESPESA;016361                                  ;-10000
;015201 - FUNDACAO DE APOIO A PESQUISA DO DF                ;="150201";150201 - FUNDAÇÃO DE APOIO A PESQUISA DO DF - FAP          ;764910300 - TRANSFERÊNCIAS VOLU - ENCAMINHADO PARA DECISÃO DO ORDENADOR DE DESPESA;016362                                  ;-7200
;015201 - FUNDACAO DE APOIO A PESQUISA DO DF                ;="150201";150201 - FUNDAÇÃO DE APOIO A PESQUISA DO DF - FAP          ;764910300 - TRANSFERÊNCIAS VOLU - ENCAMINHADO PARA DECISÃO DO ORDENADOR DE DESPESA;016363                                  ;-8800
;015201 - FUNDACAO DE APOIO A PESQUISA DO DF                ;="150201";150201 - FUNDAÇÃO DE APOIO A PESQUISA DO DF - FAP          ;764910300 - TRANSFERÊNCIAS VOLU - ENCAMINHADO PARA DECISÃO DO ORDENADOR DE DESPESA;016364                                  ;-8823
;015201 - FUNDACAO DE APOIO A PESQUISA DO DF                ;="150201";150201 - FUNDAÇÃO DE APOIO A PESQUISA DO DF - FAP          ;764910300 - TRANSFERÊNCIAS VOLU - ENCAMINHADO PARA DECISÃO DO ORDENADOR DE DESPESA;016366                                  ;-10000
;015201 - FUNDACAO DE APOIO A PESQUISA DO DF                ;="150201";150201 - FUNDAÇÃO DE APOIO A PESQUISA DO DF - FAP          ;764910300 - TRANSFERÊNCIAS VOLU - ENCAMINHADO PARA DECISÃO DO ORDENADOR DE DESPESA;016378                                  ;-6892
;015201 - FUNDACAO DE APOIO A PESQUISA DO DF                ;="150201";150201 - FUNDAÇÃO DE APOIO A PESQUISA DO DF - FAP          ;764910300 - TRANSFERÊNCIAS VOLU - ENCAMINHADO PARA DECISÃO DO ORDENADOR DE DESPESA;016379                                  ;-2800
;015201 - FUNDACAO DE APOIO A PESQUISA DO DF                ;="150201";150201 - FUNDAÇÃO DE APOIO A PESQUISA DO DF - FAP          ;764910300 - TRANSFERÊNCIAS VOLU - ENCAMINHADO PARA DECISÃO DO ORDENADOR DE DESPESA;016382                                  ;-9956
;015201 - FUNDACAO DE APOIO A PESQUISA DO DF                ;="150201";150201 - FUNDAÇÃO DE APOIO A PESQUISA DO DF - FAP          ;764910300 - TRANSFERÊNCIAS VOLU - ENCAMINHADO PARA DECISÃO DO ORDENADOR DE DESPESA;016414                                  ;-4290
;015201 - FUNDACAO DE APOIO A PESQUISA DO DF                ;="150201";150201 - FUNDAÇÃO DE APOIO A PESQUISA DO DF - FAP          ;764910300 - TRANSFERÊNCIAS VOLU - ENCAMINHADO PARA DECISÃO DO ORDENADOR DE DESPESA;016415                                  ;-4550
;015201 - FUNDACAO DE APOIO A PESQUISA DO DF                ;="150201";150201 - FUNDAÇÃO DE APOIO A PESQUISA DO DF - FAP          ;764910300 - TRANSFERÊNCIAS VOLU - ENCAMINHADO PARA DECISÃO DO ORDENADOR DE DESPESA;016417                                  ;-9979
;015201 - FUNDACAO DE APOIO A PESQUISA DO DF                ;="150201";150201 - FUNDAÇÃO DE APOIO A PESQUISA DO DF - FAP          ;764910300 - TRANSFERÊNCIAS VOLU - ENCAMINHADO PARA DECISÃO DO ORDENADOR DE DESPESA;016418                                  ;-9994
;015201 - FUNDACAO DE APOIO A PESQUISA DO DF                ;="150201";150201 - FUNDAÇÃO DE APOIO A PESQUISA DO DF - FAP          ;764910300 - TRANSFERÊNCIAS VOLU - ENCAMINHADO PARA DECISÃO DO ORDENADOR DE DESPESA;016419                                  ;-4334
;015201 - FUNDACAO DE APOIO A PESQUISA DO DF                ;="150201";150201 - FUNDAÇÃO DE APOIO A PESQUISA DO DF - FAP          ;764910300 - TRANSFERÊNCIAS VOLU - ENCAMINHADO PARA DECISÃO DO ORDENADOR DE DESPESA;016421                                  ;-9995,84
;015201 - FUNDACAO DE APOIO A PESQUISA DO DF                ;="150201";150201 - FUNDAÇÃO DE APOIO A PESQUISA DO DF - FAP          ;764910300 - TRANSFERÊNCIAS VOLU - ENCAMINHADO PARA DECISÃO DO ORDENADOR DE DESPESA;016422                                  ;-10000
;015201 - FUNDACAO DE APOIO A PESQUISA DO DF                ;="150201";150201 - FUNDAÇÃO DE APOIO A PESQUISA DO DF - FAP          ;764910300 - TRANSFERÊNCIAS VOLU - ENCAMINHADO PARA DECISÃO DO ORDENADOR DE DESPESA;016423                                  ;-10000
;015201 - FUNDACAO DE APOIO A PESQUISA DO DF                ;="150201";150201 - FUNDAÇÃO DE APOIO A PESQUISA DO DF - FAP          ;764910300 - TRANSFERÊNCIAS VOLU - ENCAMINHADO PARA DECISÃO DO ORDENADOR DE DESPESA;016425                                  ;-10000
;015201 - FUNDACAO DE APOIO A PESQUISA DO DF                ;="150201";150201 - FUNDAÇÃO DE APOIO A PESQUISA DO DF - FAP          ;764910300 - TRANSFERÊNCIAS VOLU - ENCAMINHADO PARA DECISÃO DO ORDENADOR DE DESPESA;016426                                  ;-2900
;015201 - FUNDACAO DE APOIO A PESQUISA DO DF                ;="150201";150201 - FUNDAÇÃO DE APOIO A PESQUISA DO DF - FAP          ;764910300 - TRANSFERÊNCIAS VOLU - ENCAMINHADO PARA DECISÃO DO ORDENADOR DE DESPESA;016429                                  ;-7873,2
;015201 - FUNDACAO DE APOIO A PESQUISA DO DF                ;="150201";150201 - FUNDAÇÃO DE APOIO A PESQUISA DO DF - FAP          ;764910300 - TRANSFERÊNCIAS VOLU - ENCAMINHADO PARA DECISÃO DO ORDENADOR DE DESPESA;016431                                  ;-6740
;015201 - FUNDACAO DE APOIO A PESQUISA DO DF                ;="150201";150201 - FUNDAÇÃO DE APOIO A PESQUISA DO DF - FAP          ;764910300 - TRANSFERÊNCIAS VOLU - ENCAMINHADO PARA DECISÃO DO ORDENADOR DE DESPESA;016433                                  ;-1200
;015201 - FUNDACAO DE APOIO A PESQUISA DO DF                ;="150201";150201 - FUNDAÇÃO DE APOIO A PESQUISA DO DF - FAP          ;764910300 - TRANSFERÊNCIAS VOLU - ENCAMINHADO PARA DECISÃO DO ORDENADOR DE DESPESA;016434                                  ;-3000
;015201 - FUNDACAO DE APOIO A PESQUISA DO DF                ;="150201";150201 - FUNDAÇÃO DE APOIO A PESQUISA DO DF - FAP          ;764910300 - TRANSFERÊNCIAS VOLU - ENCAMINHADO PARA DECISÃO DO ORDENADOR DE DESPESA;016435                                  ;-9973
;015201 - FUNDACAO DE APOIO A PESQUISA DO DF                ;="150201";150201 - FUNDAÇÃO DE APOIO A PESQUISA DO DF - FAP          ;764910300 - TRANSFERÊNCIAS VOLU - ENCAMINHADO PARA DECISÃO DO ORDENADOR DE DESPESA;016436                                  ;-7771
;015201 - FUNDACAO DE APOIO A PESQUISA DO DF                ;="150201";150201 - FUNDAÇÃO DE APOIO A PESQUISA DO DF - FAP          ;764910300 - TRANSFERÊNCIAS VOLU - ENCAMINHADO PARA DECISÃO DO ORDENADOR DE DESPESA;016438                                  ;-9610
;015201 - FUNDACAO DE APOIO A PESQUISA DO DF                ;="150201";150201 - FUNDAÇÃO DE APOIO A PESQUISA DO DF - FAP          ;764910300 - TRANSFERÊNCIAS VOLU - ENCAMINHADO PARA DECISÃO DO ORDENADOR DE DESPESA;016440                                  ;-10000
;015201 - FUNDACAO DE APOIO A PESQUISA DO DF                ;="150201";150201 - FUNDAÇÃO DE APOIO A PESQUISA DO DF - FAP          ;764910300 - TRANSFERÊNCIAS VOLU - ENCAMINHADO PARA DECISÃO DO ORDENADOR DE DESPESA;016441                                  ;-8051
;015201 - FUNDACAO DE APOIO A PESQUISA DO DF                ;="150201";150201 - FUNDAÇÃO DE APOIO A PESQUISA DO DF - FAP          ;764910300 - TRANSFERÊNCIAS VOLU - ENCAMINHADO PARA DECISÃO DO ORDENADOR DE DESPESA;016451                                  ;-10000
;015201 - FUNDACAO DE APOIO A PESQUISA DO DF                ;="150201";150201 - FUNDAÇÃO DE APOIO A PESQUISA DO DF - FAP          ;764910300 - TRANSFERÊNCIAS VOLU - ENCAMINHADO PARA DECISÃO DO ORDENADOR DE DESPESA;016453                                  ;-10000
;015201 - FUNDACAO DE APOIO A PESQUISA DO DF                ;="150201";150201 - FUNDAÇÃO DE APOIO A PESQUISA DO DF - FAP          ;764910300 - TRANSFERÊNCIAS VOLU - ENCAMINHADO PARA DECISÃO DO ORDENADOR DE DESPESA;016457                                  ;-9999,9
;015201 - FUNDACAO DE APOIO A PESQUISA DO DF                ;="150201";150201 - FUNDAÇÃO DE APOIO A PESQUISA DO DF - FAP          ;764910300 - TRANSFERÊNCIAS VOLU - ENCAMINHADO PARA DECISÃO DO ORDENADOR DE DESPESA;016462                                  ;-10000
;015201 - FUNDACAO DE APOIO A PESQUISA DO DF                ;="150201";150201 - FUNDAÇÃO DE APOIO A PESQUISA DO DF - FAP          ;764910300 - TRANSFERÊNCIAS VOLU - ENCAMINHADO PARA DECISÃO DO ORDENADOR DE DESPESA;016466                                  ;-10000
;015201 - FUNDACAO DE APOIO A PESQUISA DO DF                ;="150201";150201 - FUNDAÇÃO DE APOIO A PESQUISA DO DF - FAP          ;764910300 - TRANSFERÊNCIAS VOLU - ENCAMINHADO PARA DECISÃO DO ORDENADOR DE DESPESA;016467                                  ;-10000
;015201 - FUNDACAO DE APOIO A PESQUISA DO DF                ;="150201";150201 - FUNDAÇÃO DE APOIO A PESQUISA DO DF - FAP          ;764910300 - TRANSFERÊNCIAS VOLU - ENCAMINHADO PARA DECISÃO DO ORDENADOR DE DESPESA;016488                                  ;-7820
;015201 - FUNDACAO DE APOIO A PESQUISA DO DF                ;="150201";150201 - FUNDAÇÃO DE APOIO A PESQUISA DO DF - FAP          ;764910300 - TRANSFERÊNCIAS VOLU - ENCAMINHADO PARA DECISÃO DO ORDENADOR DE DESPESA;016490                                  ;-9999,91
;015201 - FUNDACAO DE APOIO A PESQUISA DO DF                ;="150201";150201 - FUNDAÇÃO DE APOIO A PESQUISA DO DF - FAP          ;764910300 - TRANSFERÊNCIAS VOLU - ENCAMINHADO PARA DECISÃO DO ORDENADOR DE DESPESA;016492                                  ;-9999,99
;015201 - FUNDACAO DE APOIO A PESQUISA DO DF                ;="150201";150201 - FUNDAÇÃO DE APOIO A PESQUISA DO DF - FAP          ;764910300 - TRANSFERÊNCIAS VOLU - ENCAMINHADO PARA DECISÃO DO ORDENADOR DE DESPESA;016494                                  ;-9950
;015201 - FUNDACAO DE APOIO A PESQUISA DO DF                ;="150201";150201 - FUNDAÇÃO DE APOIO A PESQUISA DO DF - FAP          ;764910300 - TRANSFERÊNCIAS VOLU - ENCAMINHADO PARA DECISÃO DO ORDENADOR DE DESPESA;016495                                  ;-3000
;015201 - FUNDACAO DE APOIO A PESQUISA DO DF                ;="150201";150201 - FUNDAÇÃO DE APOIO A PESQUISA DO DF - FAP          ;764910300 - TRANSFERÊNCIAS VOLU - ENCAMINHADO PARA DECISÃO DO ORDENADOR DE DESPESA;016501                                  ;-10000
;015201 - FUNDACAO DE APOIO A PESQUISA DO DF                ;="150201";150201 - FUNDAÇÃO DE APOIO A PESQUISA DO DF - FAP          ;764910300 - TRANSFERÊNCIAS VOLU - ENCAMINHADO PARA DECISÃO DO ORDENADOR DE DESPESA;016507                                  ;-9999,99
;015201 - FUNDACAO DE APOIO A PESQUISA DO DF                ;="150201";150201 - FUNDAÇÃO DE APOIO A PESQUISA DO DF - FAP          ;764910300 - TRANSFERÊNCIAS VOLU - ENCAMINHADO PARA DECISÃO DO ORDENADOR DE DESPESA;016509                                  ;-9999,9
;015201 - FUNDACAO DE APOIO A PESQUISA DO DF                ;="150201";150201 - FUNDAÇÃO DE APOIO A PESQUISA DO DF - FAP          ;764910300 - TRANSFERÊNCIAS VOLU - ENCAMINHADO PARA DECISÃO DO ORDENADOR DE DESPESA;016510                                  ;-10000
;015201 - FUNDACAO DE APOIO A PESQUISA DO DF                ;="150201";150201 - FUNDAÇÃO DE APOIO A PESQUISA DO DF - FAP          ;764910300 - TRANSFERÊNCIAS VOLU - ENCAMINHADO PARA DECISÃO DO ORDENADOR DE DESPESA;016520                                  ;-9349,5
;015201 - FUNDACAO DE APOIO A PESQUISA DO DF                ;="150201";150201 - FUNDAÇÃO DE APOIO A PESQUISA DO DF - FAP          ;764910300 - TRANSFERÊNCIAS VOLU - ENCAMINHADO PARA DECISÃO DO ORDENADOR DE DESPESA;016534                                  ;-60000
;015201 - FUNDACAO DE APOIO A PESQUISA DO DF                ;="150201";150201 - FUNDAÇÃO DE APOIO A PESQUISA DO DF - FAP          ;764910300 - TRANSFERÊNCIAS VOLU - ENCAMINHADO PARA DECISÃO DO ORDENADOR DE DESPESA;016535                                  ;-9757,4
;015201 - FUNDACAO DE APOIO A PESQUISA DO DF                ;="150201";150201 - FUNDAÇÃO DE APOIO A PESQUISA DO DF - FAP          ;764910300 - TRANSFERÊNCIAS VOLU - ENCAMINHADO PARA DECISÃO DO ORDENADOR DE DESPESA;016536                                  ;-9999,78
;015201 - FUNDACAO DE APOIO A PESQUISA DO DF                ;="150201";150201 - FUNDAÇÃO DE APOIO A PESQUISA DO DF - FAP          ;764910300 - TRANSFERÊNCIAS VOLU - ENCAMINHADO PARA DECISÃO DO ORDENADOR DE DESPESA;016540                                  ;-9825,6
;015201 - FUNDACAO DE APOIO A PESQUISA DO DF                ;="150201";150201 - FUNDAÇÃO DE APOIO A PESQUISA DO DF - FAP          ;764910300 - TRANSFERÊNCIAS VOLU - ENCAMINHADO PARA DECISÃO DO ORDENADOR DE DESPESA;016547                                  ;-57400
;015201 - FUNDACAO DE APOIO A PESQUISA DO DF                ;="150201";150201 - FUNDAÇÃO DE APOIO A PESQUISA DO DF - FAP          ;764910300 - TRANSFERÊNCIAS VOLU - ENCAMINHADO PARA DECISÃO DO ORDENADOR DE DESPESA;016557                                  ;-10000
;015201 - FUNDACAO DE APOIO A PESQUISA DO DF                ;="150201";150201 - FUNDAÇÃO DE APOIO A PESQUISA DO DF - FAP          ;764910300 - TRANSFERÊNCIAS VOLU - ENCAMINHADO PARA DECISÃO DO ORDENADOR DE DESPESA;016560                                  ;-10000
;015201 - FUNDACAO DE APOIO A PESQUISA DO DF                ;="150201";150201 - FUNDAÇÃO DE APOIO A PESQUISA DO DF - FAP          ;764910300 - TRANSFERÊNCIAS VOLU - ENCAMINHADO PARA DECISÃO DO ORDENADOR DE DESPESA;016561                                  ;-20000
;015201 - FUNDACAO DE APOIO A PESQUISA DO DF                ;="150201";150201 - FUNDAÇÃO DE APOIO A PESQUISA DO DF - FAP          ;764910300 - TRANSFERÊNCIAS VOLU - ENCAMINHADO PARA DECISÃO DO ORDENADOR DE DESPESA;016564                                  ;-9380
;015201 - FUNDACAO DE APOIO A PESQUISA DO DF                ;="150201";150201 - FUNDAÇÃO DE APOIO A PESQUISA DO DF - FAP          ;764910300 - TRANSFERÊNCIAS VOLU - ENCAMINHADO PARA DECISÃO DO ORDENADOR DE DESPESA;016566                                  ;-10000
;015201 - FUNDACAO DE APOIO A PESQUISA DO DF                ;="150201";150201 - FUNDAÇÃO DE APOIO A PESQUISA DO DF - FAP          ;764910300 - TRANSFERÊNCIAS VOLU - ENCAMINHADO PARA DECISÃO DO ORDENADOR DE DESPESA;016567                                  ;-9913,4
;015201 - FUNDACAO DE APOIO A PESQUISA DO DF                ;="150201";150201 - FUNDAÇÃO DE APOIO A PESQUISA DO DF - FAP          ;764910300 - TRANSFERÊNCIAS VOLU - ENCAMINHADO PARA DECISÃO DO ORDENADOR DE DESPESA;016568                                  ;-10000
;015201 - FUNDACAO DE APOIO A PESQUISA DO DF                ;="150201";150201 - FUNDAÇÃO DE APOIO A PESQUISA DO DF - FAP          ;764910300 - TRANSFERÊNCIAS VOLU - ENCAMINHADO PARA DECISÃO DO ORDENADOR DE DESPESA;016571                                  ;-7857,9
;015201 - FUNDACAO DE APOIO A PESQUISA DO DF                ;="150201";150201 - FUNDAÇÃO DE APOIO A PESQUISA DO DF - FAP          ;764910300 - TRANSFERÊNCIAS VOLU - ENCAMINHADO PARA DECISÃO DO ORDENADOR DE DESPESA;016576                                  ;-10000
;015201 - FUNDACAO DE APOIO A PESQUISA DO DF                ;="150201";150201 - FUNDAÇÃO DE APOIO A PESQUISA DO DF - FAP          ;764910300 - TRANSFERÊNCIAS VOLU - ENCAMINHADO PARA DECISÃO DO ORDENADOR DE DESPESA;016594                                  ;-10000
;015201 - FUNDACAO DE APOIO A PESQUISA DO DF                ;="150201";150201 - FUNDAÇÃO DE APOIO A PESQUISA DO DF - FAP          ;764910300 - TRANSFERÊNCIAS VOLU - ENCAMINHADO PARA DECISÃO DO ORDENADOR DE DESPESA;016597                                  ;-10000
;015201 - FUNDACAO DE APOIO A PESQUISA DO DF                ;="150201";150201 - FUNDAÇÃO DE APOIO A PESQUISA DO DF - FAP          ;764910300 - TRANSFERÊNCIAS VOLU - ENCAMINHADO PARA DECISÃO DO ORDENADOR DE DESPESA;016610                                  ;-101810
;015201 - FUNDACAO DE APOIO A PESQUISA DO DF                ;="150201";150201 - FUNDAÇÃO DE APOIO A PESQUISA DO DF - FAP          ;864910205 - EM ANÁLISE PELA ÁREA TÉCNICA                                          ;011695                                  ;-2550
;000001 - TESOURO                                           ;="160101";160101 - SECRETARIA DE ESTADO DE EDUCAÇÃO DO DF            ;764910300 - TRANSFERÊNCIAS VOLU - ENCAMINHADO PARA DECISÃO DO ORDENADOR DE DESPESA;007047                                  ;-1136516,53
;000001 - TESOURO                                           ;="160101";160101 - SECRETARIA DE ESTADO DE EDUCAÇÃO DO DF            ;764910300 - TRANSFERÊNCIAS VOLU - ENCAMINHADO PARA DECISÃO DO ORDENADOR DE DESPESA;007069                                  ;-377104
;000001 - TESOURO                                           ;="160101";160101 - SECRETARIA DE ESTADO DE EDUCAÇÃO DO DF            ;764910300 - TRANSFERÊNCIAS VOLU - ENCAMINHADO PARA DECISÃO DO ORDENADOR DE DESPESA;007071                                  ;-1037231,99
;017901 - FUNDO DE SAUDE DO DISTRITO FEDERAL                ;="170101";170101 - SECRETARIA DE ESTADO DE SAÚDE DO DISTRITO FEDERAL ;764910300 - TRANSFERÊNCIAS VOLU - ENCAMINHADO PARA DECISÃO DO ORDENADOR DE DESPESA;016936                                  ;-4133569,76
;017901 - FUNDO DE SAUDE DO DISTRITO FEDERAL                ;="170101";170101 - SECRETARIA DE ESTADO DE SAÚDE DO DISTRITO FEDERAL ;764910300 - TRANSFERÊNCIAS VOLU - ENCAMINHADO PARA DECISÃO DO ORDENADOR DE DESPESA;022711                                  ;-21509
;017901 - FUNDO DE SAUDE DO DISTRITO FEDERAL                ;="170101";170101 - SECRETARIA DE ESTADO DE SAÚDE DO DISTRITO FEDERAL ;864919901 - OUTROS INSTRUMENTOS CONGÊNERES A LIBERAR                              ;024421                                  ;-82010874,67
;000001 - TESOURO                                           ;="180101";180101 - SECRETARIA DE DESENVOLVIMENTO SOCIAL DO DF        ;622920101 - EMPENHOS A LIQUIDAR                                                   ;2026NE00145                             ;-22574,9
;000001 - TESOURO                                           ;="180101";180101 - SECRETARIA DE DESENVOLVIMENTO SOCIAL DO DF        ;622920701 - EMPENHOS A LIQUIDAR - NE + NATUREZA DA DESPESA                        ;2026NE0014533903941                     ;-22574,9
;000001 - TESOURO                                           ;="190106";190106 - ADMINISTRAÇÃO REGIONAL DE  BRAZLANDIA             ;712310200 - CONTRATOS DE SERVIÇOS                                                 ;029482                                  ;-3056
;000001 - TESOURO                                           ;="190106";190106 - ADMINISTRAÇÃO REGIONAL DE  BRAZLANDIA             ;712310200 - CONTRATOS DE SERVIÇOS                                                 ;030322                                  ;-6900
;000001 - TESOURO                                           ;="190106";190106 - ADMINISTRAÇÃO REGIONAL DE  BRAZLANDIA             ;712310200 - CONTRATOS DE SERVIÇOS                                                 ;030374                                  ;-36398,6
;000001 - TESOURO                                           ;="190106";190106 - ADMINISTRAÇÃO REGIONAL DE  BRAZLANDIA             ;712312000 - CONTRATOS DE OBRAS                                                    ;019952                                  ;-25396,17
;000001 - TESOURO                                           ;="190106";190106 - ADMINISTRAÇÃO REGIONAL DE  BRAZLANDIA             ;812310201 - A EXECUTAR                                                            ;029482                                  ;-3056
;000001 - TESOURO                                           ;="190106";190106 - ADMINISTRAÇÃO REGIONAL DE  BRAZLANDIA             ;812310201 - A EXECUTAR                                                            ;030322                                  ;-6900
;000001 - TESOURO                                           ;="190106";190106 - ADMINISTRAÇÃO REGIONAL DE  BRAZLANDIA             ;812310201 - A EXECUTAR                                                            ;030374                                  ;-36398,6
;000001 - TESOURO                                           ;="190106";190106 - ADMINISTRAÇÃO REGIONAL DE  BRAZLANDIA             ;812312001 - A LIBERAR                                                             ;019952                                  ;-25396,17
;000001 - TESOURO                                           ;="190107";190107 - ADMINISTRAÇÃO REGIONAL DE SOBRADINHO              ;712312000 - CONTRATOS DE OBRAS                                                    ;029554                                  ;-100674,32
;000001 - TESOURO                                           ;="190107";190107 - ADMINISTRAÇÃO REGIONAL DE SOBRADINHO              ;812312001 - A LIBERAR                                                             ;029554                                  ;-100674,32
;000001 - TESOURO                                           ;="190108";190108 - ADMINISTRAÇÃO REGIONAL DE PLANALTINA              ;712312000 - CONTRATOS DE OBRAS                                                    ;025628                                  ;-144599,7
;000001 - TESOURO                                           ;="190108";190108 - ADMINISTRAÇÃO REGIONAL DE PLANALTINA              ;712312000 - CONTRATOS DE OBRAS                                                    ;025646                                  ;-146897,76
;000001 - TESOURO                                           ;="190108";190108 - ADMINISTRAÇÃO REGIONAL DE PLANALTINA              ;712312000 - CONTRATOS DE OBRAS                                                    ;026097                                  ;-111925,52
;000001 - TESOURO                                           ;="190108";190108 - ADMINISTRAÇÃO REGIONAL DE PLANALTINA              ;712312000 - CONTRATOS DE OBRAS                                                    ;026123                                  ;-73000,04
;000001 - TESOURO                                           ;="190108";190108 - ADMINISTRAÇÃO REGIONAL DE PLANALTINA              ;712312000 - CONTRATOS DE OBRAS                                                    ;026124                                  ;-146971,6
;000001 - TESOURO                                           ;="190108";190108 - ADMINISTRAÇÃO REGIONAL DE PLANALTINA              ;712312000 - CONTRATOS DE OBRAS                                                    ;030750                                  ;-148833,6
;000001 - TESOURO                                           ;="190108";190108 - ADMINISTRAÇÃO REGIONAL DE PLANALTINA              ;812312001 - A LIBERAR                                                             ;025628                                  ;-144599,7
;000001 - TESOURO                                           ;="190108";190108 - ADMINISTRAÇÃO REGIONAL DE PLANALTINA              ;812312001 - A LIBERAR                                                             ;025646                                  ;-146897,76
;000001 - TESOURO                                           ;="190108";190108 - ADMINISTRAÇÃO REGIONAL DE PLANALTINA              ;812312001 - A LIBERAR                                                             ;026097                                  ;-111925,52
;000001 - TESOURO                                           ;="190108";190108 - ADMINISTRAÇÃO REGIONAL DE PLANALTINA              ;812312001 - A LIBERAR                                                             ;026123                                  ;-73000,04
;000001 - TESOURO                                           ;="190108";190108 - ADMINISTRAÇÃO REGIONAL DE PLANALTINA              ;812312001 - A LIBERAR                                                             ;026124                                  ;-146971,6
;000001 - TESOURO                                           ;="190108";190108 - ADMINISTRAÇÃO REGIONAL DE PLANALTINA              ;812312001 - A LIBERAR                                                             ;030750                                  ;-148833,6
;000001 - TESOURO                                           ;="190109";190109 - ADMINISTRAÇÃO REGIONAL DO PARANOÁ                 ;812310201 - A EXECUTAR                                                            ;035720                                  ;-131,39
;000001 - TESOURO                                           ;="190110";190110 - ADMINISTRAÇÃO REGIONAL DO  NÚCLEO BANDEIRANTE     ;712312000 - CONTRATOS DE OBRAS                                                    ;022434                                  ;-2407,66
;000001 - TESOURO                                           ;="190110";190110 - ADMINISTRAÇÃO REGIONAL DO  NÚCLEO BANDEIRANTE     ;712312000 - CONTRATOS DE OBRAS                                                    ;022436                                  ;-146106,96
;000001 - TESOURO                                           ;="190110";190110 - ADMINISTRAÇÃO REGIONAL DO  NÚCLEO BANDEIRANTE     ;712312000 - CONTRATOS DE OBRAS                                                    ;022446                                  ;-147093,9
;000001 - TESOURO                                           ;="190110";190110 - ADMINISTRAÇÃO REGIONAL DO  NÚCLEO BANDEIRANTE     ;712312000 - CONTRATOS DE OBRAS                                                    ;022902                                  ;-93123,3
;000001 - TESOURO                                           ;="190110";190110 - ADMINISTRAÇÃO REGIONAL DO  NÚCLEO BANDEIRANTE     ;712312000 - CONTRATOS DE OBRAS                                                    ;022983                                  ;-53353,24
;000001 - TESOURO                                           ;="190110";190110 - ADMINISTRAÇÃO REGIONAL DO  NÚCLEO BANDEIRANTE     ;712312000 - CONTRATOS DE OBRAS                                                    ;026731                                  ;-144971,02
;000001 - TESOURO                                           ;="190110";190110 - ADMINISTRAÇÃO REGIONAL DO  NÚCLEO BANDEIRANTE     ;712312000 - CONTRATOS DE OBRAS                                                    ;026732                                  ;-145831,74
;000001 - TESOURO                                           ;="190110";190110 - ADMINISTRAÇÃO REGIONAL DO  NÚCLEO BANDEIRANTE     ;712312000 - CONTRATOS DE OBRAS                                                    ;026764                                  ;-147313,87
;000001 - TESOURO                                           ;="190110";190110 - ADMINISTRAÇÃO REGIONAL DO  NÚCLEO BANDEIRANTE     ;812312001 - A LIBERAR                                                             ;022434                                  ;-2407,66
;000001 - TESOURO                                           ;="190110";190110 - ADMINISTRAÇÃO REGIONAL DO  NÚCLEO BANDEIRANTE     ;812312001 - A LIBERAR                                                             ;022436                                  ;-146106,96
;000001 - TESOURO                                           ;="190110";190110 - ADMINISTRAÇÃO REGIONAL DO  NÚCLEO BANDEIRANTE     ;812312001 - A LIBERAR                                                             ;022446                                  ;-147093,9
;000001 - TESOURO                                           ;="190110";190110 - ADMINISTRAÇÃO REGIONAL DO  NÚCLEO BANDEIRANTE     ;812312001 - A LIBERAR                                                             ;022902                                  ;-93123,3
;000001 - TESOURO                                           ;="190110";190110 - ADMINISTRAÇÃO REGIONAL DO  NÚCLEO BANDEIRANTE     ;812312001 - A LIBERAR                                                             ;022983                                  ;-53353,24
;000001 - TESOURO                                           ;="190110";190110 - ADMINISTRAÇÃO REGIONAL DO  NÚCLEO BANDEIRANTE     ;812312001 - A LIBERAR                                                             ;026731                                  ;-144971,02
;000001 - TESOURO                                           ;="190110";190110 - ADMINISTRAÇÃO REGIONAL DO  NÚCLEO BANDEIRANTE     ;812312001 - A LIBERAR                                                             ;026732                                  ;-145831,74
;000001 - TESOURO                                           ;="190110";190110 - ADMINISTRAÇÃO REGIONAL DO  NÚCLEO BANDEIRANTE     ;812312001 - A LIBERAR                                                             ;026764                                  ;-147313,87
;000001 - TESOURO                                           ;="190112";190112 - ADMINISTRAÇÃO REGIONAL DO GUARÁ                   ;712312000 - CONTRATOS DE OBRAS                                                    ;018961                                  ;-0,03
;000001 - TESOURO                                           ;="190112";190112 - ADMINISTRAÇÃO REGIONAL DO GUARÁ                   ;712312000 - CONTRATOS DE OBRAS                                                    ;020309                                  ;-35960,57
;000001 - TESOURO                                           ;="190112";190112 - ADMINISTRAÇÃO REGIONAL DO GUARÁ                   ;712312000 - CONTRATOS DE OBRAS                                                    ;021744                                  ;-85800
;000001 - TESOURO                                           ;="190112";190112 - ADMINISTRAÇÃO REGIONAL DO GUARÁ                   ;712312000 - CONTRATOS DE OBRAS                                                    ;022571                                  ;-165794,72
;000001 - TESOURO                                           ;="190112";190112 - ADMINISTRAÇÃO REGIONAL DO GUARÁ                   ;712312000 - CONTRATOS DE OBRAS                                                    ;023880                                  ;-145112,11
;000001 - TESOURO                                           ;="190112";190112 - ADMINISTRAÇÃO REGIONAL DO GUARÁ                   ;712312000 - CONTRATOS DE OBRAS                                                    ;029627                                  ;-12002,85
;000001 - TESOURO                                           ;="190112";190112 - ADMINISTRAÇÃO REGIONAL DO GUARÁ                   ;812312001 - A LIBERAR                                                             ;018961                                  ;-0,03
;000001 - TESOURO                                           ;="190112";190112 - ADMINISTRAÇÃO REGIONAL DO GUARÁ                   ;812312001 - A LIBERAR                                                             ;020309                                  ;-35960,57
;000001 - TESOURO                                           ;="190112";190112 - ADMINISTRAÇÃO REGIONAL DO GUARÁ                   ;812312001 - A LIBERAR                                                             ;021744                                  ;-85800
;000001 - TESOURO                                           ;="190112";190112 - ADMINISTRAÇÃO REGIONAL DO GUARÁ                   ;812312001 - A LIBERAR                                                             ;022571                                  ;-165794,72
;000001 - TESOURO                                           ;="190112";190112 - ADMINISTRAÇÃO REGIONAL DO GUARÁ                   ;812312001 - A LIBERAR                                                             ;023880                                  ;-145112,11
;000001 - TESOURO                                           ;="190112";190112 - ADMINISTRAÇÃO REGIONAL DO GUARÁ                   ;812312001 - A LIBERAR                                                             ;029627                                  ;-12002,85
;000001 - TESOURO                                           ;="190113";190113 - ADMINISTRAÇÃO REGIONAL DO CRUZEIRO                ;712310200 - CONTRATOS DE SERVIÇOS                                                 ;021640                                  ;-79818,62
;000001 - TESOURO                                           ;="190113";190113 - ADMINISTRAÇÃO REGIONAL DO CRUZEIRO                ;712310200 - CONTRATOS DE SERVIÇOS                                                 ;021673                                  ;-43000
;000001 - TESOURO                                           ;="190113";190113 - ADMINISTRAÇÃO REGIONAL DO CRUZEIRO                ;712310200 - CONTRATOS DE SERVIÇOS                                                 ;021708                                  ;-37000
;000001 - TESOURO                                           ;="190113";190113 - ADMINISTRAÇÃO REGIONAL DO CRUZEIRO                ;712310200 - CONTRATOS DE SERVIÇOS                                                 ;021749                                  ;-10000
;000001 - TESOURO                                           ;="190113";190113 - ADMINISTRAÇÃO REGIONAL DO CRUZEIRO                ;712310200 - CONTRATOS DE SERVIÇOS                                                 ;021778                                  ;-77713,8
;000001 - TESOURO                                           ;="190113";190113 - ADMINISTRAÇÃO REGIONAL DO CRUZEIRO                ;712310200 - CONTRATOS DE SERVIÇOS                                                 ;021859                                  ;-7947,5
;000001 - TESOURO                                           ;="190113";190113 - ADMINISTRAÇÃO REGIONAL DO CRUZEIRO                ;712310200 - CONTRATOS DE SERVIÇOS                                                 ;021917                                  ;-199940
;000001 - TESOURO                                           ;="190113";190113 - ADMINISTRAÇÃO REGIONAL DO CRUZEIRO                ;712310200 - CONTRATOS DE SERVIÇOS                                                 ;021928                                  ;-79990
;000001 - TESOURO                                           ;="190113";190113 - ADMINISTRAÇÃO REGIONAL DO CRUZEIRO                ;712310200 - CONTRATOS DE SERVIÇOS                                                 ;021995                                  ;-79900
;000001 - TESOURO                                           ;="190113";190113 - ADMINISTRAÇÃO REGIONAL DO CRUZEIRO                ;712310200 - CONTRATOS DE SERVIÇOS                                                 ;022082                                  ;-30000
;000001 - TESOURO                                           ;="190113";190113 - ADMINISTRAÇÃO REGIONAL DO CRUZEIRO                ;712310200 - CONTRATOS DE SERVIÇOS                                                 ;022121                                  ;-75000
;000001 - TESOURO                                           ;="190113";190113 - ADMINISTRAÇÃO REGIONAL DO CRUZEIRO                ;712310200 - CONTRATOS DE SERVIÇOS                                                 ;022122                                  ;-25000
;000001 - TESOURO                                           ;="190113";190113 - ADMINISTRAÇÃO REGIONAL DO CRUZEIRO                ;712310200 - CONTRATOS DE SERVIÇOS                                                 ;022123                                  ;-55000
;000001 - TESOURO                                           ;="190113";190113 - ADMINISTRAÇÃO REGIONAL DO CRUZEIRO                ;712310200 - CONTRATOS DE SERVIÇOS                                                 ;022170                                  ;-149980
;000001 - TESOURO                                           ;="190113";190113 - ADMINISTRAÇÃO REGIONAL DO CRUZEIRO                ;712310200 - CONTRATOS DE SERVIÇOS                                                 ;022269                                  ;-100000
;000001 - TESOURO                                           ;="190113";190113 - ADMINISTRAÇÃO REGIONAL DO CRUZEIRO                ;712310200 - CONTRATOS DE SERVIÇOS                                                 ;022331                                  ;-60000
;000001 - TESOURO                                           ;="190113";190113 - ADMINISTRAÇÃO REGIONAL DO CRUZEIRO                ;712310200 - CONTRATOS DE SERVIÇOS                                                 ;022347                                  ;-173000
;000001 - TESOURO                                           ;="190113";190113 - ADMINISTRAÇÃO REGIONAL DO CRUZEIRO                ;712310200 - CONTRATOS DE SERVIÇOS                                                 ;022355                                  ;-79930
;000001 - TESOURO                                           ;="190113";190113 - ADMINISTRAÇÃO REGIONAL DO CRUZEIRO                ;712310200 - CONTRATOS DE SERVIÇOS                                                 ;022367                                  ;-96000
;000001 - TESOURO                                           ;="190113";190113 - ADMINISTRAÇÃO REGIONAL DO CRUZEIRO                ;812310201 - A EXECUTAR                                                            ;021640                                  ;-79818,62
;000001 - TESOURO                                           ;="190113";190113 - ADMINISTRAÇÃO REGIONAL DO CRUZEIRO                ;812310201 - A EXECUTAR                                                            ;021673                                  ;-43000
;000001 - TESOURO                                           ;="190113";190113 - ADMINISTRAÇÃO REGIONAL DO CRUZEIRO                ;812310201 - A EXECUTAR                                                            ;021708                                  ;-37000
;000001 - TESOURO                                           ;="190113";190113 - ADMINISTRAÇÃO REGIONAL DO CRUZEIRO                ;812310201 - A EXECUTAR                                                            ;021749                                  ;-10000
;000001 - TESOURO                                           ;="190113";190113 - ADMINISTRAÇÃO REGIONAL DO CRUZEIRO                ;812310201 - A EXECUTAR                                                            ;021778                                  ;-77713,8
;000001 - TESOURO                                           ;="190113";190113 - ADMINISTRAÇÃO REGIONAL DO CRUZEIRO                ;812310201 - A EXECUTAR                                                            ;021859                                  ;-7947,5
;000001 - TESOURO                                           ;="190113";190113 - ADMINISTRAÇÃO REGIONAL DO CRUZEIRO                ;812310201 - A EXECUTAR                                                            ;021917                                  ;-199940
;000001 - TESOURO                                           ;="190113";190113 - ADMINISTRAÇÃO REGIONAL DO CRUZEIRO                ;812310201 - A EXECUTAR                                                            ;021928                                  ;-79990
;000001 - TESOURO                                           ;="190113";190113 - ADMINISTRAÇÃO REGIONAL DO CRUZEIRO                ;812310201 - A EXECUTAR                                                            ;021995                                  ;-79900
;000001 - TESOURO                                           ;="190113";190113 - ADMINISTRAÇÃO REGIONAL DO CRUZEIRO                ;812310201 - A EXECUTAR                                                            ;022082                                  ;-30000
;000001 - TESOURO                                           ;="190113";190113 - ADMINISTRAÇÃO REGIONAL DO CRUZEIRO                ;812310201 - A EXECUTAR                                                            ;022121                                  ;-75000
;000001 - TESOURO                                           ;="190113";190113 - ADMINISTRAÇÃO REGIONAL DO CRUZEIRO                ;812310201 - A EXECUTAR                                                            ;022122                                  ;-25000
;000001 - TESOURO                                           ;="190113";190113 - ADMINISTRAÇÃO REGIONAL DO CRUZEIRO                ;812310201 - A EXECUTAR                                                            ;022123                                  ;-55000
;000001 - TESOURO                                           ;="190113";190113 - ADMINISTRAÇÃO REGIONAL DO CRUZEIRO                ;812310201 - A EXECUTAR                                                            ;022170                                  ;-149980
;000001 - TESOURO                                           ;="190113";190113 - ADMINISTRAÇÃO REGIONAL DO CRUZEIRO                ;812310201 - A EXECUTAR                                                            ;022269                                  ;-100000
;000001 - TESOURO                                           ;="190113";190113 - ADMINISTRAÇÃO REGIONAL DO CRUZEIRO                ;812310201 - A EXECUTAR                                                            ;022331                                  ;-60000
;000001 - TESOURO                                           ;="190113";190113 - ADMINISTRAÇÃO REGIONAL DO CRUZEIRO                ;812310201 - A EXECUTAR                                                            ;022347                                  ;-173000
;000001 - TESOURO                                           ;="190113";190113 - ADMINISTRAÇÃO REGIONAL DO CRUZEIRO                ;812310201 - A EXECUTAR                                                            ;022355                                  ;-79930
;000001 - TESOURO                                           ;="190113";190113 - ADMINISTRAÇÃO REGIONAL DO CRUZEIRO                ;812310201 - A EXECUTAR                                                            ;022367                                  ;-96000
;000001 - TESOURO                                           ;="190115";190115 - ADMINISTRAÇÃO REGIONAL DE SANTA MARIA             ;712312000 - CONTRATOS DE OBRAS                                                    ;022502                                  ;-2400
;000001 - TESOURO                                           ;="190115";190115 - ADMINISTRAÇÃO REGIONAL DE SANTA MARIA             ;812312001 - A LIBERAR                                                             ;022502                                  ;-2400
;000001 - TESOURO                                           ;="190117";190117 - ADMINISTRAÇÃO REGIONAL DO RECANTO DAS EMAS        ;712312000 - CONTRATOS DE OBRAS                                                    ;028788                                  ;-70753,36
;000001 - TESOURO                                           ;="190117";190117 - ADMINISTRAÇÃO REGIONAL DO RECANTO DAS EMAS        ;712312000 - CONTRATOS DE OBRAS                                                    ;030407                                  ;-143717,12
;000001 - TESOURO                                           ;="190117";190117 - ADMINISTRAÇÃO REGIONAL DO RECANTO DAS EMAS        ;812312001 - A LIBERAR                                                             ;028788                                  ;-70753,36
;000001 - TESOURO                                           ;="190117";190117 - ADMINISTRAÇÃO REGIONAL DO RECANTO DAS EMAS        ;812312001 - A LIBERAR                                                             ;030407                                  ;-143717,12
;000001 - TESOURO                                           ;="190124";190124 - ADMINISTRAÇÃO REGIONAL DO SUDOESTE/OCTOGONAL      ;712312000 - CONTRATOS DE OBRAS                                                    ;021755                                  ;-92013,83
;000001 - TESOURO                                           ;="190124";190124 - ADMINISTRAÇÃO REGIONAL DO SUDOESTE/OCTOGONAL      ;712312000 - CONTRATOS DE OBRAS                                                    ;022307                                  ;-36614,23
;000001 - TESOURO                                           ;="190124";190124 - ADMINISTRAÇÃO REGIONAL DO SUDOESTE/OCTOGONAL      ;712312000 - CONTRATOS DE OBRAS                                                    ;025608                                  ;-118587,3
;000001 - TESOURO                                           ;="190124";190124 - ADMINISTRAÇÃO REGIONAL DO SUDOESTE/OCTOGONAL      ;712312000 - CONTRATOS DE OBRAS                                                    ;026167                                  ;-126571,9
;000001 - TESOURO                                           ;="190124";190124 - ADMINISTRAÇÃO REGIONAL DO SUDOESTE/OCTOGONAL      ;712312000 - CONTRATOS DE OBRAS                                                    ;026779                                  ;-44278,78
;000001 - TESOURO                                           ;="190124";190124 - ADMINISTRAÇÃO REGIONAL DO SUDOESTE/OCTOGONAL      ;812312001 - A LIBERAR                                                             ;021755                                  ;-92013,83
;000001 - TESOURO                                           ;="190124";190124 - ADMINISTRAÇÃO REGIONAL DO SUDOESTE/OCTOGONAL      ;812312001 - A LIBERAR                                                             ;022307                                  ;-36614,23
;000001 - TESOURO                                           ;="190124";190124 - ADMINISTRAÇÃO REGIONAL DO SUDOESTE/OCTOGONAL      ;812312001 - A LIBERAR                                                             ;025608                                  ;-118587,3
;000001 - TESOURO                                           ;="190124";190124 - ADMINISTRAÇÃO REGIONAL DO SUDOESTE/OCTOGONAL      ;812312001 - A LIBERAR                                                             ;026167                                  ;-126571,9
;000001 - TESOURO                                           ;="190124";190124 - ADMINISTRAÇÃO REGIONAL DO SUDOESTE/OCTOGONAL      ;812312001 - A LIBERAR                                                             ;026779                                  ;-44278,78
;000001 - TESOURO                                           ;="190125";190125 - ADMINISTRAÇÃO REGIONAL DO VARJÃO                  ;712310200 - CONTRATOS DE SERVIÇOS                                                 ;029944                                  ;-6896,07
;000001 - TESOURO                                           ;="190125";190125 - ADMINISTRAÇÃO REGIONAL DO VARJÃO                  ;712310200 - CONTRATOS DE SERVIÇOS                                                 ;030050                                  ;-7465,53
;000001 - TESOURO                                           ;="190125";190125 - ADMINISTRAÇÃO REGIONAL DO VARJÃO                  ;712310200 - CONTRATOS DE SERVIÇOS                                                 ;030715                                  ;-13820,65
;000001 - TESOURO                                           ;="190125";190125 - ADMINISTRAÇÃO REGIONAL DO VARJÃO                  ;712310200 - CONTRATOS DE SERVIÇOS                                                 ;030781                                  ;-14678,46
;000001 - TESOURO                                           ;="190125";190125 - ADMINISTRAÇÃO REGIONAL DO VARJÃO                  ;712310200 - CONTRATOS DE SERVIÇOS                                                 ;030820                                  ;-14644,62
;000001 - TESOURO                                           ;="190125";190125 - ADMINISTRAÇÃO REGIONAL DO VARJÃO                  ;812310201 - A EXECUTAR                                                            ;029944                                  ;-6896,07
;000001 - TESOURO                                           ;="190125";190125 - ADMINISTRAÇÃO REGIONAL DO VARJÃO                  ;812310201 - A EXECUTAR                                                            ;030050                                  ;-7465,53
;000001 - TESOURO                                           ;="190125";190125 - ADMINISTRAÇÃO REGIONAL DO VARJÃO                  ;812310201 - A EXECUTAR                                                            ;030715                                  ;-13820,65
;000001 - TESOURO                                           ;="190125";190125 - ADMINISTRAÇÃO REGIONAL DO VARJÃO                  ;812310201 - A EXECUTAR                                                            ;030781                                  ;-14678,46
;000001 - TESOURO                                           ;="190125";190125 - ADMINISTRAÇÃO REGIONAL DO VARJÃO                  ;812310201 - A EXECUTAR                                                            ;030820                                  ;-14644,62
;000001 - TESOURO                                           ;="190127";190127 - ADMINISTRAÇÃO REGIONAL  SETOR COMPL. IND. E ABAST.;811911498 - BENS DE USO COMUM DO POVO A CLASSIFICAR                               ;@                                       ;-58992,27
;019219 - INSTITUTO DE PESQUISA E ESTATÍSTICA DO DF         ;="190219";190219 - INSTITUTO DE PESQUISA E ESTATÍSTICA DO DF         ;812310201 - A EXECUTAR                                                            ;047423                                  ;-26456,25
;000001 - TESOURO                                           ;="200101";200101 - SECRETARIA DE EST.DE TRANSPORTE E MOBILIDADE DO DF;113410103 - CRÉDITOS A RECEBER DECORRENTES DE DOLO, MÁ-FÉ OU FRAUDE               ;202005356984103                         ;-2,38
;000001 - TESOURO                                           ;="200101";200101 - SECRETARIA DE EST.DE TRANSPORTE E MOBILIDADE DO DF;113410103 - CRÉDITOS A RECEBER DECORRENTES DE DOLO, MÁ-FÉ OU FRAUDE               ;202108253356552                         ;-87,05
;000001 - TESOURO                                           ;="200101";200101 - SECRETARIA DE EST.DE TRANSPORTE E MOBILIDADE DO DF;113410103 - CRÉDITOS A RECEBER DECORRENTES DE DOLO, MÁ-FÉ OU FRAUDE               ;202208253356552                         ;-379,41
;000001 - TESOURO                                           ;="200101";200101 - SECRETARIA DE EST.DE TRANSPORTE E MOBILIDADE DO DF;113410103 - CRÉDITOS A RECEBER DECORRENTES DE DOLO, MÁ-FÉ OU FRAUDE               ;202302399265106                         ;-123,66
;000001 - TESOURO                                           ;="200101";200101 - SECRETARIA DE EST.DE TRANSPORTE E MOBILIDADE DO DF;113410103 - CRÉDITOS A RECEBER DECORRENTES DE DOLO, MÁ-FÉ OU FRAUDE               ;202307670740175                         ;-0,07
;000001 - TESOURO                                           ;="200101";200101 - SECRETARIA DE EST.DE TRANSPORTE E MOBILIDADE DO DF;113410103 - CRÉDITOS A RECEBER DECORRENTES DE DOLO, MÁ-FÉ OU FRAUDE               ;202308253356552                         ;-206,44
;020202 - DEPARTAMENTO DE ESTRADAS DE RODAGEM DO DF         ;="200202";200202 - DEPTO DE ESTRADAS E RODAGEM DO DF - DER/DF        ;711913600 - SUPRIMENTO DE FUNDOS                                                  ;000005807                               ;-2400
;020202 - DEPARTAMENTO DE ESTRADAS DE RODAGEM DO DF         ;="200202";200202 - DEPTO DE ESTRADAS E RODAGEM DO DF - DER/DF        ;811913605 - A COMPROVAR                                                           ;000005807                               ;-2400
;000001 - TESOURO                                           ;="210101";210101 - SECRETARIA DE AGRIC. ABASTECIMENTO E DESENV RURAL ;811210108 - (-) VALORES DEVOLVIDOS AO GDF                                         ;020649                                  ;-317722,55
;021203 - EMPRESA DE ASSIST. TEC. E EXTENSAO RURAL          ;="210203";210203 - EMPRESA DE ASSIST. TÉC. E EXT. RURAL DO DF-EMATER ;721191001 - TRANSFERÊNCIA DISPONIBILIDADE CONTRA PARTIDA                          ;300008003008003                         ;-738,87
;021203 - EMPRESA DE ASSIST. TEC. E EXTENSAO RURAL          ;="210203";210203 - EMPRESA DE ASSIST. TÉC. E EXT. RURAL DO DF-EMATER ;721191001 - TRANSFERÊNCIA DISPONIBILIDADE CONTRA PARTIDA                          ;417000000007115                         ;-15000
;021203 - EMPRESA DE ASSIST. TEC. E EXTENSAO RURAL          ;="210203";210203 - EMPRESA DE ASSIST. TÉC. E EXT. RURAL DO DF-EMATER ;721191001 - TRANSFERÊNCIA DISPONIBILIDADE CONTRA PARTIDA                          ;417000000007253                         ;-20603,1
;021203 - EMPRESA DE ASSIST. TEC. E EXTENSAO RURAL          ;="210203";210203 - EMPRESA DE ASSIST. TÉC. E EXT. RURAL DO DF-EMATER ;821130300 - COMPROMETIDA POR ENTRADAS COMPENSATÓRIAS                              ;300000000                               ;-232890,18
;022201 - DEPARTAMENTO DE TRANSITO DO DF                    ;="220201";220201 - DEPARTAMENTO DE TRÂNSITO DO DF - DETRAN-DF        ;622130100 - CRÉDITO EMPENHADO A LIQUIDAR                                          ;="1242010612262032619000822000000033903963";-90184,82
;022201 - DEPARTAMENTO DE TRANSITO DO DF                    ;="220201";220201 - DEPARTAMENTO DE TRÂNSITO DO DF - DETRAN-DF        ;622530100 - CRÉDITO EMPENHADO A LIQUIDAR                                          ;124201061226203261900080220099999339039 ;-90184,82
;022201 - DEPARTAMENTO DE TRANSITO DO DF                    ;="220201";220201 - DEPARTAMENTO DE TRÂNSITO DO DF - DETRAN-DF        ;622920101 - EMPENHOS A LIQUIDAR                                                   ;2026NE00532                             ;-90184,82
;022201 - DEPARTAMENTO DE TRANSITO DO DF                    ;="220201";220201 - DEPARTAMENTO DE TRÂNSITO DO DF - DETRAN-DF        ;622920701 - EMPENHOS A LIQUIDAR - NE + NATUREZA DA DESPESA                        ;2026NE0053233903963                     ;-90184,82
;022202 - FUNDACAO DE AMPARO AO TRABALHOR PRESO             ;="220202";220202 - FUNDAÇÃO DE AMPARO AO TRABALHADOR PRESO - FUNAP   ;218915300 - PESSOA FÍSICA - SEM VINCULO EMPREGATICIO (P)                          ;202606449757175                         ;-390
;028209 - COMPANHIA DE DESENV. HABITACIONAL DO DF - CODHAB  ;="280209";280209 - COMPANHIA DE DESENV. DA HABITAÇÃO  DO DF - CODHAB ;113110200 - SUPRIMENTO DE FUNDOS                                                  ;07322798104                             ;-360
;032203 - INSTITUTO DE PREV. DOS SERVIDORES DO DF - IPREV/DF;="320203";320203 - FUNDO FINANCEIRO DE PREVIDÊNCIA DO DF             ;622110000 - CRÉDITO DISPONÍVEL                                                    ;21921209122820385170137280000000449052  ;-300000
;032203 - INSTITUTO DE PREV. DOS SERVIDORES DO DF - IPREV/DF;="320203";320203 - FUNDO FINANCEIRO DE PREVIDÊNCIA DO DF             ;622510000 - CRÉDITO DISPONÍVEL                                                    ;219212091228203851701370280099999449052 ;-300000
;032203 - INSTITUTO DE PREV. DOS SERVIDORES DO DF - IPREV/DF;="320203";320203 - FUNDO FINANCEIRO DE PREVIDÊNCIA DO DF             ;723110100 - LIMITE ORÇAMENTÁRIO AUTORIZADO                                        ;192122800000004                         ;-300000
;032203 - INSTITUTO DE PREV. DOS SERVIDORES DO DF - IPREV/DF;="320203";320203 - FUNDO FINANCEIRO DE PREVIDÊNCIA DO DF             ;823210300 - COTA DE DESPESA DISPONÍVEL A EMPENHAR                                 ;192122800000004                         ;-300000
;000001 - TESOURO                                           ;="520101";520101 - SECRETARIA DE EST. DE DEFESA CIVIL DO DF          ;711914000 - CONTROLE DE ESTOQUE INTERNO - ALMOXARIFADO                            ;999                                     ;-10,68
;000001 - TESOURO                                           ;="520101";520101 - SECRETARIA DE EST. DE DEFESA CIVIL DO DF          ;811914001 - ENTRADA NO ALMOXARIFADO                                               ;999                                     ;-10,68
;000001 - TESOURO                                           ;="530101";530101 - SEC. DE EST. DE MICRO E PEQ. EMP. E ECON. SOL. DF ;712310200 - CONTRATOS DE SERVIÇOS                                                 ;023970                                  ;-120,08
;000001 - TESOURO                                           ;="530101";530101 - SEC. DE EST. DE MICRO E PEQ. EMP. E ECON. SOL. DF ;712310200 - CONTRATOS DE SERVIÇOS                                                 ;030156                                  ;-11984,06
;000001 - TESOURO                                           ;="530101";530101 - SEC. DE EST. DE MICRO E PEQ. EMP. E ECON. SOL. DF ;712310200 - CONTRATOS DE SERVIÇOS                                                 ;030356                                  ;-4600,06
;000001 - TESOURO                                           ;="530101";530101 - SEC. DE EST. DE MICRO E PEQ. EMP. E ECON. SOL. DF ;812310201 - A EXECUTAR                                                            ;023970                                  ;-120,08
;000001 - TESOURO                                           ;="530101";530101 - SEC. DE EST. DE MICRO E PEQ. EMP. E ECON. SOL. DF ;812310201 - A EXECUTAR                                                            ;030156                                  ;-11984,06
;000001 - TESOURO                                           ;="530101";530101 - SEC. DE EST. DE MICRO E PEQ. EMP. E ECON. SOL. DF ;812310201 - A EXECUTAR                                                            ;030356                                  ;-4600,06
;000001 - TESOURO                                           ;="650101";650101 - SECRETARIA DE ESTADO DE CIÊNCIA, TECNOLOGIA E INOV;812310201 - A EXECUTAR                                                            ;052689                                  ;-53001,44
;000001 - TESOURO                                           ;="650101";650101 - SECRETARIA DE ESTADO DE CIÊNCIA, TECNOLOGIA E INOV;812310301 - A EXECUTAR                                                            ;051875                                  ;-12164,44